999
NOME MAPPA: F158_012400
999
TIPO DI CATASTO: NAZIONALE
999
ENTE PRODUTTORE: UFFICIO DEL TERRITORIO DI ME
999
DATA DI PRODUZIONE: 20260920
999
SCALA ORIGINALE: 1000
  0
SECTION
  2
TABLES
  0
TABLE
  2
LTYPE
 70
 8
  0
LTYPE
  2
CONTINUA
 70
64
  3
Linea continua
 72
65
 73
0
 40
       0.000
  0
LTYPE
  2
INTERNA
 70
64
  3
Bordo di isola
 72
65
 73
0
 40
       0.000
  0
LTYPE
  2
TRATTEGGIATA2
 70
64
  3
- - - - - - - -
 72
65
 73
2
 40
       0.300
 49
       0.150
 49
      -0.150
  0
LTYPE
  2
TRATTO-PUNTO
 70
64
  3
- . - . - . -
 72
65
 73
4
 40
       0.400
 49
       0.150
 49
      -0.125
 49
       0.000
 49
      -0.125
  0
LTYPE
  2
FRECCETTA
 70
64
  3
spostamento di codice
 72
65
 73
1
 40
       1.000
 49
      -1.000
  0
LTYPE
  2
TRATTEGGIATA5
 70
64
  3
- - - - - - - -
 72
65
 73
2
 40
       0.300
 49
       0.150
 49
      -0.150
  0
LTYPE
  2
PUNTEGGIATA
 70
64
  3
. . . . . . . .
 72
65
 73
2
 40
       0.150
 49
       0.025
 49
      -0.125
  0
LTYPE
  2
CORNICE
 70
64
  3
Cornice
 72
65
 73
0
 40
       0.000
  0
ENDTAB
  0
TABLE
  2
LAYER
 70
12
  0
LAYER
  2
0
 70
0
 62
7
  6
CONTINUA
  0
LAYER
  2
FABBRICATI
 70
0
 62
1
  6
CONTINUA
  0
LAYER
  2
PARTICELLE
 70
0
 62
7
  6
CONTINUA
  0
LAYER
  2
STRADE
 70
0
 62
8
  6
CONTINUA
  0
LAYER
  2
ACQUE
 70
0
 62
4
  6
CONTINUA
  0
LAYER
  2
CONFINE
 70
0
 62
3
  6
CONTINUA
  0
LAYER
  2
LINEEVARIE
 70
0
 62
6
  6
CONTINUA
  0
LAYER
  2
SIMBOLI
 70
0
 62
6
  6
CONTINUA
  0
LAYER
  2
TESTI
 70
0
 62
3
  6
CONTINUA
  0
LAYER
  2
FIDUCIALI
 70
0
 62
5
  6
CONTINUA
  0
LAYER
  2
CENTROIDI
 70
0
 62
7
  6
CONTINUA
  0
LAYER
  2
RILIEVI
 70
0
 62
5
  6
CONTINUA
  0
ENDTAB
  0
ENDSEC
  0
SECTION
  2
BLOCKS
  0
BLOCK
  8
SIMBOLI
  2
1
 70
64
  3
1
 10
       2.500
 20
       2.500
 30
0.0
  0
LINE
  8
SIMBOLI
 10
       1.000
 20
       2.500
 30
0.0
 11
       4.000
 21
       2.500
 31
0.0
  0
LINE
  8
SIMBOLI
 10
       2.500
 20
       1.000
 30
0.0
 11
       2.500
 21
       4.000
 31
0.0
  0
ENDBLK
  0
BLOCK
  8
SIMBOLI
  2
2
 70
64
  3
2
 10
       1.000
 20
       2.500
 30
0.0
  0
LINE
  8
SIMBOLI
 10
       1.000
 20
       2.500
 30
0.0
 11
       3.000
 21
       2.500
 31
0.0
  0
LINE
  8
SIMBOLI
 10
       3.000
 20
       2.500
 30
0.0
 11
       4.000
 21
       3.500
 31
0.0
  0
LINE
  8
SIMBOLI
 10
       3.000
 20
       2.500
 30
0.0
 11
       4.000
 21
       1.500
 31
0.0
  0
LINE
  8
SIMBOLI
 10
       4.000
 20
       1.500
 30
0.0
 11
       4.000
 21
       3.500
 31
0.0
  0
ENDBLK
  0
BLOCK
  8
SIMBOLI
  2
3
 70
64
  3
3
 10
       2.500
 20
       2.500
 30
0.0
  0
LINE
  8
SIMBOLI
 10
       2.500
 20
       0.000
 30
0.0
 11
       2.500
 21
       5.000
 31
0.0
  0
LINE
  8
SIMBOLI
 10
       0.000
 20
       2.500
 30
0.0
 11
       5.000
 21
       2.500
 31
0.0
  0
ENDBLK
  0
BLOCK
  8
SIMBOLI
  2
4
 70
64
  3
4
 10
       2.500
 20
       2.500
 30
0.0
  0
LINE
  8
SIMBOLI
 10
       0.000
 20
       1.500
 30
0.0
 11
       1.000
 21
       2.500
 31
0.0
  0
LINE
  8
SIMBOLI
 10
       0.000
 20
       3.500
 30
0.0
 11
       1.000
 21
       2.500
 31
0.0
  0
LINE
  8
SIMBOLI
 10
       1.000
 20
       2.500
 30
0.0
 11
       4.000
 21
       2.500
 31
0.0
  0
LINE
  8
SIMBOLI
 10
       4.000
 20
       2.500
 30
0.0
 11
       5.000
 21
       3.500
 31
0.0
  0
LINE
  8
SIMBOLI
 10
       4.000
 20
       2.500
 30
0.0
 11
       5.000
 21
       1.500
 31
0.0
  0
ENDBLK
  0
BLOCK
  8
SIMBOLI
  2
5
 70
64
  3
5
 10
       4.500
 20
       2.500
 30
0.0
  0
LINE
  8
SIMBOLI
 10
       0.500
 20
       2.500
 30
0.0
 11
       4.500
 21
       2.500
 31
0.0
  0
LINE
  8
SIMBOLI
 10
       3.500
 20
       3.000
 30
0.0
 11
       4.500
 21
       2.500
 31
0.0
  0
LINE
  8
SIMBOLI
 10
       3.500
 20
       2.000
 30
0.0
 11
       4.500
 21
       2.500
 31
0.0
  0
ENDBLK
  0
BLOCK
  8
SIMBOLI
  2
6
 70
64
  3
6
 10
       4.000
 20
       2.500
 30
0.0
  0
LINE
  8
SIMBOLI
 10
       1.000
 20
       2.500
 30
0.0
 11
       4.000
 21
       2.500
 31
0.0
  0
LINE
  8
SIMBOLI
 10
       3.000
 20
       3.000
 30
0.0
 11
       4.000
 21
       2.500
 31
0.0
  0
LINE
  8
SIMBOLI
 10
       3.000
 20
       2.000
 30
0.0
 11
       4.000
 21
       2.500
 31
0.0
  0
ENDBLK
  0
BLOCK
  8
SIMBOLI
  2
7
 70
64
  3
7
 10
       3.500
 20
       2.500
 30
0.0
  0
LINE
  8
SIMBOLI
 10
       1.500
 20
       2.500
 30
0.0
 11
       3.500
 21
       2.500
 31
0.0
  0
LINE
  8
SIMBOLI
 10
       2.500
 20
       3.000
 30
0.0
 11
       3.500
 21
       2.500
 31
0.0
  0
LINE
  8
SIMBOLI
 10
       2.500
 20
       2.000
 30
0.0
 11
       3.500
 21
       2.500
 31
0.0
  0
ENDBLK
  0
BLOCK
  8
SIMBOLI
  2
8
 70
64
  3
8
 10
       2.500
 20
       2.500
 30
0.0
  0
LINE
  8
SIMBOLI
 10
       0.500
 20
       1.500
 30
0.0
 11
       4.500
 21
       1.500
 31
0.0
  0
LINE
  8
SIMBOLI
 10
       0.500
 20
       1.500
 30
0.0
 11
       2.500
 21
       4.500
 31
0.0
  0
LINE
  8
SIMBOLI
 10
       4.500
 20
       1.500
 30
0.0
 11
       2.500
 21
       4.500
 31
0.0
  0
POINT
  8
SIMBOLI
 10
       2.500
 20
       2.500
 30
0.0
  0
ENDBLK
  0
BLOCK
  8
SIMBOLI
  2
9
 70
64
  3
9
 10
       2.500
 20
       2.500
 30
0.0
  0
LINE
  8
SIMBOLI
 10
       1.000
 20
       2.500
 30
0.0
 11
       2.000
 21
       3.000
 31
0.0
  0
LINE
  8
SIMBOLI
 10
       2.000
 20
       3.000
 30
0.0
 11
       3.000
 21
       2.000
 31
0.0
  0
LINE
  8
SIMBOLI
 10
       3.000
 20
       2.000
 30
0.0
 11
       4.000
 21
       2.500
 31
0.0
  0
ENDBLK
  0
BLOCK
  8
SIMBOLI
  2
10
 70
64
  3
10
 10
       2.500
 20
       2.500
 30
0.0
  0
LINE
  8
SIMBOLI
 10
       1.000
 20
       2.500
 30
0.0
 11
       2.500
 21
       1.000
 31
0.0
  0
LINE
  8
SIMBOLI
 10
       2.500
 20
       1.000
 30
0.0
 11
       4.000
 21
       2.500
 31
0.0
  0
LINE
  8
SIMBOLI
 10
       2.500
 20
       1.000
 30
0.0
 11
       2.500
 21
       3.500
 31
0.0
  0
LINE
  8
SIMBOLI
 10
       1.500
 20
       3.500
 30
0.0
 11
       3.500
 21
       3.500
 31
0.0
  0
CIRCLE
  8
SIMBOLI
 10
       2.500
 20
       4.000
 30
0.0
 40
       0.500
  0
ENDBLK
  0
BLOCK
  8
SIMBOLI
  2
11
 70
64
  3
11
 10
       0.000
 20
       2.500
 30
0.0
  0
LINE
  8
SIMBOLI
 10
       0.000
 20
       2.500
 30
0.0
 11
       3.000
 21
       2.500
 31
0.0
  0
LINE
  8
SIMBOLI
 10
       3.000
 20
       2.500
 30
0.0
 11
       4.000
 21
       3.500
 31
0.0
  0
LINE
  8
SIMBOLI
 10
       3.000
 20
       2.500
 30
0.0
 11
       4.000
 21
       1.500
 31
0.0
  0
LINE
  8
SIMBOLI
 10
       4.000
 20
       1.500
 30
0.0
 11
       5.000
 21
       2.500
 31
0.0
  0
LINE
  8
SIMBOLI
 10
       4.000
 20
       3.500
 30
0.0
 11
       5.000
 21
       2.500
 31
0.0
  0
ENDBLK
  0
BLOCK
  8
SIMBOLI
  2
12
 70
64
  3
12
 10
       0.000
 20
       0.000
 30
0.0
  0
ENDBLK
  0
BLOCK
  8
SIMBOLI
  2
13
 70
64
  3
13
 10
       2.500
 20
       2.500
 30
0.0
  0
LINE
  8
SIMBOLI
 10
       1.500
 20
       2.500
 30
0.0
 11
       3.500
 21
       2.500
 31
0.0
  0
LINE
  8
SIMBOLI
 10
       2.500
 20
       1.500
 30
0.0
 11
       2.500
 21
       3.500
 31
0.0
  0
LINE
  8
SIMBOLI
 10
       0.000
 20
       1.000
 30
0.0
 11
       0.000
 21
       4.000
 31
0.0
  0
LINE
  8
SIMBOLI
 10
       0.000
 20
       1.000
 30
0.0
 11
       1.500
 21
       2.500
 31
0.0
  0
LINE
  8
SIMBOLI
 10
       0.000
 20
       4.000
 30
0.0
 11
       1.500
 21
       2.500
 31
0.0
  0
LINE
  8
SIMBOLI
 10
       1.000
 20
       5.000
 30
0.0
 11
       4.000
 21
       5.000
 31
0.0
  0
LINE
  8
SIMBOLI
 10
       1.000
 20
       5.000
 30
0.0
 11
       2.500
 21
       3.500
 31
0.0
  0
LINE
  8
SIMBOLI
 10
       4.000
 20
       5.000
 30
0.0
 11
       2.500
 21
       3.500
 31
0.0
  0
LINE
  8
SIMBOLI
 10
       3.500
 20
       2.500
 30
0.0
 11
       5.000
 21
       4.000
 31
0.0
  0
LINE
  8
SIMBOLI
 10
       3.500
 20
       2.500
 30
0.0
 11
       5.000
 21
       1.000
 31
0.0
  0
LINE
  8
SIMBOLI
 10
       5.000
 20
       1.000
 30
0.0
 11
       5.000
 21
       4.000
 31
0.0
  0
LINE
  8
SIMBOLI
 10
       2.500
 20
       1.500
 30
0.0
 11
       1.000
 21
       0.000
 31
0.0
  0
LINE
  8
SIMBOLI
 10
       2.500
 20
       1.500
 30
0.0
 11
       4.000
 21
       0.000
 31
0.0
  0
LINE
  8
SIMBOLI
 10
       1.000
 20
       0.000
 30
0.0
 11
       4.000
 21
       0.000
 31
0.0
  0
ENDBLK
  0
BLOCK
  8
SIMBOLI
  2
14
 70
64
  3
14
 10
       2.500
 20
       2.500
 30
0.0
  0
LINE
  8
SIMBOLI
 10
       0.000
 20
       2.500
 30
0.0
 11
       1.500
 21
       3.500
 31
0.0
  0
LINE
  8
SIMBOLI
 10
       1.500
 20
       3.500
 30
0.0
 11
       3.500
 21
       1.500
 31
0.0
  0
LINE
  8
SIMBOLI
 10
       3.500
 20
       1.500
 30
0.0
 11
       5.000
 21
       2.500
 31
0.0
  0
ENDBLK
  0
BLOCK
  8
SIMBOLI
  2
15
 70
64
  3
15
 10
       2.500
 20
       2.500
 30
0.0
  0
LINE
  8
SIMBOLI
 10
       2.000
 20
       2.000
 30
0.0
 11
       2.000
 21
       3.000
 31
0.0
  0
LINE
  8
SIMBOLI
 10
       3.000
 20
       2.000
 30
0.0
 11
       3.000
 21
       3.000
 31
0.0
  0
ENDBLK
  0
BLOCK
  8
SIMBOLI
  2
16
 70
64
  3
16
 10
       2.500
 20
       2.500
 30
0.0
  0
LINE
  8
SIMBOLI
 10
       2.000
 20
       1.000
 30
0.0
 11
       2.000
 21
       4.000
 31
0.0
  0
LINE
  8
SIMBOLI
 10
       3.000
 20
       1.000
 30
0.0
 11
       3.000
 21
       4.000
 31
0.0
  0
ENDBLK
  0
BLOCK
  8
SIMBOLI
  2
17
 70
64
  3
17
 10
       0.000
 20
       0.000
 30
0.0
  0
ENDBLK
  0
BLOCK
  8
SIMBOLI
  2
18
 70
64
  3
18
 10
       0.000
 20
       0.000
 30
0.0
  0
ENDBLK
  0
BLOCK
  8
SIMBOLI
  2
19
 70
64
  3
19
 10
       0.000
 20
       0.000
 30
0.0
  0
ENDBLK
  0
BLOCK
  8
SIMBOLI
  2
20
 70
64
  3
20
 10
       2.500
 20
       2.500
 30
0.0
  0
POINT
  8
SIMBOLI
 10
       2.500
 20
       2.500
 30
0.0
  0
CIRCLE
  8
SIMBOLI
 10
       2.500
 20
       2.500
 30
0.0
 40
       2.000
  0
ENDBLK
  0
ENDSEC
  0
SECTION
  2
ENTITIES
  0
TEXT
  8
CONFINE
 62
7
 10
   49062.804
 20
   46323.561
 30
0.0
 40
       1.200
  1
F158_012400
 50
       0.000
  0
POLYLINE
  8
CONFINE
 66
1
 10
0.0
 20
0.0
 30
0.0
 70
1
  0
VERTEX
  8
CONFINE
 10
   49254.430
 20
   46280.414
 30
0.0
  0
VERTEX
  8
CONFINE
 10
   49256.142
 20
   46284.996
 30
0.0
  0
VERTEX
  8
CONFINE
 10
   49252.486
 20
   46285.992
 30
0.0
  0
VERTEX
  8
CONFINE
 10
   49254.299
 20
   46291.601
 30
0.0
  0
VERTEX
  8
CONFINE
 10
   49256.969
 20
   46299.868
 30
0.0
  0
VERTEX
  8
CONFINE
 10
   49257.397
 20
   46300.910
 30
0.0
  0
VERTEX
  8
CONFINE
 10
   49255.751
 20
   46301.245
 30
0.0
  0
VERTEX
  8
CONFINE
 10
   49255.210
 20
   46303.119
 30
0.0
  0
VERTEX
  8
CONFINE
 10
   49254.109
 20
   46306.117
 30
0.0
  0
VERTEX
  8
CONFINE
 10
   49253.566
 20
   46307.616
 30
0.0
  0
VERTEX
  8
CONFINE
 10
   49252.953
 20
   46308.949
 30
0.0
  0
VERTEX
  8
CONFINE
 10
   49251.144
 20
   46312.109
 30
0.0
  0
VERTEX
  8
CONFINE
 10
   49249.535
 20
   46314.225
 30
0.0
  0
VERTEX
  8
CONFINE
 10
   49249.006
 20
   46314.886
 30
0.0
  0
VERTEX
  8
CONFINE
 10
   49246.837
 20
   46317.587
 30
0.0
  0
VERTEX
  8
CONFINE
 10
   49240.618
 20
   46323.258
 30
0.0
  0
VERTEX
  8
CONFINE
 10
   49237.846
 20
   46325.075
 30
0.0
  0
VERTEX
  8
CONFINE
 10
   49231.101
 20
   46329.437
 30
0.0
  0
VERTEX
  8
CONFINE
 10
   49224.086
 20
   46334.297
 30
0.0
  0
VERTEX
  8
CONFINE
 10
   49219.107
 20
   46337.451
 30
0.0
  0
VERTEX
  8
CONFINE
 10
   49209.040
 20
   46344.012
 30
0.0
  0
VERTEX
  8
CONFINE
 10
   49208.805
 20
   46344.164
 30
0.0
  0
VERTEX
  8
CONFINE
 10
   49208.151
 20
   46344.592
 30
0.0
  0
VERTEX
  8
CONFINE
 10
   49203.758
 20
   46347.364
 30
0.0
  0
VERTEX
  8
CONFINE
 10
   49198.247
 20
   46350.894
 30
0.0
  0
VERTEX
  8
CONFINE
 10
   49197.441
 20
   46351.410
 30
0.0
  0
VERTEX
  8
CONFINE
 10
   49190.588
 20
   46355.853
 30
0.0
  0
VERTEX
  8
CONFINE
 10
   49187.315
 20
   46357.976
 30
0.0
  0
VERTEX
  8
CONFINE
 10
   49180.888
 20
   46362.144
 30
0.0
  0
VERTEX
  8
CONFINE
 10
   49180.479
 20
   46362.423
 30
0.0
  0
VERTEX
  8
CONFINE
 10
   49172.674
 20
   46367.450
 30
0.0
  0
VERTEX
  8
CONFINE
 10
   49171.800
 20
   46368.013
 30
0.0
  0
VERTEX
  8
CONFINE
 10
   49146.250
 20
   46384.754
 30
0.0
  0
VERTEX
  8
CONFINE
 10
   49132.195
 20
   46394.166
 30
0.0
  0
VERTEX
  8
CONFINE
 10
   49125.839
 20
   46398.476
 30
0.0
  0
VERTEX
  8
CONFINE
 10
   49118.822
 20
   46402.990
 30
0.0
  0
VERTEX
  8
CONFINE
 10
   49117.803
 20
   46403.770
 30
0.0
  0
VERTEX
  8
CONFINE
 10
   49092.799
 20
   46419.681
 30
0.0
  0
VERTEX
  8
CONFINE
 10
   49080.406
 20
   46427.495
 30
0.0
  0
VERTEX
  8
CONFINE
 10
   49080.195
 20
   46427.626
 30
0.0
  0
VERTEX
  8
CONFINE
 10
   49076.476
 20
   46429.950
 30
0.0
  0
VERTEX
  8
CONFINE
 10
   49072.066
 20
   46432.705
 30
0.0
  0
VERTEX
  8
CONFINE
 10
   49071.791
 20
   46432.877
 30
0.0
  0
VERTEX
  8
CONFINE
 10
   49069.638
 20
   46434.409
 30
0.0
  0
VERTEX
  8
CONFINE
 10
   49065.464
 20
   46437.137
 30
0.0
  0
VERTEX
  8
CONFINE
 10
   49057.922
 20
   46442.258
 30
0.0
  0
VERTEX
  8
CONFINE
 10
   49048.235
 20
   46448.910
 30
0.0
  0
VERTEX
  8
CONFINE
 10
   49044.707
 20
   46451.260
 30
0.0
  0
VERTEX
  8
CONFINE
 10
   49043.828
 20
   46451.845
 30
0.0
  0
VERTEX
  8
CONFINE
 10
   49029.359
 20
   46461.489
 30
0.0
  0
VERTEX
  8
CONFINE
 10
   49023.834
 20
   46465.157
 30
0.0
  0
VERTEX
  8
CONFINE
 10
   49022.447
 20
   46466.081
 30
0.0
  0
VERTEX
  8
CONFINE
 10
   49020.506
 20
   46466.030
 30
0.0
  0
VERTEX
  8
CONFINE
 10
   49019.558
 20
   46466.099
 30
0.0
  0
VERTEX
  8
CONFINE
 10
   49017.552
 20
   46466.384
 30
0.0
  0
VERTEX
  8
CONFINE
 10
   49008.351
 20
   46471.826
 30
0.0
  0
VERTEX
  8
CONFINE
 10
   49007.222
 20
   46472.573
 30
0.0
  0
VERTEX
  8
CONFINE
 10
   49001.536
 20
   46476.323
 30
0.0
  0
VERTEX
  8
CONFINE
 10
   49000.651
 20
   46475.548
 30
0.0
  0
VERTEX
  8
CONFINE
 10
   48995.256
 20
   46479.272
 30
0.0
  0
VERTEX
  8
CONFINE
 10
   48995.767
 20
   46480.087
 30
0.0
  0
VERTEX
  8
CONFINE
 10
   48997.254
 20
   46482.018
 30
0.0
  0
VERTEX
  8
CONFINE
 10
   48994.508
 20
   46483.890
 30
0.0
  0
VERTEX
  8
CONFINE
 10
   48992.127
 20
   46481.256
 30
0.0
  0
VERTEX
  8
CONFINE
 10
   48987.003
 20
   46484.733
 30
0.0
  0
VERTEX
  8
CONFINE
 10
   48987.508
 20
   46485.891
 30
0.0
  0
VERTEX
  8
CONFINE
 10
   48980.488
 20
   46490.460
 30
0.0
  0
VERTEX
  8
CONFINE
 10
   48979.889
 20
   46489.509
 30
0.0
  0
VERTEX
  8
CONFINE
 10
   48973.050
 20
   46495.418
 30
0.0
  0
VERTEX
  8
CONFINE
 10
   48972.613
 20
   46496.058
 30
0.0
  0
VERTEX
  8
CONFINE
 10
   48972.100
 20
   46497.343
 30
0.0
  0
VERTEX
  8
CONFINE
 10
   48971.191
 20
   46498.462
 30
0.0
  0
VERTEX
  8
CONFINE
 10
   48971.283
 20
   46501.445
 30
0.0
  0
VERTEX
  8
CONFINE
 10
   48968.007
 20
   46503.518
 30
0.0
  0
VERTEX
  8
CONFINE
 10
   48965.634
 20
   46505.019
 30
0.0
  0
VERTEX
  8
CONFINE
 10
   48966.745
 20
   46506.758
 30
0.0
  0
VERTEX
  8
CONFINE
 10
   48966.903
 20
   46507.007
 30
0.0
  0
VERTEX
  8
CONFINE
 10
   48954.601
 20
   46515.547
 30
0.0
  0
VERTEX
  8
CONFINE
 10
   48953.552
 20
   46514.191
 30
0.0
  0
VERTEX
  8
CONFINE
 10
   48953.047
 20
   46513.641
 30
0.0
  0
VERTEX
  8
CONFINE
 10
   48951.573
 20
   46514.644
 30
0.0
  0
VERTEX
  8
CONFINE
 10
   48944.519
 20
   46519.618
 30
0.0
  0
VERTEX
  8
CONFINE
 10
   48932.829
 20
   46527.723
 30
0.0
  0
VERTEX
  8
CONFINE
 10
   48929.536
 20
   46529.967
 30
0.0
  0
VERTEX
  8
CONFINE
 10
   48924.295
 20
   46533.850
 30
0.0
  0
VERTEX
  8
CONFINE
 10
   48920.264
 20
   46536.838
 30
0.0
  0
VERTEX
  8
CONFINE
 10
   48923.226
 20
   46542.330
 30
0.0
  0
VERTEX
  8
CONFINE
 10
   48903.597
 20
   46556.863
 30
0.0
  0
VERTEX
  8
CONFINE
 10
   48855.321
 20
   46588.259
 30
0.0
  0
VERTEX
  8
CONFINE
 10
   48844.286
 20
   46595.897
 30
0.0
  0
VERTEX
  8
CONFINE
 10
   48844.093
 20
   46595.647
 30
0.0
  0
VERTEX
  8
CONFINE
 10
   48839.629
 20
   46589.992
 30
0.0
  0
VERTEX
  8
CONFINE
 10
   48838.605
 20
   46590.643
 30
0.0
  0
VERTEX
  8
CONFINE
 10
   48834.502
 20
   46593.319
 30
0.0
  0
VERTEX
  8
CONFINE
 10
   48828.835
 20
   46597.014
 30
0.0
  0
VERTEX
  8
CONFINE
 10
   48827.582
 20
   46597.846
 30
0.0
  0
VERTEX
  8
CONFINE
 10
   48824.756
 20
   46599.758
 30
0.0
  0
VERTEX
  8
CONFINE
 10
   48821.743
 20
   46601.638
 30
0.0
  0
VERTEX
  8
CONFINE
 10
   48820.720
 20
   46602.306
 30
0.0
  0
VERTEX
  8
CONFINE
 10
   48817.547
 20
   46604.426
 30
0.0
  0
VERTEX
  8
CONFINE
 10
   48811.876
 20
   46608.268
 30
0.0
  0
VERTEX
  8
CONFINE
 10
   48807.597
 20
   46611.081
 30
0.0
  0
VERTEX
  8
CONFINE
 10
   48805.560
 20
   46612.443
 30
0.0
  0
VERTEX
  8
CONFINE
 10
   48788.444
 20
   46623.835
 30
0.0
  0
VERTEX
  8
CONFINE
 10
   48784.896
 20
   46626.179
 30
0.0
  0
VERTEX
  8
CONFINE
 10
   48782.669
 20
   46622.720
 30
0.0
  0
VERTEX
  8
CONFINE
 10
   48780.978
 20
   46620.026
 30
0.0
  0
VERTEX
  8
CONFINE
 10
   48773.978
 20
   46609.357
 30
0.0
  0
VERTEX
  8
CONFINE
 10
   48773.123
 20
   46608.054
 30
0.0
  0
VERTEX
  8
CONFINE
 10
   48771.485
 20
   46605.369
 30
0.0
  0
VERTEX
  8
CONFINE
 10
   48769.389
 20
   46601.934
 30
0.0
  0
VERTEX
  8
CONFINE
 10
   48765.310
 20
   46595.341
 30
0.0
  0
VERTEX
  8
CONFINE
 10
   48766.177
 20
   46589.850
 30
0.0
  0
VERTEX
  8
CONFINE
 10
   48767.813
 20
   46580.116
 30
0.0
  0
VERTEX
  8
CONFINE
 10
   48768.067
 20
   46578.604
 30
0.0
  0
VERTEX
  8
CONFINE
 10
   48768.874
 20
   46573.922
 30
0.0
  0
VERTEX
  8
CONFINE
 10
   48771.108
 20
   46568.909
 30
0.0
  0
VERTEX
  8
CONFINE
 10
   48771.989
 20
   46566.915
 30
0.0
  0
VERTEX
  8
CONFINE
 10
   48779.236
 20
   46550.533
 30
0.0
  0
VERTEX
  8
CONFINE
 10
   48779.731
 20
   46549.458
 30
0.0
  0
VERTEX
  8
CONFINE
 10
   48790.413
 20
   46539.463
 30
0.0
  0
VERTEX
  8
CONFINE
 10
   48792.949
 20
   46536.858
 30
0.0
  0
VERTEX
  8
CONFINE
 10
   48793.179
 20
   46536.616
 30
0.0
  0
VERTEX
  8
CONFINE
 10
   48797.619
 20
   46532.045
 30
0.0
  0
VERTEX
  8
CONFINE
 10
   48798.669
 20
   46530.975
 30
0.0
  0
VERTEX
  8
CONFINE
 10
   48800.835
 20
   46528.291
 30
0.0
  0
VERTEX
  8
CONFINE
 10
   48801.089
 20
   46527.977
 30
0.0
  0
VERTEX
  8
CONFINE
 10
   48810.690
 20
   46516.076
 30
0.0
  0
VERTEX
  8
CONFINE
 10
   48810.763
 20
   46515.702
 30
0.0
  0
VERTEX
  8
CONFINE
 10
   48811.860
 20
   46510.107
 30
0.0
  0
VERTEX
  8
CONFINE
 10
   48812.807
 20
   46510.057
 30
0.0
  0
VERTEX
  8
CONFINE
 10
   48816.022
 20
   46509.883
 30
0.0
  0
VERTEX
  8
CONFINE
 10
   48818.329
 20
   46509.758
 30
0.0
  0
VERTEX
  8
CONFINE
 10
   48819.205
 20
   46501.376
 30
0.0
  0
VERTEX
  8
CONFINE
 10
   48819.523
 20
   46498.331
 30
0.0
  0
VERTEX
  8
CONFINE
 10
   48817.949
 20
   46498.386
 30
0.0
  0
VERTEX
  8
CONFINE
 10
   48818.239
 20
   46491.340
 30
0.0
  0
VERTEX
  8
CONFINE
 10
   48815.948
 20
   46491.180
 30
0.0
  0
VERTEX
  8
CONFINE
 10
   48815.958
 20
   46488.223
 30
0.0
  0
VERTEX
  8
CONFINE
 10
   48815.971
 20
   46486.464
 30
0.0
  0
VERTEX
  8
CONFINE
 10
   48816.039
 20
   46476.564
 30
0.0
  0
VERTEX
  8
CONFINE
 10
   48816.046
 20
   46475.585
 30
0.0
  0
VERTEX
  8
CONFINE
 10
   48816.132
 20
   46465.853
 30
0.0
  0
VERTEX
  8
CONFINE
 10
   48817.660
 20
   46463.332
 30
0.0
  0
VERTEX
  8
CONFINE
 10
   48823.670
 20
   46454.811
 30
0.0
  0
VERTEX
  8
CONFINE
 10
   48823.953
 20
   46454.417
 30
0.0
  0
VERTEX
  8
CONFINE
 10
   48832.350
 20
   46442.448
 30
0.0
  0
VERTEX
  8
CONFINE
 10
   48802.454
 20
   46449.916
 30
0.0
  0
VERTEX
  8
CONFINE
 10
   48802.174
 20
   46449.985
 30
0.0
  0
VERTEX
  8
CONFINE
 10
   48801.095
 20
   46455.433
 30
0.0
  0
VERTEX
  8
CONFINE
 10
   48785.815
 20
   46454.973
 30
0.0
  0
VERTEX
  8
CONFINE
 10
   48773.540
 20
   46453.736
 30
0.0
  0
VERTEX
  8
CONFINE
 10
   48773.414
 20
   46454.498
 30
0.0
  0
VERTEX
  8
CONFINE
 10
   48753.182
 20
   46448.367
 30
0.0
  0
VERTEX
  8
CONFINE
 10
   48750.030
 20
   46447.337
 30
0.0
  0
VERTEX
  8
CONFINE
 10
   48750.682
 20
   46445.317
 30
0.0
  0
VERTEX
  8
CONFINE
 10
   48751.218
 20
   46443.673
 30
0.0
  0
VERTEX
  8
CONFINE
 10
   48752.444
 20
   46439.905
 30
0.0
  0
VERTEX
  8
CONFINE
 10
   48754.108
 20
   46434.688
 30
0.0
  0
VERTEX
  8
CONFINE
 10
   48754.626
 20
   46433.192
 30
0.0
  0
VERTEX
  8
CONFINE
 10
   48756.058
 20
   46428.956
 30
0.0
  0
VERTEX
  8
CONFINE
 10
   48756.373
 20
   46427.968
 30
0.0
  0
VERTEX
  8
CONFINE
 10
   48756.598
 20
   46427.264
 30
0.0
  0
VERTEX
  8
CONFINE
 10
   48757.633
 20
   46423.581
 30
0.0
  0
VERTEX
  8
CONFINE
 10
   48758.213
 20
   46421.650
 30
0.0
  0
VERTEX
  8
CONFINE
 10
   48759.253
 20
   46417.693
 30
0.0
  0
VERTEX
  8
CONFINE
 10
   48773.737
 20
   46412.503
 30
0.0
  0
VERTEX
  8
CONFINE
 10
   48772.785
 20
   46406.595
 30
0.0
  0
VERTEX
  8
CONFINE
 10
   48777.688
 20
   46405.097
 30
0.0
  0
VERTEX
  8
CONFINE
 10
   48788.150
 20
   46401.902
 30
0.0
  0
VERTEX
  8
CONFINE
 10
   48790.284
 20
   46401.250
 30
0.0
  0
VERTEX
  8
CONFINE
 10
   48789.911
 20
   46396.385
 30
0.0
  0
VERTEX
  8
CONFINE
 10
   48789.476
 20
   46390.892
 30
0.0
  0
VERTEX
  8
CONFINE
 10
   48789.270
 20
   46388.291
 30
0.0
  0
VERTEX
  8
CONFINE
 10
   48788.991
 20
   46383.949
 30
0.0
  0
VERTEX
  8
CONFINE
 10
   48788.964
 20
   46379.196
 30
0.0
  0
VERTEX
  8
CONFINE
 10
   48789.073
 20
   46378.655
 30
0.0
  0
VERTEX
  8
CONFINE
 10
   48789.077
 20
   46378.298
 30
0.0
  0
VERTEX
  8
CONFINE
 10
   48791.481
 20
   46366.626
 30
0.0
  0
VERTEX
  8
CONFINE
 10
   48791.112
 20
   46366.498
 30
0.0
  0
VERTEX
  8
CONFINE
 10
   48788.993
 20
   46365.763
 30
0.0
  0
VERTEX
  8
CONFINE
 10
   48791.692
 20
   46347.595
 30
0.0
  0
VERTEX
  8
CONFINE
 10
   48794.096
 20
   46332.381
 30
0.0
  0
VERTEX
  8
CONFINE
 10
   48795.219
 20
   46325.243
 30
0.0
  0
VERTEX
  8
CONFINE
 10
   48796.567
 20
   46320.192
 30
0.0
  0
VERTEX
  8
CONFINE
 10
   48797.210
 20
   46318.007
 30
0.0
  0
VERTEX
  8
CONFINE
 10
   48798.435
 20
   46313.552
 30
0.0
  0
VERTEX
  8
CONFINE
 10
   48798.780
 20
   46312.306
 30
0.0
  0
VERTEX
  8
CONFINE
 10
   48799.729
 20
   46308.577
 30
0.0
  0
VERTEX
  8
CONFINE
 10
   48800.617
 20
   46305.144
 30
0.0
  0
VERTEX
  8
CONFINE
 10
   48803.427
 20
   46297.405
 30
0.0
  0
VERTEX
  8
CONFINE
 10
   48804.941
 20
   46293.063
 30
0.0
  0
VERTEX
  8
CONFINE
 10
   48804.589
 20
   46292.807
 30
0.0
  0
VERTEX
  8
CONFINE
 10
   48796.659
 20
   46286.946
 30
0.0
  0
VERTEX
  8
CONFINE
 10
   48796.453
 20
   46286.841
 30
0.0
  0
VERTEX
  8
CONFINE
 10
   48799.395
 20
   46284.248
 30
0.0
  0
VERTEX
  8
CONFINE
 10
   48802.058
 20
   46285.937
 30
0.0
  0
VERTEX
  8
CONFINE
 10
   48803.441
 20
   46286.811
 30
0.0
  0
VERTEX
  8
CONFINE
 10
   48806.450
 20
   46288.711
 30
0.0
  0
VERTEX
  8
CONFINE
 10
   48809.492
 20
   46290.594
 30
0.0
  0
VERTEX
  8
CONFINE
 10
   48813.875
 20
   46294.362
 30
0.0
  0
VERTEX
  8
CONFINE
 10
   48824.716
 20
   46303.803
 30
0.0
  0
VERTEX
  8
CONFINE
 10
   48826.056
 20
   46304.993
 30
0.0
  0
VERTEX
  8
CONFINE
 10
   48833.285
 20
   46310.716
 30
0.0
  0
VERTEX
  8
CONFINE
 10
   48837.187
 20
   46314.160
 30
0.0
  0
VERTEX
  8
CONFINE
 10
   48840.429
 20
   46317.061
 30
0.0
  0
VERTEX
  8
CONFINE
 10
   48842.086
 20
   46318.560
 30
0.0
  0
VERTEX
  8
CONFINE
 10
   48856.310
 20
   46324.636
 30
0.0
  0
VERTEX
  8
CONFINE
 10
   48858.008
 20
   46324.922
 30
0.0
  0
VERTEX
  8
CONFINE
 10
   48868.515
 20
   46326.690
 30
0.0
  0
VERTEX
  8
CONFINE
 10
   48871.088
 20
   46327.123
 30
0.0
  0
VERTEX
  8
CONFINE
 10
   48878.509
 20
   46325.036
 30
0.0
  0
VERTEX
  8
CONFINE
 10
   48891.528
 20
   46321.185
 30
0.0
  0
VERTEX
  8
CONFINE
 10
   48894.553
 20
   46319.721
 30
0.0
  0
VERTEX
  8
CONFINE
 10
   48901.401
 20
   46316.471
 30
0.0
  0
VERTEX
  8
CONFINE
 10
   48906.011
 20
   46314.341
 30
0.0
  0
VERTEX
  8
CONFINE
 10
   48918.173
 20
   46308.598
 30
0.0
  0
VERTEX
  8
CONFINE
 10
   48921.583
 20
   46306.955
 30
0.0
  0
VERTEX
  8
CONFINE
 10
   48925.236
 20
   46305.050
 30
0.0
  0
VERTEX
  8
CONFINE
 10
   48931.443
 20
   46303.256
 30
0.0
  0
VERTEX
  8
CONFINE
 10
   48934.242
 20
   46302.447
 30
0.0
  0
VERTEX
  8
CONFINE
 10
   48940.464
 20
   46300.726
 30
0.0
  0
VERTEX
  8
CONFINE
 10
   48941.167
 20
   46300.532
 30
0.0
  0
VERTEX
  8
CONFINE
 10
   48945.922
 20
   46299.240
 30
0.0
  0
VERTEX
  8
CONFINE
 10
   48955.398
 20
   46296.648
 30
0.0
  0
VERTEX
  8
CONFINE
 10
   48955.062
 20
   46295.192
 30
0.0
  0
VERTEX
  8
CONFINE
 10
   48956.210
 20
   46294.943
 30
0.0
  0
VERTEX
  8
CONFINE
 10
   48957.866
 20
   46294.584
 30
0.0
  0
VERTEX
  8
CONFINE
 10
   48967.563
 20
   46292.812
 30
0.0
  0
VERTEX
  8
CONFINE
 10
   48968.692
 20
   46292.636
 30
0.0
  0
VERTEX
  8
CONFINE
 10
   48966.865
 20
   46276.724
 30
0.0
  0
VERTEX
  8
CONFINE
 10
   48966.739
 20
   46275.730
 30
0.0
  0
VERTEX
  8
CONFINE
 10
   48963.831
 20
   46276.610
 30
0.0
  0
VERTEX
  8
CONFINE
 10
   48959.795
 20
   46277.640
 30
0.0
  0
VERTEX
  8
CONFINE
 10
   48958.033
 20
   46278.090
 30
0.0
  0
VERTEX
  8
CONFINE
 10
   48955.918
 20
   46273.250
 30
0.0
  0
VERTEX
  8
CONFINE
 10
   48955.633
 20
   46272.569
 30
0.0
  0
VERTEX
  8
CONFINE
 10
   48954.541
 20
   46269.262
 30
0.0
  0
VERTEX
  8
CONFINE
 10
   48954.279
 20
   46268.566
 30
0.0
  0
VERTEX
  8
CONFINE
 10
   48953.856
 20
   46267.298
 30
0.0
  0
VERTEX
  8
CONFINE
 10
   48951.001
 20
   46259.839
 30
0.0
  0
VERTEX
  8
CONFINE
 10
   48948.452
 20
   46254.829
 30
0.0
  0
VERTEX
  8
CONFINE
 10
   48947.596
 20
   46252.836
 30
0.0
  0
VERTEX
  8
CONFINE
 10
   48946.274
 20
   46249.850
 30
0.0
  0
VERTEX
  8
CONFINE
 10
   48944.288
 20
   46246.954
 30
0.0
  0
VERTEX
  8
CONFINE
 10
   48940.916
 20
   46240.352
 30
0.0
  0
VERTEX
  8
CONFINE
 10
   48935.702
 20
   46227.558
 30
0.0
  0
VERTEX
  8
CONFINE
 10
   48940.821
 20
   46225.953
 30
0.0
  0
VERTEX
  8
CONFINE
 10
   48947.285
 20
   46223.847
 30
0.0
  0
VERTEX
  8
CONFINE
 10
   48952.704
 20
   46222.081
 30
0.0
  0
VERTEX
  8
CONFINE
 10
   48964.346
 20
   46217.302
 30
0.0
  0
VERTEX
  8
CONFINE
 10
   48966.904
 20
   46216.253
 30
0.0
  0
VERTEX
  8
CONFINE
 10
   48967.078
 20
   46216.167
 30
0.0
  0
VERTEX
  8
CONFINE
 10
   48976.966
 20
   46212.248
 30
0.0
  0
VERTEX
  8
CONFINE
 10
   48976.814
 20
   46211.715
 30
0.0
  0
VERTEX
  8
CONFINE
 10
   48974.923
 20
   46205.070
 30
0.0
  0
VERTEX
  8
CONFINE
 10
   48974.661
 20
   46204.184
 30
0.0
  0
VERTEX
  8
CONFINE
 10
   48972.525
 20
   46196.349
 30
0.0
  0
VERTEX
  8
CONFINE
 10
   48970.828
 20
   46190.252
 30
0.0
  0
VERTEX
  8
CONFINE
 10
   48985.682
 20
   46184.645
 30
0.0
  0
VERTEX
  8
CONFINE
 10
   48988.696
 20
   46183.470
 30
0.0
  0
VERTEX
  8
CONFINE
 10
   48992.519
 20
   46181.980
 30
0.0
  0
VERTEX
  8
CONFINE
 10
   48990.587
 20
   46176.316
 30
0.0
  0
VERTEX
  8
CONFINE
 10
   49003.737
 20
   46171.553
 30
0.0
  0
VERTEX
  8
CONFINE
 10
   49006.342
 20
   46170.628
 30
0.0
  0
VERTEX
  8
CONFINE
 10
   49011.901
 20
   46168.655
 30
0.0
  0
VERTEX
  8
CONFINE
 10
   49015.477
 20
   46170.380
 30
0.0
  0
VERTEX
  8
CONFINE
 10
   49019.189
 20
   46172.171
 30
0.0
  0
VERTEX
  8
CONFINE
 10
   49020.063
 20
   46171.819
 30
0.0
  0
VERTEX
  8
CONFINE
 10
   49031.349
 20
   46167.277
 30
0.0
  0
VERTEX
  8
CONFINE
 10
   49038.437
 20
   46164.028
 30
0.0
  0
VERTEX
  8
CONFINE
 10
   49050.753
 20
   46158.642
 30
0.0
  0
VERTEX
  8
CONFINE
 10
   49046.834
 20
   46150.367
 30
0.0
  0
VERTEX
  8
CONFINE
 10
   49041.988
 20
   46140.045
 30
0.0
  0
VERTEX
  8
CONFINE
 10
   49036.428
 20
   46128.513
 30
0.0
  0
VERTEX
  8
CONFINE
 10
   49038.211
 20
   46127.886
 30
0.0
  0
VERTEX
  8
CONFINE
 10
   49041.248
 20
   46126.719
 30
0.0
  0
VERTEX
  8
CONFINE
 10
   49037.476
 20
   46116.673
 30
0.0
  0
VERTEX
  8
CONFINE
 10
   49036.978
 20
   46115.389
 30
0.0
  0
VERTEX
  8
CONFINE
 10
   49035.811
 20
   46112.379
 30
0.0
  0
VERTEX
  8
CONFINE
 10
   49031.092
 20
   46100.807
 30
0.0
  0
VERTEX
  8
CONFINE
 10
   49027.797
 20
   46092.305
 30
0.0
  0
VERTEX
  8
CONFINE
 10
   49025.377
 20
   46086.060
 30
0.0
  0
VERTEX
  8
CONFINE
 10
   49025.110
 20
   46085.424
 30
0.0
  0
VERTEX
  8
CONFINE
 10
   49009.614
 20
   46069.489
 30
0.0
  0
VERTEX
  8
CONFINE
 10
   49003.061
 20
   46062.621
 30
0.0
  0
VERTEX
  8
CONFINE
 10
   49000.724
 20
   46060.323
 30
0.0
  0
VERTEX
  8
CONFINE
 10
   49000.276
 20
   46059.860
 30
0.0
  0
VERTEX
  8
CONFINE
 10
   49000.715
 20
   46059.660
 30
0.0
  0
VERTEX
  8
CONFINE
 10
   49001.955
 20
   46059.152
 30
0.0
  0
VERTEX
  8
CONFINE
 10
   49007.040
 20
   46057.067
 30
0.0
  0
VERTEX
  8
CONFINE
 10
   49000.303
 20
   46041.866
 30
0.0
  0
VERTEX
  8
CONFINE
 10
   49000.193
 20
   46041.619
 30
0.0
  0
VERTEX
  8
CONFINE
 10
   48999.926
 20
   46040.920
 30
0.0
  0
VERTEX
  8
CONFINE
 10
   48999.471
 20
   46039.620
 30
0.0
  0
VERTEX
  8
CONFINE
 10
   48997.809
 20
   46035.375
 30
0.0
  0
VERTEX
  8
CONFINE
 10
   48998.169
 20
   46035.254
 30
0.0
  0
VERTEX
  8
CONFINE
 10
   49004.654
 20
   46033.123
 30
0.0
  0
VERTEX
  8
CONFINE
 10
   49007.928
 20
   46032.096
 30
0.0
  0
VERTEX
  8
CONFINE
 10
   49007.869
 20
   46031.029
 30
0.0
  0
VERTEX
  8
CONFINE
 10
   49007.610
 20
   46021.003
 30
0.0
  0
VERTEX
  8
CONFINE
 10
   48996.700
 20
   46019.896
 30
0.0
  0
VERTEX
  8
CONFINE
 10
   49011.636
 20
   46012.977
 30
0.0
  0
VERTEX
  8
CONFINE
 10
   49017.601
 20
   46010.163
 30
0.0
  0
VERTEX
  8
CONFINE
 10
   49017.930
 20
   46010.009
 30
0.0
  0
VERTEX
  8
CONFINE
 10
   49019.362
 20
   46009.332
 30
0.0
  0
VERTEX
  8
CONFINE
 10
   49039.188
 20
   45999.615
 30
0.0
  0
VERTEX
  8
CONFINE
 10
   49033.086
 20
   45985.864
 30
0.0
  0
VERTEX
  8
CONFINE
 10
   49023.351
 20
   45963.925
 30
0.0
  0
VERTEX
  8
CONFINE
 10
   49015.961
 20
   45946.998
 30
0.0
  0
VERTEX
  8
CONFINE
 10
   49012.660
 20
   45939.566
 30
0.0
  0
VERTEX
  8
CONFINE
 10
   49010.091
 20
   45933.783
 30
0.0
  0
VERTEX
  8
CONFINE
 10
   49003.501
 20
   45918.944
 30
0.0
  0
VERTEX
  8
CONFINE
 10
   48996.362
 20
   45902.104
 30
0.0
  0
VERTEX
  8
CONFINE
 10
   48994.853
 20
   45898.544
 30
0.0
  0
VERTEX
  8
CONFINE
 10
   48985.944
 20
   45878.050
 30
0.0
  0
VERTEX
  8
CONFINE
 10
   48985.451
 20
   45876.917
 30
0.0
  0
VERTEX
  8
CONFINE
 10
   48984.728
 20
   45873.136
 30
0.0
  0
VERTEX
  8
CONFINE
 10
   48979.967
 20
   45858.349
 30
0.0
  0
VERTEX
  8
CONFINE
 10
   48978.314
 20
   45853.219
 30
0.0
  0
VERTEX
  8
CONFINE
 10
   48978.084
 20
   45852.536
 30
0.0
  0
VERTEX
  8
CONFINE
 10
   48984.940
 20
   45851.831
 30
0.0
  0
VERTEX
  8
CONFINE
 10
   48995.237
 20
   45850.715
 30
0.0
  0
VERTEX
  8
CONFINE
 10
   48996.596
 20
   45850.579
 30
0.0
  0
VERTEX
  8
CONFINE
 10
   49001.938
 20
   45850.041
 30
0.0
  0
VERTEX
  8
CONFINE
 10
   49024.025
 20
   45847.405
 30
0.0
  0
VERTEX
  8
CONFINE
 10
   49028.729
 20
   45859.890
 30
0.0
  0
VERTEX
  8
CONFINE
 10
   49029.204
 20
   45861.159
 30
0.0
  0
VERTEX
  8
CONFINE
 10
   49035.179
 20
   45876.323
 30
0.0
  0
VERTEX
  8
CONFINE
 10
   49043.654
 20
   45873.550
 30
0.0
  0
VERTEX
  8
CONFINE
 10
   49053.512
 20
   45869.896
 30
0.0
  0
VERTEX
  8
CONFINE
 10
   49066.278
 20
   45865.086
 30
0.0
  0
VERTEX
  8
CONFINE
 10
   49077.674
 20
   45860.545
 30
0.0
  0
VERTEX
  8
CONFINE
 10
   49082.442
 20
   45858.693
 30
0.0
  0
VERTEX
  8
CONFINE
 10
   49087.737
 20
   45856.844
 30
0.0
  0
VERTEX
  8
CONFINE
 10
   49090.444
 20
   45864.992
 30
0.0
  0
VERTEX
  8
CONFINE
 10
   49093.780
 20
   45875.259
 30
0.0
  0
VERTEX
  8
CONFINE
 10
   49091.371
 20
   45876.201
 30
0.0
  0
VERTEX
  8
CONFINE
 10
   49096.037
 20
   45888.286
 30
0.0
  0
VERTEX
  8
CONFINE
 10
   49099.685
 20
   45897.731
 30
0.0
  0
VERTEX
  8
CONFINE
 10
   49102.575
 20
   45905.186
 30
0.0
  0
VERTEX
  8
CONFINE
 10
   49102.994
 20
   45905.074
 30
0.0
  0
VERTEX
  8
CONFINE
 10
   49103.857
 20
   45904.844
 30
0.0
  0
VERTEX
  8
CONFINE
 10
   49111.897
 20
   45925.369
 30
0.0
  0
VERTEX
  8
CONFINE
 10
   49112.387
 20
   45927.026
 30
0.0
  0
VERTEX
  8
CONFINE
 10
   49113.016
 20
   45926.597
 30
0.0
  0
VERTEX
  8
CONFINE
 10
   49112.434
 20
   45929.441
 30
0.0
  0
VERTEX
  8
CONFINE
 10
   49115.808
 20
   45937.032
 30
0.0
  0
VERTEX
  8
CONFINE
 10
   49117.209
 20
   45936.538
 30
0.0
  0
VERTEX
  8
CONFINE
 10
   49121.407
 20
   45946.998
 30
0.0
  0
VERTEX
  8
CONFINE
 10
   49120.373
 20
   45947.425
 30
0.0
  0
VERTEX
  8
CONFINE
 10
   49123.500
 20
   45955.492
 30
0.0
  0
VERTEX
  8
CONFINE
 10
   49129.036
 20
   45969.215
 30
0.0
  0
VERTEX
  8
CONFINE
 10
   49131.280
 20
   45974.713
 30
0.0
  0
VERTEX
  8
CONFINE
 10
   49133.882
 20
   45981.177
 30
0.0
  0
VERTEX
  8
CONFINE
 10
   49135.167
 20
   45984.355
 30
0.0
  0
VERTEX
  8
CONFINE
 10
   49141.177
 20
   45999.223
 30
0.0
  0
VERTEX
  8
CONFINE
 10
   49143.549
 20
   46005.136
 30
0.0
  0
VERTEX
  8
CONFINE
 10
   49144.816
 20
   46008.081
 30
0.0
  0
VERTEX
  8
CONFINE
 10
   49147.376
 20
   46013.585
 30
0.0
  0
VERTEX
  8
CONFINE
 10
   49152.304
 20
   46024.192
 30
0.0
  0
VERTEX
  8
CONFINE
 10
   49150.990
 20
   46024.839
 30
0.0
  0
VERTEX
  8
CONFINE
 10
   49156.234
 20
   46036.987
 30
0.0
  0
VERTEX
  8
CONFINE
 10
   49156.999
 20
   46038.760
 30
0.0
  0
VERTEX
  8
CONFINE
 10
   49157.351
 20
   46039.574
 30
0.0
  0
VERTEX
  8
CONFINE
 10
   49157.511
 20
   46039.976
 30
0.0
  0
VERTEX
  8
CONFINE
 10
   49157.732
 20
   46040.472
 30
0.0
  0
VERTEX
  8
CONFINE
 10
   49159.163
 20
   46043.599
 30
0.0
  0
VERTEX
  8
CONFINE
 10
   49160.998
 20
   46047.862
 30
0.0
  0
VERTEX
  8
CONFINE
 10
   49164.165
 20
   46055.647
 30
0.0
  0
VERTEX
  8
CONFINE
 10
   49167.508
 20
   46063.532
 30
0.0
  0
VERTEX
  8
CONFINE
 10
   49175.356
 20
   46083.177
 30
0.0
  0
VERTEX
  8
CONFINE
 10
   49175.529
 20
   46083.614
 30
0.0
  0
VERTEX
  8
CONFINE
 10
   49175.883
 20
   46084.504
 30
0.0
  0
VERTEX
  8
CONFINE
 10
   49179.795
 20
   46093.948
 30
0.0
  0
VERTEX
  8
CONFINE
 10
   49180.224
 20
   46093.763
 30
0.0
  0
VERTEX
  8
CONFINE
 10
   49183.361
 20
   46101.341
 30
0.0
  0
VERTEX
  8
CONFINE
 10
   49189.338
 20
   46116.099
 30
0.0
  0
VERTEX
  8
CONFINE
 10
   49190.460
 20
   46118.916
 30
0.0
  0
VERTEX
  8
CONFINE
 10
   49190.172
 20
   46119.044
 30
0.0
  0
VERTEX
  8
CONFINE
 10
   49193.558
 20
   46126.700
 30
0.0
  0
VERTEX
  8
CONFINE
 10
   49196.822
 20
   46134.901
 30
0.0
  0
VERTEX
  8
CONFINE
 10
   49203.891
 20
   46152.951
 30
0.0
  0
VERTEX
  8
CONFINE
 10
   49210.252
 20
   46169.054
 30
0.0
  0
VERTEX
  8
CONFINE
 10
   49217.525
 20
   46187.285
 30
0.0
  0
VERTEX
  8
CONFINE
 10
   49222.407
 20
   46199.596
 30
0.0
  0
VERTEX
  8
CONFINE
 10
   49224.453
 20
   46204.525
 30
0.0
  0
VERTEX
  8
CONFINE
 10
   49231.868
 20
   46223.148
 30
0.0
  0
VERTEX
  8
CONFINE
 10
   49239.342
 20
   46242.185
 30
0.0
  0
VERTEX
  8
CONFINE
 10
   49243.889
 20
   46253.638
 30
0.0
  0
VERTEX
  8
CONFINE
 10
   49248.598
 20
   46265.511
 30
0.0
  0
VERTEX
  8
CONFINE
 10
   49252.001
 20
   46274.379
 30
0.0
  0
VERTEX
  8
CONFINE
 10
   49253.594
 20
   46278.287
 30
0.0
  0
VERTEX
  8
CONFINE
 10
   49254.430
 20
   46280.414
 30
0.0
  0
SEQEND
  8
CONFINE
  0
TEXT
  8
ACQUE
 62
7
 10
   49059.027
 20
   45988.995
 30
0.0
 40
       1.000
  1
ACQUA
 50
       0.000
  0
POLYLINE
  8
ACQUE
 66
1
 10
0.0
 20
0.0
 30
0.0
 70
1
  0
VERTEX
  8
ACQUE
 10
   49033.086
 20
   45985.864
 30
0.0
  0
VERTEX
  8
ACQUE
 10
   49033.347
 20
   45985.755
 30
0.0
  0
VERTEX
  8
ACQUE
 10
   49040.573
 20
   45982.748
 30
0.0
  0
VERTEX
  8
ACQUE
 10
   49056.323
 20
   45976.062
 30
0.0
  0
VERTEX
  8
ACQUE
 10
   49067.707
 20
   45971.179
 30
0.0
  0
VERTEX
  8
ACQUE
 10
   49072.125
 20
   45969.255
 30
0.0
  0
VERTEX
  8
ACQUE
 10
   49082.977
 20
   45964.455
 30
0.0
  0
VERTEX
  8
ACQUE
 10
   49095.222
 20
   45959.068
 30
0.0
  0
VERTEX
  8
ACQUE
 10
   49100.505
 20
   45956.763
 30
0.0
  0
VERTEX
  8
ACQUE
 10
   49103.157
 20
   45955.489
 30
0.0
  0
VERTEX
  8
ACQUE
 10
   49106.213
 20
   45962.454
 30
0.0
  0
VERTEX
  8
ACQUE
 10
   49112.778
 20
   45976.584
 30
0.0
  0
VERTEX
  8
ACQUE
 10
   49091.254
 20
   45985.881
 30
0.0
  0
VERTEX
  8
ACQUE
 10
   49077.387
 20
   45991.826
 30
0.0
  0
VERTEX
  8
ACQUE
 10
   49075.349
 20
   45992.784
 30
0.0
  0
VERTEX
  8
ACQUE
 10
   49068.590
 20
   45995.604
 30
0.0
  0
VERTEX
  8
ACQUE
 10
   49055.387
 20
   46000.980
 30
0.0
  0
VERTEX
  8
ACQUE
 10
   49034.167
 20
   46009.926
 30
0.0
  0
VERTEX
  8
ACQUE
 10
   49016.506
 20
   46017.340
 30
0.0
  0
VERTEX
  8
ACQUE
 10
   49007.610
 20
   46021.003
 30
0.0
  0
VERTEX
  8
ACQUE
 10
   48996.700
 20
   46019.896
 30
0.0
  0
VERTEX
  8
ACQUE
 10
   49011.636
 20
   46012.977
 30
0.0
  0
VERTEX
  8
ACQUE
 10
   49017.601
 20
   46010.163
 30
0.0
  0
VERTEX
  8
ACQUE
 10
   49017.930
 20
   46010.009
 30
0.0
  0
VERTEX
  8
ACQUE
 10
   49019.362
 20
   46009.332
 30
0.0
  0
VERTEX
  8
ACQUE
 10
   49039.188
 20
   45999.615
 30
0.0
  0
VERTEX
  8
ACQUE
 10
   49033.086
 20
   45985.864
 30
0.0
  0
SEQEND
  8
ACQUE
  0
TEXT
  8
STRADE
 62
7
 10
   49198.579
 20
   46264.642
 30
0.0
 40
       1.000
  1
STRADA
 50
       0.000
  0
POLYLINE
  8
STRADE
 66
1
 10
0.0
 20
0.0
 30
0.0
 70
1
  0
VERTEX
  8
STRADE
 10
   48755.544
 20
   46430.984
 30
0.0
  0
VERTEX
  8
STRADE
 10
   48755.403
 20
   46430.976
 30
0.0
  0
VERTEX
  8
STRADE
 10
   48756.058
 20
   46428.956
 30
0.0
  0
VERTEX
  8
STRADE
 10
   48756.679
 20
   46428.916
 30
0.0
  0
VERTEX
  8
STRADE
 10
   48761.494
 20
   46427.908
 30
0.0
  0
VERTEX
  8
STRADE
 10
   48768.688
 20
   46426.798
 30
0.0
  0
VERTEX
  8
STRADE
 10
   48772.177
 20
   46426.327
 30
0.0
  0
VERTEX
  8
STRADE
 10
   48772.307
 20
   46427.279
 30
0.0
  0
VERTEX
  8
STRADE
 10
   48773.374
 20
   46427.199
 30
0.0
  0
VERTEX
  8
STRADE
 10
   48773.241
 20
   46426.095
 30
0.0
  0
VERTEX
  8
STRADE
 10
   48777.522
 20
   46425.548
 30
0.0
  0
VERTEX
  8
STRADE
 10
   48778.235
 20
   46428.001
 30
0.0
  0
VERTEX
  8
STRADE
 10
   48789.122
 20
   46428.253
 30
0.0
  0
VERTEX
  8
STRADE
 10
   48795.757
 20
   46428.507
 30
0.0
  0
VERTEX
  8
STRADE
 10
   48804.631
 20
   46428.635
 30
0.0
  0
VERTEX
  8
STRADE
 10
   48805.712
 20
   46428.779
 30
0.0
  0
VERTEX
  8
STRADE
 10
   48817.811
 20
   46428.833
 30
0.0
  0
VERTEX
  8
STRADE
 10
   48818.321
 20
   46424.674
 30
0.0
  0
VERTEX
  8
STRADE
 10
   48818.910
 20
   46420.517
 30
0.0
  0
VERTEX
  8
STRADE
 10
   48819.782
 20
   46412.909
 30
0.0
  0
VERTEX
  8
STRADE
 10
   48821.268
 20
   46400.380
 30
0.0
  0
VERTEX
  8
STRADE
 10
   48815.434
 20
   46401.886
 30
0.0
  0
VERTEX
  8
STRADE
 10
   48807.250
 20
   46404.126
 30
0.0
  0
VERTEX
  8
STRADE
 10
   48805.213
 20
   46404.589
 30
0.0
  0
VERTEX
  8
STRADE
 10
   48797.468
 20
   46406.539
 30
0.0
  0
VERTEX
  8
STRADE
 10
   48790.631
 20
   46408.379
 30
0.0
  0
VERTEX
  8
STRADE
 10
   48779.355
 20
   46411.109
 30
0.0
  0
VERTEX
  8
STRADE
 10
   48773.894
 20
   46412.465
 30
0.0
  0
VERTEX
  8
STRADE
 10
   48773.737
 20
   46412.503
 30
0.0
  0
VERTEX
  8
STRADE
 10
   48772.785
 20
   46406.595
 30
0.0
  0
VERTEX
  8
STRADE
 10
   48777.688
 20
   46405.097
 30
0.0
  0
VERTEX
  8
STRADE
 10
   48788.150
 20
   46401.902
 30
0.0
  0
VERTEX
  8
STRADE
 10
   48790.284
 20
   46401.250
 30
0.0
  0
VERTEX
  8
STRADE
 10
   48790.307
 20
   46401.545
 30
0.0
  0
VERTEX
  8
STRADE
 10
   48794.365
 20
   46400.875
 30
0.0
  0
VERTEX
  8
STRADE
 10
   48807.225
 20
   46398.924
 30
0.0
  0
VERTEX
  8
STRADE
 10
   48810.505
 20
   46398.507
 30
0.0
  0
VERTEX
  8
STRADE
 10
   48811.581
 20
   46394.222
 30
0.0
  0
VERTEX
  8
STRADE
 10
   48811.825
 20
   46393.252
 30
0.0
  0
VERTEX
  8
STRADE
 10
   48812.304
 20
   46391.267
 30
0.0
  0
VERTEX
  8
STRADE
 10
   48813.632
 20
   46385.762
 30
0.0
  0
VERTEX
  8
STRADE
 10
   48816.632
 20
   46373.270
 30
0.0
  0
VERTEX
  8
STRADE
 10
   48819.825
 20
   46361.132
 30
0.0
  0
VERTEX
  8
STRADE
 10
   48823.098
 20
   46348.947
 30
0.0
  0
VERTEX
  8
STRADE
 10
   48825.506
 20
   46339.508
 30
0.0
  0
VERTEX
  8
STRADE
 10
   48819.342
 20
   46337.704
 30
0.0
  0
VERTEX
  8
STRADE
 10
   48814.380
 20
   46336.253
 30
0.0
  0
VERTEX
  8
STRADE
 10
   48815.878
 20
   46331.488
 30
0.0
  0
VERTEX
  8
STRADE
 10
   48820.253
 20
   46332.606
 30
0.0
  0
VERTEX
  8
STRADE
 10
   48833.923
 20
   46336.548
 30
0.0
  0
VERTEX
  8
STRADE
 10
   48845.226
 20
   46339.943
 30
0.0
  0
VERTEX
  8
STRADE
 10
   48846.977
 20
   46333.333
 30
0.0
  0
VERTEX
  8
STRADE
 10
   48848.401
 20
   46328.073
 30
0.0
  0
VERTEX
  8
STRADE
 10
   48837.237
 20
   46324.623
 30
0.0
  0
VERTEX
  8
STRADE
 10
   48823.564
 20
   46320.538
 30
0.0
  0
VERTEX
  8
STRADE
 10
   48818.946
 20
   46319.351
 30
0.0
  0
VERTEX
  8
STRADE
 10
   48816.377
 20
   46318.094
 30
0.0
  0
VERTEX
  8
STRADE
 10
   48812.143
 20
   46316.000
 30
0.0
  0
VERTEX
  8
STRADE
 10
   48803.575
 20
   46311.778
 30
0.0
  0
VERTEX
  8
STRADE
 10
   48804.125
 20
   46309.975
 30
0.0
  0
VERTEX
  8
STRADE
 10
   48805.250
 20
   46306.929
 30
0.0
  0
VERTEX
  8
STRADE
 10
   48821.569
 20
   46315.802
 30
0.0
  0
VERTEX
  8
STRADE
 10
   48823.526
 20
   46312.003
 30
0.0
  0
VERTEX
  8
STRADE
 10
   48826.575
 20
   46313.486
 30
0.0
  0
VERTEX
  8
STRADE
 10
   48832.717
 20
   46316.780
 30
0.0
  0
VERTEX
  8
STRADE
 10
   48833.682
 20
   46314.684
 30
0.0
  0
VERTEX
  8
STRADE
 10
   48827.581
 20
   46308.836
 30
0.0
  0
VERTEX
  8
STRADE
 10
   48820.605
 20
   46302.319
 30
0.0
  0
VERTEX
  8
STRADE
 10
   48816.128
 20
   46298.757
 30
0.0
  0
VERTEX
  8
STRADE
 10
   48810.115
 20
   46293.981
 30
0.0
  0
VERTEX
  8
STRADE
 10
   48805.933
 20
   46290.564
 30
0.0
  0
VERTEX
  8
STRADE
 10
   48804.941
 20
   46293.063
 30
0.0
  0
VERTEX
  8
STRADE
 10
   48804.589
 20
   46292.807
 30
0.0
  0
VERTEX
  8
STRADE
 10
   48796.659
 20
   46286.946
 30
0.0
  0
VERTEX
  8
STRADE
 10
   48796.453
 20
   46286.841
 30
0.0
  0
VERTEX
  8
STRADE
 10
   48799.395
 20
   46284.248
 30
0.0
  0
VERTEX
  8
STRADE
 10
   48802.058
 20
   46285.937
 30
0.0
  0
VERTEX
  8
STRADE
 10
   48803.441
 20
   46286.811
 30
0.0
  0
VERTEX
  8
STRADE
 10
   48806.450
 20
   46288.711
 30
0.0
  0
VERTEX
  8
STRADE
 10
   48809.492
 20
   46290.594
 30
0.0
  0
VERTEX
  8
STRADE
 10
   48813.875
 20
   46294.362
 30
0.0
  0
VERTEX
  8
STRADE
 10
   48824.716
 20
   46303.803
 30
0.0
  0
VERTEX
  8
STRADE
 10
   48826.056
 20
   46304.993
 30
0.0
  0
VERTEX
  8
STRADE
 10
   48833.285
 20
   46310.716
 30
0.0
  0
VERTEX
  8
STRADE
 10
   48837.187
 20
   46314.160
 30
0.0
  0
VERTEX
  8
STRADE
 10
   48840.429
 20
   46317.061
 30
0.0
  0
VERTEX
  8
STRADE
 10
   48842.086
 20
   46318.560
 30
0.0
  0
VERTEX
  8
STRADE
 10
   48856.310
 20
   46324.636
 30
0.0
  0
VERTEX
  8
STRADE
 10
   48858.008
 20
   46324.922
 30
0.0
  0
VERTEX
  8
STRADE
 10
   48868.515
 20
   46326.690
 30
0.0
  0
VERTEX
  8
STRADE
 10
   48871.088
 20
   46327.123
 30
0.0
  0
VERTEX
  8
STRADE
 10
   48878.509
 20
   46325.036
 30
0.0
  0
VERTEX
  8
STRADE
 10
   48891.528
 20
   46321.185
 30
0.0
  0
VERTEX
  8
STRADE
 10
   48894.553
 20
   46319.721
 30
0.0
  0
VERTEX
  8
STRADE
 10
   48901.401
 20
   46316.471
 30
0.0
  0
VERTEX
  8
STRADE
 10
   48906.011
 20
   46314.341
 30
0.0
  0
VERTEX
  8
STRADE
 10
   48918.173
 20
   46308.598
 30
0.0
  0
VERTEX
  8
STRADE
 10
   48921.583
 20
   46306.955
 30
0.0
  0
VERTEX
  8
STRADE
 10
   48925.236
 20
   46305.050
 30
0.0
  0
VERTEX
  8
STRADE
 10
   48931.443
 20
   46303.256
 30
0.0
  0
VERTEX
  8
STRADE
 10
   48934.242
 20
   46302.447
 30
0.0
  0
VERTEX
  8
STRADE
 10
   48940.464
 20
   46300.726
 30
0.0
  0
VERTEX
  8
STRADE
 10
   48941.167
 20
   46300.532
 30
0.0
  0
VERTEX
  8
STRADE
 10
   48945.922
 20
   46299.239
 30
0.0
  0
VERTEX
  8
STRADE
 10
   48955.398
 20
   46296.648
 30
0.0
  0
VERTEX
  8
STRADE
 10
   48955.062
 20
   46295.192
 30
0.0
  0
VERTEX
  8
STRADE
 10
   48956.210
 20
   46294.943
 30
0.0
  0
VERTEX
  8
STRADE
 10
   48957.866
 20
   46294.584
 30
0.0
  0
VERTEX
  8
STRADE
 10
   48967.563
 20
   46292.812
 30
0.0
  0
VERTEX
  8
STRADE
 10
   48968.692
 20
   46292.636
 30
0.0
  0
VERTEX
  8
STRADE
 10
   48966.865
 20
   46276.723
 30
0.0
  0
VERTEX
  8
STRADE
 10
   48966.830
 20
   46275.462
 30
0.0
  0
VERTEX
  8
STRADE
 10
   48966.880
 20
   46273.175
 30
0.0
  0
VERTEX
  8
STRADE
 10
   48962.495
 20
   46261.965
 30
0.0
  0
VERTEX
  8
STRADE
 10
   48959.614
 20
   46254.307
 30
0.0
  0
VERTEX
  8
STRADE
 10
   48959.252
 20
   46253.299
 30
0.0
  0
VERTEX
  8
STRADE
 10
   48958.325
 20
   46251.002
 30
0.0
  0
VERTEX
  8
STRADE
 10
   48957.520
 20
   46248.906
 30
0.0
  0
VERTEX
  8
STRADE
 10
   48955.909
 20
   46245.118
 30
0.0
  0
VERTEX
  8
STRADE
 10
   48949.069
 20
   46229.873
 30
0.0
  0
VERTEX
  8
STRADE
 10
   48948.077
 20
   46226.676
 30
0.0
  0
VERTEX
  8
STRADE
 10
   48947.306
 20
   46223.919
 30
0.0
  0
VERTEX
  8
STRADE
 10
   48947.285
 20
   46223.847
 30
0.0
  0
VERTEX
  8
STRADE
 10
   48952.704
 20
   46222.081
 30
0.0
  0
VERTEX
  8
STRADE
 10
   48952.763
 20
   46222.227
 30
0.0
  0
VERTEX
  8
STRADE
 10
   48953.467
 20
   46224.149
 30
0.0
  0
VERTEX
  8
STRADE
 10
   48958.256
 20
   46237.148
 30
0.0
  0
VERTEX
  8
STRADE
 10
   48960.552
 20
   46243.359
 30
0.0
  0
VERTEX
  8
STRADE
 10
   48961.743
 20
   46246.350
 30
0.0
  0
VERTEX
  8
STRADE
 10
   48973.627
 20
   46241.300
 30
0.0
  0
VERTEX
  8
STRADE
 10
   48986.360
 20
   46235.855
 30
0.0
  0
VERTEX
  8
STRADE
 10
   48985.106
 20
   46232.681
 30
0.0
  0
VERTEX
  8
STRADE
 10
   48983.299
 20
   46228.083
 30
0.0
  0
VERTEX
  8
STRADE
 10
   48989.268
 20
   46225.632
 30
0.0
  0
VERTEX
  8
STRADE
 10
   48991.048
 20
   46230.082
 30
0.0
  0
VERTEX
  8
STRADE
 10
   48993.106
 20
   46229.182
 30
0.0
  0
VERTEX
  8
STRADE
 10
   49003.390
 20
   46224.745
 30
0.0
  0
VERTEX
  8
STRADE
 10
   49002.157
 20
   46221.565
 30
0.0
  0
VERTEX
  8
STRADE
 10
   49000.464
 20
   46222.306
 30
0.0
  0
VERTEX
  8
STRADE
 10
   48999.844
 20
   46220.792
 30
0.0
  0
VERTEX
  8
STRADE
 10
   48994.664
 20
   46207.555
 30
0.0
  0
VERTEX
  8
STRADE
 10
   48989.194
 20
   46193.616
 30
0.0
  0
VERTEX
  8
STRADE
 10
   48987.462
 20
   46189.255
 30
0.0
  0
VERTEX
  8
STRADE
 10
   48985.682
 20
   46184.645
 30
0.0
  0
VERTEX
  8
STRADE
 10
   48988.696
 20
   46183.470
 30
0.0
  0
VERTEX
  8
STRADE
 10
   48992.519
 20
   46181.980
 30
0.0
  0
VERTEX
  8
STRADE
 10
   48990.587
 20
   46176.316
 30
0.0
  0
VERTEX
  8
STRADE
 10
   49003.737
 20
   46171.553
 30
0.0
  0
VERTEX
  8
STRADE
 10
   49006.342
 20
   46170.628
 30
0.0
  0
VERTEX
  8
STRADE
 10
   49011.901
 20
   46168.655
 30
0.0
  0
VERTEX
  8
STRADE
 10
   49015.477
 20
   46170.380
 30
0.0
  0
VERTEX
  8
STRADE
 10
   49019.189
 20
   46172.171
 30
0.0
  0
VERTEX
  8
STRADE
 10
   49020.063
 20
   46171.819
 30
0.0
  0
VERTEX
  8
STRADE
 10
   49031.349
 20
   46167.277
 30
0.0
  0
VERTEX
  8
STRADE
 10
   49038.437
 20
   46164.028
 30
0.0
  0
VERTEX
  8
STRADE
 10
   49050.753
 20
   46158.642
 30
0.0
  0
VERTEX
  8
STRADE
 10
   49046.834
 20
   46150.367
 30
0.0
  0
VERTEX
  8
STRADE
 10
   49041.988
 20
   46140.045
 30
0.0
  0
VERTEX
  8
STRADE
 10
   49049.367
 20
   46155.355
 30
0.0
  0
VERTEX
  8
STRADE
 10
   49050.902
 20
   46158.574
 30
0.0
  0
VERTEX
  8
STRADE
 10
   49069.347
 20
   46151.532
 30
0.0
  0
VERTEX
  8
STRADE
 10
   49081.639
 20
   46146.562
 30
0.0
  0
VERTEX
  8
STRADE
 10
   49088.475
 20
   46143.662
 30
0.0
  0
VERTEX
  8
STRADE
 10
   49090.949
 20
   46142.657
 30
0.0
  0
VERTEX
  8
STRADE
 10
   49104.397
 20
   46137.059
 30
0.0
  0
VERTEX
  8
STRADE
 10
   49107.624
 20
   46135.828
 30
0.0
  0
VERTEX
  8
STRADE
 10
   49102.520
 20
   46122.214
 30
0.0
  0
VERTEX
  8
STRADE
 10
   49100.111
 20
   46115.635
 30
0.0
  0
VERTEX
  8
STRADE
 10
   49099.103
 20
   46113.128
 30
0.0
  0
VERTEX
  8
STRADE
 10
   49096.124
 20
   46106.656
 30
0.0
  0
VERTEX
  8
STRADE
 10
   49092.071
 20
   46097.667
 30
0.0
  0
VERTEX
  8
STRADE
 10
   49090.877
 20
   46095.142
 30
0.0
  0
VERTEX
  8
STRADE
 10
   49087.925
 20
   46088.966
 30
0.0
  0
VERTEX
  8
STRADE
 10
   49084.961
 20
   46082.963
 30
0.0
  0
VERTEX
  8
STRADE
 10
   49083.107
 20
   46079.378
 30
0.0
  0
VERTEX
  8
STRADE
 10
   49080.960
 20
   46074.592
 30
0.0
  0
VERTEX
  8
STRADE
 10
   49080.639
 20
   46074.461
 30
0.0
  0
VERTEX
  8
STRADE
 10
   49073.265
 20
   46068.825
 30
0.0
  0
VERTEX
  8
STRADE
 10
   49072.323
 20
   46067.956
 30
0.0
  0
VERTEX
  8
STRADE
 10
   49068.999
 20
   46066.483
 30
0.0
  0
VERTEX
  8
STRADE
 10
   49065.211
 20
   46064.846
 30
0.0
  0
VERTEX
  8
STRADE
 10
   49063.196
 20
   46063.905
 30
0.0
  0
VERTEX
  8
STRADE
 10
   49053.398
 20
   46058.763
 30
0.0
  0
VERTEX
  8
STRADE
 10
   49047.960
 20
   46055.774
 30
0.0
  0
VERTEX
  8
STRADE
 10
   49044.817
 20
   46054.047
 30
0.0
  0
VERTEX
  8
STRADE
 10
   49038.000
 20
   46050.255
 30
0.0
  0
VERTEX
  8
STRADE
 10
   49033.867
 20
   46048.021
 30
0.0
  0
VERTEX
  8
STRADE
 10
   49031.700
 20
   46046.807
 30
0.0
  0
VERTEX
  8
STRADE
 10
   49028.496
 20
   46044.983
 30
0.0
  0
VERTEX
  8
STRADE
 10
   49024.146
 20
   46042.662
 30
0.0
  0
VERTEX
  8
STRADE
 10
   49023.310
 20
   46042.157
 30
0.0
  0
VERTEX
  8
STRADE
 10
   49021.431
 20
   46041.742
 30
0.0
  0
VERTEX
  8
STRADE
 10
   49018.994
 20
   46041.406
 30
0.0
  0
VERTEX
  8
STRADE
 10
   49016.607
 20
   46041.151
 30
0.0
  0
VERTEX
  8
STRADE
 10
   49014.184
 20
   46040.876
 30
0.0
  0
VERTEX
  8
STRADE
 10
   49009.762
 20
   46040.857
 30
0.0
  0
VERTEX
  8
STRADE
 10
   49005.395
 20
   46041.085
 30
0.0
  0
VERTEX
  8
STRADE
 10
   49002.553
 20
   46041.500
 30
0.0
  0
VERTEX
  8
STRADE
 10
   49000.303
 20
   46041.866
 30
0.0
  0
VERTEX
  8
STRADE
 10
   49000.193
 20
   46041.619
 30
0.0
  0
VERTEX
  8
STRADE
 10
   48999.926
 20
   46040.920
 30
0.0
  0
VERTEX
  8
STRADE
 10
   48999.471
 20
   46039.620
 30
0.0
  0
VERTEX
  8
STRADE
 10
   48997.809
 20
   46035.375
 30
0.0
  0
VERTEX
  8
STRADE
 10
   48998.169
 20
   46035.254
 30
0.0
  0
VERTEX
  8
STRADE
 10
   49004.654
 20
   46033.123
 30
0.0
  0
VERTEX
  8
STRADE
 10
   49007.928
 20
   46032.096
 30
0.0
  0
VERTEX
  8
STRADE
 10
   49007.869
 20
   46031.029
 30
0.0
  0
VERTEX
  8
STRADE
 10
   49007.610
 20
   46021.003
 30
0.0
  0
VERTEX
  8
STRADE
 10
   49016.506
 20
   46017.340
 30
0.0
  0
VERTEX
  8
STRADE
 10
   49034.167
 20
   46009.926
 30
0.0
  0
VERTEX
  8
STRADE
 10
   49055.387
 20
   46000.980
 30
0.0
  0
VERTEX
  8
STRADE
 10
   49068.590
 20
   45995.604
 30
0.0
  0
VERTEX
  8
STRADE
 10
   49075.349
 20
   45992.784
 30
0.0
  0
VERTEX
  8
STRADE
 10
   49077.387
 20
   45991.826
 30
0.0
  0
VERTEX
  8
STRADE
 10
   49091.254
 20
   45985.881
 30
0.0
  0
VERTEX
  8
STRADE
 10
   49112.778
 20
   45976.584
 30
0.0
  0
VERTEX
  8
STRADE
 10
   49129.036
 20
   45969.215
 30
0.0
  0
VERTEX
  8
STRADE
 10
   49131.280
 20
   45974.713
 30
0.0
  0
VERTEX
  8
STRADE
 10
   49126.571
 20
   45976.808
 30
0.0
  0
VERTEX
  8
STRADE
 10
   49120.813
 20
   45979.164
 30
0.0
  0
VERTEX
  8
STRADE
 10
   49113.293
 20
   45982.168
 30
0.0
  0
VERTEX
  8
STRADE
 10
   49111.333
 20
   45982.938
 30
0.0
  0
VERTEX
  8
STRADE
 10
   49109.900
 20
   45983.425
 30
0.0
  0
VERTEX
  8
STRADE
 10
   49108.333
 20
   45984.181
 30
0.0
  0
VERTEX
  8
STRADE
 10
   49097.674
 20
   45988.540
 30
0.0
  0
VERTEX
  8
STRADE
 10
   49098.130
 20
   45989.571
 30
0.0
  0
VERTEX
  8
STRADE
 10
   49095.561
 20
   45990.897
 30
0.0
  0
VERTEX
  8
STRADE
 10
   49093.088
 20
   45992.410
 30
0.0
  0
VERTEX
  8
STRADE
 10
   49091.103
 20
   45993.501
 30
0.0
  0
VERTEX
  8
STRADE
 10
   49088.393
 20
   45994.806
 30
0.0
  0
VERTEX
  8
STRADE
 10
   49083.960
 20
   45996.575
 30
0.0
  0
VERTEX
  8
STRADE
 10
   49079.379
 20
   45998.636
 30
0.0
  0
VERTEX
  8
STRADE
 10
   49072.064
 20
   46001.077
 30
0.0
  0
VERTEX
  8
STRADE
 10
   49066.221
 20
   46002.770
 30
0.0
  0
VERTEX
  8
STRADE
 10
   49064.210
 20
   46003.668
 30
0.0
  0
VERTEX
  8
STRADE
 10
   49055.515
 20
   46007.550
 30
0.0
  0
VERTEX
  8
STRADE
 10
   49050.225
 20
   46009.901
 30
0.0
  0
VERTEX
  8
STRADE
 10
   49041.739
 20
   46013.487
 30
0.0
  0
VERTEX
  8
STRADE
 10
   49033.024
 20
   46017.351
 30
0.0
  0
VERTEX
  8
STRADE
 10
   49026.275
 20
   46020.243
 30
0.0
  0
VERTEX
  8
STRADE
 10
   49025.585
 20
   46021.106
 30
0.0
  0
VERTEX
  8
STRADE
 10
   49025.448
 20
   46022.113
 30
0.0
  0
VERTEX
  8
STRADE
 10
   49025.825
 20
   46023.322
 30
0.0
  0
VERTEX
  8
STRADE
 10
   49026.471
 20
   46023.799
 30
0.0
  0
VERTEX
  8
STRADE
 10
   49029.429
 20
   46025.428
 30
0.0
  0
VERTEX
  8
STRADE
 10
   49034.216
 20
   46028.056
 30
0.0
  0
VERTEX
  8
STRADE
 10
   49041.407
 20
   46031.993
 30
0.0
  0
VERTEX
  8
STRADE
 10
   49047.042
 20
   46035.005
 30
0.0
  0
VERTEX
  8
STRADE
 10
   49051.741
 20
   46038.393
 30
0.0
  0
VERTEX
  8
STRADE
 10
   49055.252
 20
   46040.820
 30
0.0
  0
VERTEX
  8
STRADE
 10
   49058.999
 20
   46043.891
 30
0.0
  0
VERTEX
  8
STRADE
 10
   49062.927
 20
   46046.210
 30
0.0
  0
VERTEX
  8
STRADE
 10
   49074.722
 20
   46053.244
 30
0.0
  0
VERTEX
  8
STRADE
 10
   49093.511
 20
   46064.217
 30
0.0
  0
VERTEX
  8
STRADE
 10
   49101.081
 20
   46068.638
 30
0.0
  0
VERTEX
  8
STRADE
 10
   49101.998
 20
   46069.128
 30
0.0
  0
VERTEX
  8
STRADE
 10
   49104.856
 20
   46071.411
 30
0.0
  0
VERTEX
  8
STRADE
 10
   49108.888
 20
   46074.882
 30
0.0
  0
VERTEX
  8
STRADE
 10
   49123.019
 20
   46087.296
 30
0.0
  0
VERTEX
  8
STRADE
 10
   49124.506
 20
   46088.524
 30
0.0
  0
VERTEX
  8
STRADE
 10
   49124.945
 20
   46089.017
 30
0.0
  0
VERTEX
  8
STRADE
 10
   49128.382
 20
   46096.811
 30
0.0
  0
VERTEX
  8
STRADE
 10
   49130.010
 20
   46100.945
 30
0.0
  0
VERTEX
  8
STRADE
 10
   49134.149
 20
   46099.347
 30
0.0
  0
VERTEX
  8
STRADE
 10
   49139.744
 20
   46097.198
 30
0.0
  0
VERTEX
  8
STRADE
 10
   49157.384
 20
   46090.452
 30
0.0
  0
VERTEX
  8
STRADE
 10
   49162.319
 20
   46088.533
 30
0.0
  0
VERTEX
  8
STRADE
 10
   49165.507
 20
   46087.383
 30
0.0
  0
VERTEX
  8
STRADE
 10
   49167.297
 20
   46086.733
 30
0.0
  0
VERTEX
  8
STRADE
 10
   49172.899
 20
   46084.760
 30
0.0
  0
VERTEX
  8
STRADE
 10
   49175.477
 20
   46083.637
 30
0.0
  0
VERTEX
  8
STRADE
 10
   49173.155
 20
   46078.137
 30
0.0
  0
VERTEX
  8
STRADE
 10
   49170.557
 20
   46071.472
 30
0.0
  0
VERTEX
  8
STRADE
 10
   49168.378
 20
   46066.000
 30
0.0
  0
VERTEX
  8
STRADE
 10
   49164.165
 20
   46055.647
 30
0.0
  0
VERTEX
  8
STRADE
 10
   49167.508
 20
   46063.532
 30
0.0
  0
VERTEX
  8
STRADE
 10
   49175.356
 20
   46083.177
 30
0.0
  0
VERTEX
  8
STRADE
 10
   49175.529
 20
   46083.614
 30
0.0
  0
VERTEX
  8
STRADE
 10
   49175.883
 20
   46084.504
 30
0.0
  0
VERTEX
  8
STRADE
 10
   49179.795
 20
   46093.948
 30
0.0
  0
VERTEX
  8
STRADE
 10
   49178.742
 20
   46094.400
 30
0.0
  0
VERTEX
  8
STRADE
 10
   49169.536
 20
   46098.222
 30
0.0
  0
VERTEX
  8
STRADE
 10
   49154.996
 20
   46104.116
 30
0.0
  0
VERTEX
  8
STRADE
 10
   49140.644
 20
   46110.044
 30
0.0
  0
VERTEX
  8
STRADE
 10
   49120.361
 20
   46118.444
 30
0.0
  0
VERTEX
  8
STRADE
 10
   49114.547
 20
   46120.904
 30
0.0
  0
VERTEX
  8
STRADE
 10
   49115.741
 20
   46124.038
 30
0.0
  0
VERTEX
  8
STRADE
 10
   49118.276
 20
   46130.384
 30
0.0
  0
VERTEX
  8
STRADE
 10
   49119.568
 20
   46133.934
 30
0.0
  0
VERTEX
  8
STRADE
 10
   49121.507
 20
   46138.750
 30
0.0
  0
VERTEX
  8
STRADE
 10
   49125.979
 20
   46150.378
 30
0.0
  0
VERTEX
  8
STRADE
 10
   49127.734
 20
   46155.005
 30
0.0
  0
VERTEX
  8
STRADE
 10
   49128.560
 20
   46157.496
 30
0.0
  0
VERTEX
  8
STRADE
 10
   49131.526
 20
   46164.676
 30
0.0
  0
VERTEX
  8
STRADE
 10
   49135.362
 20
   46174.443
 30
0.0
  0
VERTEX
  8
STRADE
 10
   49137.547
 20
   46180.145
 30
0.0
  0
VERTEX
  8
STRADE
 10
   49142.815
 20
   46192.592
 30
0.0
  0
VERTEX
  8
STRADE
 10
   49148.366
 20
   46205.324
 30
0.0
  0
VERTEX
  8
STRADE
 10
   49150.721
 20
   46210.968
 30
0.0
  0
VERTEX
  8
STRADE
 10
   49153.928
 20
   46218.465
 30
0.0
  0
VERTEX
  8
STRADE
 10
   49159.398
 20
   46231.433
 30
0.0
  0
VERTEX
  8
STRADE
 10
   49160.093
 20
   46233.205
 30
0.0
  0
VERTEX
  8
STRADE
 10
   49163.309
 20
   46240.805
 30
0.0
  0
VERTEX
  8
STRADE
 10
   49165.489
 20
   46245.934
 30
0.0
  0
VERTEX
  8
STRADE
 10
   49168.676
 20
   46253.073
 30
0.0
  0
VERTEX
  8
STRADE
 10
   49171.209
 20
   46258.900
 30
0.0
  0
VERTEX
  8
STRADE
 10
   49173.313
 20
   46264.031
 30
0.0
  0
VERTEX
  8
STRADE
 10
   49174.540
 20
   46266.853
 30
0.0
  0
VERTEX
  8
STRADE
 10
   49184.645
 20
   46262.980
 30
0.0
  0
VERTEX
  8
STRADE
 10
   49192.096
 20
   46260.319
 30
0.0
  0
VERTEX
  8
STRADE
 10
   49205.200
 20
   46255.246
 30
0.0
  0
VERTEX
  8
STRADE
 10
   49226.558
 20
   46247.045
 30
0.0
  0
VERTEX
  8
STRADE
 10
   49228.274
 20
   46246.413
 30
0.0
  0
VERTEX
  8
STRADE
 10
   49238.858
 20
   46242.410
 30
0.0
  0
VERTEX
  8
STRADE
 10
   49239.342
 20
   46242.184
 30
0.0
  0
VERTEX
  8
STRADE
 10
   49243.889
 20
   46253.638
 30
0.0
  0
VERTEX
  8
STRADE
 10
   49232.100
 20
   46258.387
 30
0.0
  0
VERTEX
  8
STRADE
 10
   49210.839
 20
   46267.097
 30
0.0
  0
VERTEX
  8
STRADE
 10
   49189.618
 20
   46275.719
 30
0.0
  0
VERTEX
  8
STRADE
 10
   49184.425
 20
   46277.823
 30
0.0
  0
VERTEX
  8
STRADE
 10
   49180.637
 20
   46279.508
 30
0.0
  0
VERTEX
  8
STRADE
 10
   49183.069
 20
   46285.954
 30
0.0
  0
VERTEX
  8
STRADE
 10
   49188.067
 20
   46298.830
 30
0.0
  0
VERTEX
  8
STRADE
 10
   49189.216
 20
   46301.116
 30
0.0
  0
VERTEX
  8
STRADE
 10
   49194.352
 20
   46312.844
 30
0.0
  0
VERTEX
  8
STRADE
 10
   49199.891
 20
   46325.381
 30
0.0
  0
VERTEX
  8
STRADE
 10
   49204.712
 20
   46336.647
 30
0.0
  0
VERTEX
  8
STRADE
 10
   49208.151
 20
   46344.592
 30
0.0
  0
VERTEX
  8
STRADE
 10
   49203.758
 20
   46347.364
 30
0.0
  0
VERTEX
  8
STRADE
 10
   49198.247
 20
   46350.894
 30
0.0
  0
VERTEX
  8
STRADE
 10
   49198.163
 20
   46350.697
 30
0.0
  0
VERTEX
  8
STRADE
 10
   49194.249
 20
   46341.520
 30
0.0
  0
VERTEX
  8
STRADE
 10
   49193.270
 20
   46339.174
 30
0.0
  0
VERTEX
  8
STRADE
 10
   49189.940
 20
   46331.255
 30
0.0
  0
VERTEX
  8
STRADE
 10
   49184.349
 20
   46318.049
 30
0.0
  0
VERTEX
  8
STRADE
 10
   49179.576
 20
   46306.800
 30
0.0
  0
VERTEX
  8
STRADE
 10
   49177.636
 20
   46303.000
 30
0.0
  0
VERTEX
  8
STRADE
 10
   49176.383
 20
   46299.635
 30
0.0
  0
VERTEX
  8
STRADE
 10
   49169.637
 20
   46283.762
 30
0.0
  0
VERTEX
  8
STRADE
 10
   49161.953
 20
   46286.841
 30
0.0
  0
VERTEX
  8
STRADE
 10
   49152.938
 20
   46290.270
 30
0.0
  0
VERTEX
  8
STRADE
 10
   49143.596
 20
   46293.858
 30
0.0
  0
VERTEX
  8
STRADE
 10
   49136.531
 20
   46296.994
 30
0.0
  0
VERTEX
  8
STRADE
 10
   49128.316
 20
   46300.271
 30
0.0
  0
VERTEX
  8
STRADE
 10
   49114.548
 20
   46305.853
 30
0.0
  0
VERTEX
  8
STRADE
 10
   49103.379
 20
   46310.381
 30
0.0
  0
VERTEX
  8
STRADE
 10
   49101.341
 20
   46311.225
 30
0.0
  0
VERTEX
  8
STRADE
 10
   49087.874
 20
   46316.382
 30
0.0
  0
VERTEX
  8
STRADE
 10
   49080.107
 20
   46319.384
 30
0.0
  0
VERTEX
  8
STRADE
 10
   49075.509
 20
   46321.255
 30
0.0
  0
VERTEX
  8
STRADE
 10
   49080.323
 20
   46328.578
 30
0.0
  0
VERTEX
  8
STRADE
 10
   49086.255
 20
   46338.128
 30
0.0
  0
VERTEX
  8
STRADE
 10
   49093.669
 20
   46349.844
 30
0.0
  0
VERTEX
  8
STRADE
 10
   49102.373
 20
   46362.960
 30
0.0
  0
VERTEX
  8
STRADE
 10
   49110.419
 20
   46375.312
 30
0.0
  0
VERTEX
  8
STRADE
 10
   49118.857
 20
   46387.899
 30
0.0
  0
VERTEX
  8
STRADE
 10
   49120.126
 20
   46389.787
 30
0.0
  0
VERTEX
  8
STRADE
 10
   49125.839
 20
   46398.476
 30
0.0
  0
VERTEX
  8
STRADE
 10
   49118.822
 20
   46402.990
 30
0.0
  0
VERTEX
  8
STRADE
 10
   49117.803
 20
   46403.770
 30
0.0
  0
VERTEX
  8
STRADE
 10
   49113.631
 20
   46397.572
 30
0.0
  0
VERTEX
  8
STRADE
 10
   49105.612
 20
   46385.701
 30
0.0
  0
VERTEX
  8
STRADE
 10
   49096.537
 20
   46372.233
 30
0.0
  0
VERTEX
  8
STRADE
 10
   49092.642
 20
   46366.260
 30
0.0
  0
VERTEX
  8
STRADE
 10
   49087.679
 20
   46358.786
 30
0.0
  0
VERTEX
  8
STRADE
 10
   49083.355
 20
   46352.081
 30
0.0
  0
VERTEX
  8
STRADE
 10
   49075.172
 20
   46339.554
 30
0.0
  0
VERTEX
  8
STRADE
 10
   49067.118
 20
   46327.260
 30
0.0
  0
VERTEX
  8
STRADE
 10
   49065.509
 20
   46325.018
 30
0.0
  0
VERTEX
  8
STRADE
 10
   49063.001
 20
   46325.891
 30
0.0
  0
VERTEX
  8
STRADE
 10
   49056.467
 20
   46328.373
 30
0.0
  0
VERTEX
  8
STRADE
 10
   49053.225
 20
   46329.633
 30
0.0
  0
VERTEX
  8
STRADE
 10
   49050.854
 20
   46330.621
 30
0.0
  0
VERTEX
  8
STRADE
 10
   49047.128
 20
   46332.145
 30
0.0
  0
VERTEX
  8
STRADE
 10
   49042.255
 20
   46334.018
 30
0.0
  0
VERTEX
  8
STRADE
 10
   49046.168
 20
   46341.621
 30
0.0
  0
VERTEX
  8
STRADE
 10
   49047.682
 20
   46344.231
 30
0.0
  0
VERTEX
  8
STRADE
 10
   49053.510
 20
   46350.857
 30
0.0
  0
VERTEX
  8
STRADE
 10
   49061.962
 20
   46360.290
 30
0.0
  0
VERTEX
  8
STRADE
 10
   49064.813
 20
   46363.525
 30
0.0
  0
VERTEX
  8
STRADE
 10
   49062.873
 20
   46364.822
 30
0.0
  0
VERTEX
  8
STRADE
 10
   49054.509
 20
   46356.019
 30
0.0
  0
VERTEX
  8
STRADE
 10
   49046.173
 20
   46347.275
 30
0.0
  0
VERTEX
  8
STRADE
 10
   49043.719
 20
   46344.371
 30
0.0
  0
VERTEX
  8
STRADE
 10
   49039.512
 20
   46338.398
 30
0.0
  0
VERTEX
  8
STRADE
 10
   49037.169
 20
   46334.920
 30
0.0
  0
VERTEX
  8
STRADE
 10
   49030.254
 20
   46337.509
 30
0.0
  0
VERTEX
  8
STRADE
 10
   49022.643
 20
   46341.336
 30
0.0
  0
VERTEX
  8
STRADE
 10
   49025.901
 20
   46346.326
 30
0.0
  0
VERTEX
  8
STRADE
 10
   49030.192
 20
   46352.927
 30
0.0
  0
VERTEX
  8
STRADE
 10
   49036.073
 20
   46361.778
 30
0.0
  0
VERTEX
  8
STRADE
 10
   49039.190
 20
   46366.380
 30
0.0
  0
VERTEX
  8
STRADE
 10
   49042.813
 20
   46372.202
 30
0.0
  0
VERTEX
  8
STRADE
 10
   49051.279
 20
   46385.062
 30
0.0
  0
VERTEX
  8
STRADE
 10
   49059.105
 20
   46397.206
 30
0.0
  0
VERTEX
  8
STRADE
 10
   49061.355
 20
   46400.618
 30
0.0
  0
VERTEX
  8
STRADE
 10
   49070.099
 20
   46413.175
 30
0.0
  0
VERTEX
  8
STRADE
 10
   49078.102
 20
   46424.229
 30
0.0
  0
VERTEX
  8
STRADE
 10
   49080.406
 20
   46427.495
 30
0.0
  0
VERTEX
  8
STRADE
 10
   49080.195
 20
   46427.626
 30
0.0
  0
VERTEX
  8
STRADE
 10
   49076.476
 20
   46429.950
 30
0.0
  0
VERTEX
  8
STRADE
 10
   49072.066
 20
   46432.705
 30
0.0
  0
VERTEX
  8
STRADE
 10
   49071.971
 20
   46432.573
 30
0.0
  0
VERTEX
  8
STRADE
 10
   49068.014
 20
   46427.061
 30
0.0
  0
VERTEX
  8
STRADE
 10
   49062.822
 20
   46419.780
 30
0.0
  0
VERTEX
  8
STRADE
 10
   49059.876
 20
   46415.596
 30
0.0
  0
VERTEX
  8
STRADE
 10
   49051.421
 20
   46402.910
 30
0.0
  0
VERTEX
  8
STRADE
 10
   49045.546
 20
   46393.898
 30
0.0
  0
VERTEX
  8
STRADE
 10
   49043.477
 20
   46390.535
 30
0.0
  0
VERTEX
  8
STRADE
 10
   49043.112
 20
   46389.967
 30
0.0
  0
VERTEX
  8
STRADE
 10
   49040.238
 20
   46385.480
 30
0.0
  0
VERTEX
  8
STRADE
 10
   49033.269
 20
   46374.665
 30
0.0
  0
VERTEX
  8
STRADE
 10
   49027.624
 20
   46366.162
 30
0.0
  0
VERTEX
  8
STRADE
 10
   49025.515
 20
   46363.126
 30
0.0
  0
VERTEX
  8
STRADE
 10
   49020.037
 20
   46354.953
 30
0.0
  0
VERTEX
  8
STRADE
 10
   49017.166
 20
   46350.612
 30
0.0
  0
VERTEX
  8
STRADE
 10
   49013.607
 20
   46345.402
 30
0.0
  0
VERTEX
  8
STRADE
 10
   49005.644
 20
   46333.768
 30
0.0
  0
VERTEX
  8
STRADE
 10
   49000.316
 20
   46337.465
 30
0.0
  0
VERTEX
  8
STRADE
 10
   48981.040
 20
   46350.189
 30
0.0
  0
VERTEX
  8
STRADE
 10
   48966.076
 20
   46360.312
 30
0.0
  0
VERTEX
  8
STRADE
 10
   48961.342
 20
   46363.367
 30
0.0
  0
VERTEX
  8
STRADE
 10
   48959.867
 20
   46364.411
 30
0.0
  0
VERTEX
  8
STRADE
 10
   48953.557
 20
   46368.514
 30
0.0
  0
VERTEX
  8
STRADE
 10
   48949.890
 20
   46371.044
 30
0.0
  0
VERTEX
  8
STRADE
 10
   48943.809
 20
   46375.043
 30
0.0
  0
VERTEX
  8
STRADE
 10
   48941.979
 20
   46376.274
 30
0.0
  0
VERTEX
  8
STRADE
 10
   48938.338
 20
   46378.682
 30
0.0
  0
VERTEX
  8
STRADE
 10
   48922.035
 20
   46389.763
 30
0.0
  0
VERTEX
  8
STRADE
 10
   48910.390
 20
   46397.719
 30
0.0
  0
VERTEX
  8
STRADE
 10
   48902.287
 20
   46403.037
 30
0.0
  0
VERTEX
  8
STRADE
 10
   48888.400
 20
   46412.239
 30
0.0
  0
VERTEX
  8
STRADE
 10
   48872.011
 20
   46423.133
 30
0.0
  0
VERTEX
  8
STRADE
 10
   48859.963
 20
   46431.169
 30
0.0
  0
VERTEX
  8
STRADE
 10
   48857.745
 20
   46432.831
 30
0.0
  0
VERTEX
  8
STRADE
 10
   48848.470
 20
   46429.015
 30
0.0
  0
VERTEX
  8
STRADE
 10
   48833.466
 20
   46438.646
 30
0.0
  0
VERTEX
  8
STRADE
 10
   48817.788
 20
   46442.447
 30
0.0
  0
VERTEX
  8
STRADE
 10
   48817.758
 20
   46441.051
 30
0.0
  0
VERTEX
  8
STRADE
 10
   48817.885
 20
   46433.507
 30
0.0
  0
VERTEX
  8
STRADE
 10
   48812.060
 20
   46433.378
 30
0.0
  0
VERTEX
  8
STRADE
 10
   48802.884
 20
   46433.017
 30
0.0
  0
VERTEX
  8
STRADE
 10
   48800.676
 20
   46432.863
 30
0.0
  0
VERTEX
  8
STRADE
 10
   48794.139
 20
   46432.545
 30
0.0
  0
VERTEX
  8
STRADE
 10
   48786.997
 20
   46432.437
 30
0.0
  0
VERTEX
  8
STRADE
 10
   48781.584
 20
   46432.275
 30
0.0
  0
VERTEX
  8
STRADE
 10
   48780.886
 20
   46432.186
 30
0.0
  0
VERTEX
  8
STRADE
 10
   48779.075
 20
   46432.143
 30
0.0
  0
VERTEX
  8
STRADE
 10
   48778.070
 20
   46437.229
 30
0.0
  0
VERTEX
  8
STRADE
 10
   48776.503
 20
   46445.888
 30
0.0
  0
VERTEX
  8
STRADE
 10
   48774.249
 20
   46445.760
 30
0.0
  0
VERTEX
  8
STRADE
 10
   48771.443
 20
   46445.106
 30
0.0
  0
VERTEX
  8
STRADE
 10
   48774.156
 20
   46432.736
 30
0.0
  0
VERTEX
  8
STRADE
 10
   48774.606
 20
   46430.259
 30
0.0
  0
VERTEX
  8
STRADE
 10
   48761.922
 20
   46430.548
 30
0.0
  0
VERTEX
  8
STRADE
 10
   48755.544
 20
   46430.984
 30
0.0
  0
SEQEND
  8
STRADE
  0
POLYLINE
  8
STRADE
  6
INTERNA
 66
1
 10
0.0
 20
0.0
 30
0.0
 70
1
  0
VERTEX
  8
STRADE
  6
INTERNA
 10
   48997.618
 20
   46303.005
 30
0.0
  0
VERTEX
  8
STRADE
  6
INTERNA
 10
   49007.749
 20
   46317.792
 30
0.0
  0
VERTEX
  8
STRADE
  6
INTERNA
 10
   49014.353
 20
   46327.559
 30
0.0
  0
VERTEX
  8
STRADE
  6
INTERNA
 10
   49015.918
 20
   46329.869
 30
0.0
  0
VERTEX
  8
STRADE
  6
INTERNA
 10
   49028.634
 20
   46324.949
 30
0.0
  0
VERTEX
  8
STRADE
  6
INTERNA
 10
   49026.492
 20
   46318.509
 30
0.0
  0
VERTEX
  8
STRADE
  6
INTERNA
 10
   49024.255
 20
   46311.637
 30
0.0
  0
VERTEX
  8
STRADE
  6
INTERNA
 10
   49025.808
 20
   46311.038
 30
0.0
  0
VERTEX
  8
STRADE
  6
INTERNA
 10
   49029.395
 20
   46321.329
 30
0.0
  0
VERTEX
  8
STRADE
  6
INTERNA
 10
   49030.343
 20
   46324.072
 30
0.0
  0
VERTEX
  8
STRADE
  6
INTERNA
 10
   49041.987
 20
   46319.719
 30
0.0
  0
VERTEX
  8
STRADE
  6
INTERNA
 10
   49037.129
 20
   46306.545
 30
0.0
  0
VERTEX
  8
STRADE
  6
INTERNA
 10
   49033.754
 20
   46297.827
 30
0.0
  0
VERTEX
  8
STRADE
  6
INTERNA
 10
   49031.254
 20
   46299.255
 30
0.0
  0
VERTEX
  8
STRADE
  6
INTERNA
 10
   49029.893
 20
   46296.525
 30
0.0
  0
VERTEX
  8
STRADE
  6
INTERNA
 10
   49028.668
 20
   46293.502
 30
0.0
  0
VERTEX
  8
STRADE
  6
INTERNA
 10
   49022.821
 20
   46279.251
 30
0.0
  0
VERTEX
  8
STRADE
  6
INTERNA
 10
   49011.820
 20
   46283.780
 30
0.0
  0
VERTEX
  8
STRADE
  6
INTERNA
 10
   49005.586
 20
   46286.446
 30
0.0
  0
VERTEX
  8
STRADE
  6
INTERNA
 10
   49003.558
 20
   46281.498
 30
0.0
  0
VERTEX
  8
STRADE
  6
INTERNA
 10
   48998.828
 20
   46269.346
 30
0.0
  0
VERTEX
  8
STRADE
  6
INTERNA
 10
   48993.724
 20
   46271.451
 30
0.0
  0
VERTEX
  8
STRADE
  6
INTERNA
 10
   48988.215
 20
   46272.031
 30
0.0
  0
VERTEX
  8
STRADE
  6
INTERNA
 10
   48981.144
 20
   46272.637
 30
0.0
  0
VERTEX
  8
STRADE
  6
INTERNA
 10
   48976.095
 20
   46272.735
 30
0.0
  0
VERTEX
  8
STRADE
  6
INTERNA
 10
   48974.079
 20
   46273.875
 30
0.0
  0
VERTEX
  8
STRADE
  6
INTERNA
 10
   48972.061
 20
   46275.017
 30
0.0
  0
VERTEX
  8
STRADE
  6
INTERNA
 10
   48971.978
 20
   46283.599
 30
0.0
  0
VERTEX
  8
STRADE
  6
INTERNA
 10
   48971.965
 20
   46287.361
 30
0.0
  0
VERTEX
  8
STRADE
  6
INTERNA
 10
   48971.887
 20
   46293.225
 30
0.0
  0
VERTEX
  8
STRADE
  6
INTERNA
 10
   48971.910
 20
   46296.605
 30
0.0
  0
VERTEX
  8
STRADE
  6
INTERNA
 10
   48975.123
 20
   46296.116
 30
0.0
  0
VERTEX
  8
STRADE
  6
INTERNA
 10
   48980.610
 20
   46295.323
 30
0.0
  0
VERTEX
  8
STRADE
  6
INTERNA
 10
   48988.413
 20
   46294.041
 30
0.0
  0
VERTEX
  8
STRADE
  6
INTERNA
 10
   48994.355
 20
   46293.075
 30
0.0
  0
VERTEX
  8
STRADE
  6
INTERNA
 10
   48994.423
 20
   46294.580
 30
0.0
  0
VERTEX
  8
STRADE
  6
INTERNA
 10
   48994.688
 20
   46297.045
 30
0.0
  0
VERTEX
  8
STRADE
  6
INTERNA
 10
   48994.875
 20
   46299.065
 30
0.0
  0
VERTEX
  8
STRADE
  6
INTERNA
 10
   48995.334
 20
   46299.441
 30
0.0
  0
VERTEX
  8
STRADE
  6
INTERNA
 10
   48997.618
 20
   46303.005
 30
0.0
  0
SEQEND
  0
POLYLINE
  8
STRADE
  6
INTERNA
 66
1
 10
0.0
 20
0.0
 30
0.0
 70
1
  0
VERTEX
  8
STRADE
  6
INTERNA
 10
   49161.405
 20
   46264.476
 30
0.0
  0
VERTEX
  8
STRADE
  6
INTERNA
 10
   49154.078
 20
   46247.480
 30
0.0
  0
VERTEX
  8
STRADE
  6
INTERNA
 10
   49153.426
 20
   46245.839
 30
0.0
  0
VERTEX
  8
STRADE
  6
INTERNA
 10
   49149.307
 20
   46236.525
 30
0.0
  0
VERTEX
  8
STRADE
  6
INTERNA
 10
   49147.635
 20
   46232.635
 30
0.0
  0
VERTEX
  8
STRADE
  6
INTERNA
 10
   49145.000
 20
   46233.623
 30
0.0
  0
VERTEX
  8
STRADE
  6
INTERNA
 10
   49136.635
 20
   46237.017
 30
0.0
  0
VERTEX
  8
STRADE
  6
INTERNA
 10
   49129.234
 20
   46239.832
 30
0.0
  0
VERTEX
  8
STRADE
  6
INTERNA
 10
   49120.635
 20
   46243.255
 30
0.0
  0
VERTEX
  8
STRADE
  6
INTERNA
 10
   49123.813
 20
   46251.945
 30
0.0
  0
VERTEX
  8
STRADE
  6
INTERNA
 10
   49125.429
 20
   46256.098
 30
0.0
  0
VERTEX
  8
STRADE
  6
INTERNA
 10
   49126.148
 20
   46257.796
 30
0.0
  0
VERTEX
  8
STRADE
  6
INTERNA
 10
   49130.094
 20
   46267.683
 30
0.0
  0
VERTEX
  8
STRADE
  6
INTERNA
 10
   49136.255
 20
   46281.636
 30
0.0
  0
VERTEX
  8
STRADE
  6
INTERNA
 10
   49146.938
 20
   46277.533
 30
0.0
  0
VERTEX
  8
STRADE
  6
INTERNA
 10
   49161.704
 20
   46272.141
 30
0.0
  0
VERTEX
  8
STRADE
  6
INTERNA
 10
   49162.339
 20
   46271.813
 30
0.0
  0
VERTEX
  8
STRADE
  6
INTERNA
 10
   49163.509
 20
   46269.254
 30
0.0
  0
VERTEX
  8
STRADE
  6
INTERNA
 10
   49161.405
 20
   46264.476
 30
0.0
  0
SEQEND
  0
POLYLINE
  8
STRADE
  6
INTERNA
 66
1
 10
0.0
 20
0.0
 30
0.0
 70
1
  0
VERTEX
  8
STRADE
  6
INTERNA
 10
   49098.445
 20
   46187.836
 30
0.0
  0
VERTEX
  8
STRADE
  6
INTERNA
 10
   49107.389
 20
   46184.559
 30
0.0
  0
VERTEX
  8
STRADE
  6
INTERNA
 10
   49110.219
 20
   46183.473
 30
0.0
  0
VERTEX
  8
STRADE
  6
INTERNA
 10
   49113.154
 20
   46182.257
 30
0.0
  0
VERTEX
  8
STRADE
  6
INTERNA
 10
   49113.180
 20
   46182.246
 30
0.0
  0
VERTEX
  8
STRADE
  6
INTERNA
 10
   49121.474
 20
   46178.840
 30
0.0
  0
VERTEX
  8
STRADE
  6
INTERNA
 10
   49124.310
 20
   46177.660
 30
0.0
  0
VERTEX
  8
STRADE
  6
INTERNA
 10
   49116.109
 20
   46156.247
 30
0.0
  0
VERTEX
  8
STRADE
  6
INTERNA
 10
   49111.467
 20
   46143.992
 30
0.0
  0
VERTEX
  8
STRADE
  6
INTERNA
 10
   49110.081
 20
   46140.331
 30
0.0
  0
VERTEX
  8
STRADE
  6
INTERNA
 10
   49107.377
 20
   46141.374
 30
0.0
  0
VERTEX
  8
STRADE
  6
INTERNA
 10
   49098.930
 20
   46144.732
 30
0.0
  0
VERTEX
  8
STRADE
  6
INTERNA
 10
   49096.104
 20
   46145.971
 30
0.0
  0
VERTEX
  8
STRADE
  6
INTERNA
 10
   49093.069
 20
   46147.172
 30
0.0
  0
VERTEX
  8
STRADE
  6
INTERNA
 10
   49083.938
 20
   46150.826
 30
0.0
  0
VERTEX
  8
STRADE
  6
INTERNA
 10
   49086.996
 20
   46158.442
 30
0.0
  0
VERTEX
  8
STRADE
  6
INTERNA
 10
   49094.156
 20
   46177.029
 30
0.0
  0
VERTEX
  8
STRADE
  6
INTERNA
 10
   49098.445
 20
   46187.836
 30
0.0
  0
SEQEND
  0
POLYLINE
  8
STRADE
  6
INTERNA
 66
1
 10
0.0
 20
0.0
 30
0.0
 70
1
  0
VERTEX
  8
STRADE
  6
INTERNA
 10
   49086.356
 20
   46246.673
 30
0.0
  0
VERTEX
  8
STRADE
  6
INTERNA
 10
   49095.244
 20
   46243.204
 30
0.0
  0
VERTEX
  8
STRADE
  6
INTERNA
 10
   49098.200
 20
   46242.048
 30
0.0
  0
VERTEX
  8
STRADE
  6
INTERNA
 10
   49100.648
 20
   46241.029
 30
0.0
  0
VERTEX
  8
STRADE
  6
INTERNA
 10
   49110.099
 20
   46237.376
 30
0.0
  0
VERTEX
  8
STRADE
  6
INTERNA
 10
   49106.224
 20
   46227.825
 30
0.0
  0
VERTEX
  8
STRADE
  6
INTERNA
 10
   49099.312
 20
   46210.646
 30
0.0
  0
VERTEX
  8
STRADE
  6
INTERNA
 10
   49095.090
 20
   46200.183
 30
0.0
  0
VERTEX
  8
STRADE
  6
INTERNA
 10
   49085.706
 20
   46203.608
 30
0.0
  0
VERTEX
  8
STRADE
  6
INTERNA
 10
   49083.191
 20
   46204.548
 30
0.0
  0
VERTEX
  8
STRADE
  6
INTERNA
 10
   49080.449
 20
   46205.615
 30
0.0
  0
VERTEX
  8
STRADE
  6
INTERNA
 10
   49071.400
 20
   46208.981
 30
0.0
  0
VERTEX
  8
STRADE
  6
INTERNA
 10
   49075.835
 20
   46220.335
 30
0.0
  0
VERTEX
  8
STRADE
  6
INTERNA
 10
   49081.760
 20
   46235.176
 30
0.0
  0
VERTEX
  8
STRADE
  6
INTERNA
 10
   49086.356
 20
   46246.673
 30
0.0
  0
SEQEND
  0
POLYLINE
  8
STRADE
  6
INTERNA
 66
1
 10
0.0
 20
0.0
 30
0.0
 70
1
  0
VERTEX
  8
STRADE
  6
INTERNA
 10
   49072.568
 20
   46303.910
 30
0.0
  0
VERTEX
  8
STRADE
  6
INTERNA
 10
   49081.318
 20
   46300.681
 30
0.0
  0
VERTEX
  8
STRADE
  6
INTERNA
 10
   49084.370
 20
   46299.484
 30
0.0
  0
VERTEX
  8
STRADE
  6
INTERNA
 10
   49087.115
 20
   46298.500
 30
0.0
  0
VERTEX
  8
STRADE
  6
INTERNA
 10
   49096.255
 20
   46295.027
 30
0.0
  0
VERTEX
  8
STRADE
  6
INTERNA
 10
   49092.962
 20
   46286.457
 30
0.0
  0
VERTEX
  8
STRADE
  6
INTERNA
 10
   49085.293
 20
   46266.819
 30
0.0
  0
VERTEX
  8
STRADE
  6
INTERNA
 10
   49081.720
 20
   46257.701
 30
0.0
  0
VERTEX
  8
STRADE
  6
INTERNA
 10
   49072.276
 20
   46261.442
 30
0.0
  0
VERTEX
  8
STRADE
  6
INTERNA
 10
   49069.273
 20
   46262.632
 30
0.0
  0
VERTEX
  8
STRADE
  6
INTERNA
 10
   49066.672
 20
   46263.696
 30
0.0
  0
VERTEX
  8
STRADE
  6
INTERNA
 10
   49057.673
 20
   46267.033
 30
0.0
  0
VERTEX
  8
STRADE
  6
INTERNA
 10
   49059.710
 20
   46271.884
 30
0.0
  0
VERTEX
  8
STRADE
  6
INTERNA
 10
   49065.555
 20
   46286.522
 30
0.0
  0
VERTEX
  8
STRADE
  6
INTERNA
 10
   49072.568
 20
   46303.910
 30
0.0
  0
SEQEND
  0
POLYLINE
  8
STRADE
  6
INTERNA
 66
1
 10
0.0
 20
0.0
 30
0.0
 70
1
  0
VERTEX
  8
STRADE
  6
INTERNA
 10
   49104.510
 20
   46291.707
 30
0.0
  0
VERTEX
  8
STRADE
  6
INTERNA
 10
   49113.150
 20
   46288.340
 30
0.0
  0
VERTEX
  8
STRADE
  6
INTERNA
 10
   49116.105
 20
   46287.208
 30
0.0
  0
VERTEX
  8
STRADE
  6
INTERNA
 10
   49118.545
 20
   46286.261
 30
0.0
  0
VERTEX
  8
STRADE
  6
INTERNA
 10
   49127.659
 20
   46282.644
 30
0.0
  0
VERTEX
  8
STRADE
  6
INTERNA
 10
   49123.422
 20
   46271.826
 30
0.0
  0
VERTEX
  8
STRADE
  6
INTERNA
 10
   49116.805
 20
   46255.177
 30
0.0
  0
VERTEX
  8
STRADE
  6
INTERNA
 10
   49113.213
 20
   46245.768
 30
0.0
  0
VERTEX
  8
STRADE
  6
INTERNA
 10
   49103.729
 20
   46249.439
 30
0.0
  0
VERTEX
  8
STRADE
  6
INTERNA
 10
   49101.254
 20
   46250.272
 30
0.0
  0
VERTEX
  8
STRADE
  6
INTERNA
 10
   49098.515
 20
   46251.491
 30
0.0
  0
VERTEX
  8
STRADE
  6
INTERNA
 10
   49089.762
 20
   46254.763
 30
0.0
  0
VERTEX
  8
STRADE
  6
INTERNA
 10
   49093.219
 20
   46263.628
 30
0.0
  0
VERTEX
  8
STRADE
  6
INTERNA
 10
   49099.876
 20
   46280.062
 30
0.0
  0
VERTEX
  8
STRADE
  6
INTERNA
 10
   49104.510
 20
   46291.707
 30
0.0
  0
SEQEND
  0
POLYLINE
  8
STRADE
  6
INTERNA
 66
1
 10
0.0
 20
0.0
 30
0.0
 70
1
  0
VERTEX
  8
STRADE
  6
INTERNA
 10
   49034.382
 20
   46206.668
 30
0.0
  0
VERTEX
  8
STRADE
  6
INTERNA
 10
   49036.138
 20
   46211.145
 30
0.0
  0
VERTEX
  8
STRADE
  6
INTERNA
 10
   49047.485
 20
   46206.977
 30
0.0
  0
VERTEX
  8
STRADE
  6
INTERNA
 10
   49059.619
 20
   46202.382
 30
0.0
  0
VERTEX
  8
STRADE
  6
INTERNA
 10
   49057.917
 20
   46197.792
 30
0.0
  0
VERTEX
  8
STRADE
  6
INTERNA
 10
   49053.645
 20
   46185.780
 30
0.0
  0
VERTEX
  8
STRADE
  6
INTERNA
 10
   49048.646
 20
   46171.692
 30
0.0
  0
VERTEX
  8
STRADE
  6
INTERNA
 10
   49046.502
 20
   46165.528
 30
0.0
  0
VERTEX
  8
STRADE
  6
INTERNA
 10
   49036.823
 20
   46169.255
 30
0.0
  0
VERTEX
  8
STRADE
  6
INTERNA
 10
   49034.254
 20
   46170.255
 30
0.0
  0
VERTEX
  8
STRADE
  6
INTERNA
 10
   49031.564
 20
   46171.355
 30
0.0
  0
VERTEX
  8
STRADE
  6
INTERNA
 10
   49022.624
 20
   46174.992
 30
0.0
  0
VERTEX
  8
STRADE
  6
INTERNA
 10
   49024.712
 20
   46180.634
 30
0.0
  0
VERTEX
  8
STRADE
  6
INTERNA
 10
   49029.535
 20
   46193.676
 30
0.0
  0
VERTEX
  8
STRADE
  6
INTERNA
 10
   49034.382
 20
   46206.668
 30
0.0
  0
SEQEND
  0
POLYLINE
  8
STRADE
  6
INTERNA
 66
1
 10
0.0
 20
0.0
 30
0.0
 70
1
  0
VERTEX
  8
STRADE
  6
INTERNA
 10
   49005.275
 20
   46218.162
 30
0.0
  0
VERTEX
  8
STRADE
  6
INTERNA
 10
   49007.225
 20
   46223.075
 30
0.0
  0
VERTEX
  8
STRADE
  6
INTERNA
 10
   49017.730
 20
   46218.599
 30
0.0
  0
VERTEX
  8
STRADE
  6
INTERNA
 10
   49028.647
 20
   46214.261
 30
0.0
  0
VERTEX
  8
STRADE
  6
INTERNA
 10
   49026.836
 20
   46209.606
 30
0.0
  0
VERTEX
  8
STRADE
  6
INTERNA
 10
   49024.637
 20
   46203.789
 30
0.0
  0
VERTEX
  8
STRADE
  6
INTERNA
 10
   49019.855
 20
   46190.859
 30
0.0
  0
VERTEX
  8
STRADE
  6
INTERNA
 10
   49015.097
 20
   46178.028
 30
0.0
  0
VERTEX
  8
STRADE
  6
INTERNA
 10
   49006.406
 20
   46181.413
 30
0.0
  0
VERTEX
  8
STRADE
  6
INTERNA
 10
   49004.085
 20
   46182.309
 30
0.0
  0
VERTEX
  8
STRADE
  6
INTERNA
 10
   49002.032
 20
   46183.132
 30
0.0
  0
VERTEX
  8
STRADE
  6
INTERNA
 10
   48992.873
 20
   46186.875
 30
0.0
  0
VERTEX
  8
STRADE
  6
INTERNA
 10
   48998.314
 20
   46200.589
 30
0.0
  0
VERTEX
  8
STRADE
  6
INTERNA
 10
   49002.735
 20
   46211.739
 30
0.0
  0
VERTEX
  8
STRADE
  6
INTERNA
 10
   49005.275
 20
   46218.162
 30
0.0
  0
SEQEND
  0
POLYLINE
  8
STRADE
  6
INTERNA
 66
1
 10
0.0
 20
0.0
 30
0.0
 70
1
  0
VERTEX
  8
STRADE
  6
INTERNA
 10
   48868.898
 20
   46388.968
 30
0.0
  0
VERTEX
  8
STRADE
  6
INTERNA
 10
   48874.113
 20
   46387.960
 30
0.0
  0
VERTEX
  8
STRADE
  6
INTERNA
 10
   48876.867
 20
   46387.546
 30
0.0
  0
VERTEX
  8
STRADE
  6
INTERNA
 10
   48880.161
 20
   46387.131
 30
0.0
  0
VERTEX
  8
STRADE
  6
INTERNA
 10
   48886.744
 20
   46386.349
 30
0.0
  0
VERTEX
  8
STRADE
  6
INTERNA
 10
   48885.695
 20
   46379.956
 30
0.0
  0
VERTEX
  8
STRADE
  6
INTERNA
 10
   48884.910
 20
   46375.381
 30
0.0
  0
VERTEX
  8
STRADE
  6
INTERNA
 10
   48883.105
 20
   46365.058
 30
0.0
  0
VERTEX
  8
STRADE
  6
INTERNA
 10
   48881.422
 20
   46355.073
 30
0.0
  0
VERTEX
  8
STRADE
  6
INTERNA
 10
   48880.481
 20
   46349.838
 30
0.0
  0
VERTEX
  8
STRADE
  6
INTERNA
 10
   48881.391
 20
   46349.999
 30
0.0
  0
VERTEX
  8
STRADE
  6
INTERNA
 10
   48881.243
 20
   46342.484
 30
0.0
  0
VERTEX
  8
STRADE
  6
INTERNA
 10
   48879.261
 20
   46342.582
 30
0.0
  0
VERTEX
  8
STRADE
  6
INTERNA
 10
   48870.178
 20
   46344.047
 30
0.0
  0
VERTEX
  8
STRADE
  6
INTERNA
 10
   48867.576
 20
   46344.410
 30
0.0
  0
VERTEX
  8
STRADE
  6
INTERNA
 10
   48854.737
 20
   46346.037
 30
0.0
  0
VERTEX
  8
STRADE
  6
INTERNA
 10
   48854.859
 20
   46362.376
 30
0.0
  0
VERTEX
  8
STRADE
  6
INTERNA
 10
   48855.071
 20
   46374.071
 30
0.0
  0
VERTEX
  8
STRADE
  6
INTERNA
 10
   48855.069
 20
   46381.470
 30
0.0
  0
VERTEX
  8
STRADE
  6
INTERNA
 10
   48854.523
 20
   46381.494
 30
0.0
  0
VERTEX
  8
STRADE
  6
INTERNA
 10
   48854.652
 20
   46387.170
 30
0.0
  0
VERTEX
  8
STRADE
  6
INTERNA
 10
   48854.717
 20
   46390.933
 30
0.0
  0
VERTEX
  8
STRADE
  6
INTERNA
 10
   48859.137
 20
   46390.408
 30
0.0
  0
VERTEX
  8
STRADE
  6
INTERNA
 10
   48864.878
 20
   46389.652
 30
0.0
  0
VERTEX
  8
STRADE
  6
INTERNA
 10
   48864.664
 20
   46385.023
 30
0.0
  0
VERTEX
  8
STRADE
  6
INTERNA
 10
   48864.474
 20
   46380.912
 30
0.0
  0
VERTEX
  8
STRADE
  6
INTERNA
 10
   48864.429
 20
   46378.560
 30
0.0
  0
VERTEX
  8
STRADE
  6
INTERNA
 10
   48866.999
 20
   46378.266
 30
0.0
  0
VERTEX
  8
STRADE
  6
INTERNA
 10
   48867.019
 20
   46379.829
 30
0.0
  0
VERTEX
  8
STRADE
  6
INTERNA
 10
   48866.753
 20
   46380.335
 30
0.0
  0
VERTEX
  8
STRADE
  6
INTERNA
 10
   48866.964
 20
   46384.219
 30
0.0
  0
VERTEX
  8
STRADE
  6
INTERNA
 10
   48868.578
 20
   46384.167
 30
0.0
  0
VERTEX
  8
STRADE
  6
INTERNA
 10
   48868.898
 20
   46388.968
 30
0.0
  0
SEQEND
  0
POLYLINE
  8
STRADE
  6
INTERNA
 66
1
 10
0.0
 20
0.0
 30
0.0
 70
1
  0
VERTEX
  8
STRADE
  6
INTERNA
 10
   48855.708
 20
   46340.791
 30
0.0
  0
VERTEX
  8
STRADE
  6
INTERNA
 10
   48868.010
 20
   46338.999
 30
0.0
  0
VERTEX
  8
STRADE
  6
INTERNA
 10
   48876.554
 20
   46336.957
 30
0.0
  0
VERTEX
  8
STRADE
  6
INTERNA
 10
   48879.842
 20
   46336.228
 30
0.0
  0
VERTEX
  8
STRADE
  6
INTERNA
 10
   48879.941
 20
   46337.079
 30
0.0
  0
VERTEX
  8
STRADE
  6
INTERNA
 10
   48884.571
 20
   46336.434
 30
0.0
  0
VERTEX
  8
STRADE
  6
INTERNA
 10
   48889.902
 20
   46335.325
 30
0.0
  0
VERTEX
  8
STRADE
  6
INTERNA
 10
   48889.834
 20
   46334.586
 30
0.0
  0
VERTEX
  8
STRADE
  6
INTERNA
 10
   48895.903
 20
   46333.419
 30
0.0
  0
VERTEX
  8
STRADE
  6
INTERNA
 10
   48895.405
 20
   46329.761
 30
0.0
  0
VERTEX
  8
STRADE
  6
INTERNA
 10
   48895.362
 20
   46329.225
 30
0.0
  0
VERTEX
  8
STRADE
  6
INTERNA
 10
   48904.549
 20
   46325.530
 30
0.0
  0
VERTEX
  8
STRADE
  6
INTERNA
 10
   48904.313
 20
   46324.542
 30
0.0
  0
VERTEX
  8
STRADE
  6
INTERNA
 10
   48905.892
 20
   46323.921
 30
0.0
  0
VERTEX
  8
STRADE
  6
INTERNA
 10
   48908.387
 20
   46322.792
 30
0.0
  0
VERTEX
  8
STRADE
  6
INTERNA
 10
   48908.121
 20
   46321.382
 30
0.0
  0
VERTEX
  8
STRADE
  6
INTERNA
 10
   48909.263
 20
   46321.028
 30
0.0
  0
VERTEX
  8
STRADE
  6
INTERNA
 10
   48910.723
 20
   46320.197
 30
0.0
  0
VERTEX
  8
STRADE
  6
INTERNA
 10
   48913.509
 20
   46317.663
 30
0.0
  0
VERTEX
  8
STRADE
  6
INTERNA
 10
   48912.265
 20
   46315.633
 30
0.0
  0
VERTEX
  8
STRADE
  6
INTERNA
 10
   48906.739
 20
   46317.826
 30
0.0
  0
VERTEX
  8
STRADE
  6
INTERNA
 10
   48900.122
 20
   46320.346
 30
0.0
  0
VERTEX
  8
STRADE
  6
INTERNA
 10
   48893.805
 20
   46322.932
 30
0.0
  0
VERTEX
  8
STRADE
  6
INTERNA
 10
   48894.212
 20
   46324.285
 30
0.0
  0
VERTEX
  8
STRADE
  6
INTERNA
 10
   48889.076
 20
   46325.328
 30
0.0
  0
VERTEX
  8
STRADE
  6
INTERNA
 10
   48882.844
 20
   46326.517
 30
0.0
  0
VERTEX
  8
STRADE
  6
INTERNA
 10
   48878.727
 20
   46327.494
 30
0.0
  0
VERTEX
  8
STRADE
  6
INTERNA
 10
   48874.752
 20
   46328.163
 30
0.0
  0
VERTEX
  8
STRADE
  6
INTERNA
 10
   48867.054
 20
   46329.825
 30
0.0
  0
VERTEX
  8
STRADE
  6
INTERNA
 10
   48866.117
 20
   46329.898
 30
0.0
  0
VERTEX
  8
STRADE
  6
INTERNA
 10
   48861.476
 20
   46329.726
 30
0.0
  0
VERTEX
  8
STRADE
  6
INTERNA
 10
   48860.287
 20
   46329.640
 30
0.0
  0
VERTEX
  8
STRADE
  6
INTERNA
 10
   48854.789
 20
   46329.434
 30
0.0
  0
VERTEX
  8
STRADE
  6
INTERNA
 10
   48854.383
 20
   46332.552
 30
0.0
  0
VERTEX
  8
STRADE
  6
INTERNA
 10
   48855.708
 20
   46340.791
 30
0.0
  0
SEQEND
  0
POLYLINE
  8
STRADE
  6
INTERNA
 66
1
 10
0.0
 20
0.0
 30
0.0
 70
1
  0
VERTEX
  8
STRADE
  6
INTERNA
 10
   48911.438
 20
   46374.397
 30
0.0
  0
VERTEX
  8
STRADE
  6
INTERNA
 10
   48929.968
 20
   46361.937
 30
0.0
  0
VERTEX
  8
STRADE
  6
INTERNA
 10
   48924.145
 20
   46353.989
 30
0.0
  0
VERTEX
  8
STRADE
  6
INTERNA
 10
   48910.721
 20
   46362.775
 30
0.0
  0
VERTEX
  8
STRADE
  6
INTERNA
 10
   48893.668
 20
   46374.207
 30
0.0
  0
VERTEX
  8
STRADE
  6
INTERNA
 10
   48899.398
 20
   46382.501
 30
0.0
  0
VERTEX
  8
STRADE
  6
INTERNA
 10
   48911.438
 20
   46374.397
 30
0.0
  0
SEQEND
  0
POLYLINE
  8
STRADE
  6
INTERNA
 66
1
 10
0.0
 20
0.0
 30
0.0
 70
1
  0
VERTEX
  8
STRADE
  6
INTERNA
 10
   48971.228
 20
   46271.525
 30
0.0
  0
VERTEX
  8
STRADE
  6
INTERNA
 10
   48980.484
 20
   46268.168
 30
0.0
  0
VERTEX
  8
STRADE
  6
INTERNA
 10
   48983.291
 20
   46267.024
 30
0.0
  0
VERTEX
  8
STRADE
  6
INTERNA
 10
   48985.638
 20
   46266.068
 30
0.0
  0
VERTEX
  8
STRADE
  6
INTERNA
 10
   48994.446
 20
   46262.318
 30
0.0
  0
VERTEX
  8
STRADE
  6
INTERNA
 10
   48996.127
 20
   46261.523
 30
0.0
  0
VERTEX
  8
STRADE
  6
INTERNA
 10
   48990.323
 20
   46246.363
 30
0.0
  0
VERTEX
  8
STRADE
  6
INTERNA
 10
   48988.789
 20
   46242.258
 30
0.0
  0
VERTEX
  8
STRADE
  6
INTERNA
 10
   48987.191
 20
   46242.863
 30
0.0
  0
VERTEX
  8
STRADE
  6
INTERNA
 10
   48978.064
 20
   46246.662
 30
0.0
  0
VERTEX
  8
STRADE
  6
INTERNA
 10
   48975.788
 20
   46247.621
 30
0.0
  0
VERTEX
  8
STRADE
  6
INTERNA
 10
   48973.191
 20
   46248.637
 30
0.0
  0
VERTEX
  8
STRADE
  6
INTERNA
 10
   48964.129
 20
   46252.368
 30
0.0
  0
VERTEX
  8
STRADE
  6
INTERNA
 10
   48970.056
 20
   46268.579
 30
0.0
  0
VERTEX
  8
STRADE
  6
INTERNA
 10
   48971.228
 20
   46271.525
 30
0.0
  0
SEQEND
  0
POLYLINE
  8
STRADE
  6
INTERNA
 66
1
 10
0.0
 20
0.0
 30
0.0
 70
1
  0
VERTEX
  8
STRADE
  6
INTERNA
 10
   48894.168
 20
   46367.866
 30
0.0
  0
VERTEX
  8
STRADE
  6
INTERNA
 10
   48921.470
 20
   46350.366
 30
0.0
  0
VERTEX
  8
STRADE
  6
INTERNA
 10
   48916.254
 20
   46343.145
 30
0.0
  0
VERTEX
  8
STRADE
  6
INTERNA
 10
   48889.283
 20
   46360.901
 30
0.0
  0
VERTEX
  8
STRADE
  6
INTERNA
 10
   48894.168
 20
   46367.866
 30
0.0
  0
SEQEND
  0
POLYLINE
  8
STRADE
  6
INTERNA
 66
1
 10
0.0
 20
0.0
 30
0.0
 70
1
  0
VERTEX
  8
STRADE
  6
INTERNA
 10
   48891.531
 20
   46353.751
 30
0.0
  0
VERTEX
  8
STRADE
  6
INTERNA
 10
   48913.206
 20
   46339.107
 30
0.0
  0
VERTEX
  8
STRADE
  6
INTERNA
 10
   48907.718
 20
   46331.529
 30
0.0
  0
VERTEX
  8
STRADE
  6
INTERNA
 10
   48887.774
 20
   46345.242
 30
0.0
  0
VERTEX
  8
STRADE
  6
INTERNA
 10
   48886.253
 20
   46343.128
 30
0.0
  0
VERTEX
  8
STRADE
  6
INTERNA
 10
   48883.126
 20
   46345.381
 30
0.0
  0
VERTEX
  8
STRADE
  6
INTERNA
 10
   48885.702
 20
   46357.896
 30
0.0
  0
VERTEX
  8
STRADE
  6
INTERNA
 10
   48891.531
 20
   46353.751
 30
0.0
  0
SEQEND
  0
POLYLINE
  8
STRADE
  6
INTERNA
 66
1
 10
0.0
 20
0.0
 30
0.0
 70
1
  0
VERTEX
  8
STRADE
  6
INTERNA
 10
   48823.209
 20
   46428.819
 30
0.0
  0
VERTEX
  8
STRADE
  6
INTERNA
 10
   48822.362
 20
   46436.691
 30
0.0
  0
VERTEX
  8
STRADE
  6
INTERNA
 10
   48827.176
 20
   46436.771
 30
0.0
  0
VERTEX
  8
STRADE
  6
INTERNA
 10
   48832.896
 20
   46436.980
 30
0.0
  0
VERTEX
  8
STRADE
  6
INTERNA
 10
   48837.455
 20
   46434.022
 30
0.0
  0
VERTEX
  8
STRADE
  6
INTERNA
 10
   48843.886
 20
   46429.635
 30
0.0
  0
VERTEX
  8
STRADE
  6
INTERNA
 10
   48843.933
 20
   46419.775
 30
0.0
  0
VERTEX
  8
STRADE
  6
INTERNA
 10
   48843.886
 20
   46418.127
 30
0.0
  0
VERTEX
  8
STRADE
  6
INTERNA
 10
   48844.006
 20
   46415.501
 30
0.0
  0
VERTEX
  8
STRADE
  6
INTERNA
 10
   48844.506
 20
   46404.254
 30
0.0
  0
VERTEX
  8
STRADE
  6
INTERNA
 10
   48844.760
 20
   46395.635
 30
0.0
  0
VERTEX
  8
STRADE
  6
INTERNA
 10
   48839.356
 20
   46396.773
 30
0.0
  0
VERTEX
  8
STRADE
  6
INTERNA
 10
   48828.427
 20
   46398.904
 30
0.0
  0
VERTEX
  8
STRADE
  6
INTERNA
 10
   48826.268
 20
   46399.380
 30
0.0
  0
VERTEX
  8
STRADE
  6
INTERNA
 10
   48825.567
 20
   46405.748
 30
0.0
  0
VERTEX
  8
STRADE
  6
INTERNA
 10
   48824.682
 20
   46414.315
 30
0.0
  0
VERTEX
  8
STRADE
  6
INTERNA
 10
   48824.232
 20
   46418.672
 30
0.0
  0
VERTEX
  8
STRADE
  6
INTERNA
 10
   48823.209
 20
   46428.819
 30
0.0
  0
SEQEND
  0
POLYLINE
  8
STRADE
  6
INTERNA
 66
1
 10
0.0
 20
0.0
 30
0.0
 70
1
  0
VERTEX
  8
STRADE
  6
INTERNA
 10
   49112.983
 20
   46087.041
 30
0.0
  0
VERTEX
  8
STRADE
  6
INTERNA
 10
   49108.399
 20
   46082.764
 30
0.0
  0
VERTEX
  8
STRADE
  6
INTERNA
 10
   49105.702
 20
   46080.473
 30
0.0
  0
VERTEX
  8
STRADE
  6
INTERNA
 10
   49096.701
 20
   46074.262
 30
0.0
  0
VERTEX
  8
STRADE
  6
INTERNA
 10
   49095.125
 20
   46075.763
 30
0.0
  0
VERTEX
  8
STRADE
  6
INTERNA
 10
   49096.847
 20
   46079.491
 30
0.0
  0
VERTEX
  8
STRADE
  6
INTERNA
 10
   49099.755
 20
   46085.744
 30
0.0
  0
VERTEX
  8
STRADE
  6
INTERNA
 10
   49102.395
 20
   46091.654
 30
0.0
  0
VERTEX
  8
STRADE
  6
INTERNA
 10
   49104.854
 20
   46097.198
 30
0.0
  0
VERTEX
  8
STRADE
  6
INTERNA
 10
   49110.133
 20
   46109.488
 30
0.0
  0
VERTEX
  8
STRADE
  6
INTERNA
 10
   49123.449
 20
   46104.075
 30
0.0
  0
VERTEX
  8
STRADE
  6
INTERNA
 10
   49116.621
 20
   46091.944
 30
0.0
  0
VERTEX
  8
STRADE
  6
INTERNA
 10
   49115.399
 20
   46089.976
 30
0.0
  0
VERTEX
  8
STRADE
  6
INTERNA
 10
   49112.983
 20
   46087.041
 30
0.0
  0
SEQEND
  0
POLYLINE
  8
STRADE
  6
INTERNA
 66
1
 10
0.0
 20
0.0
 30
0.0
 70
1
  0
VERTEX
  8
STRADE
  6
INTERNA
 10
   49007.148
 20
   46272.892
 30
0.0
  0
VERTEX
  8
STRADE
  6
INTERNA
 10
   49009.009
 20
   46277.393
 30
0.0
  0
VERTEX
  8
STRADE
  6
INTERNA
 10
   49011.432
 20
   46276.278
 30
0.0
  0
VERTEX
  8
STRADE
  6
INTERNA
 10
   49019.996
 20
   46272.244
 30
0.0
  0
VERTEX
  8
STRADE
  6
INTERNA
 10
   49011.832
 20
   46251.175
 30
0.0
  0
VERTEX
  8
STRADE
  6
INTERNA
 10
   49008.441
 20
   46242.202
 30
0.0
  0
VERTEX
  8
STRADE
  6
INTERNA
 10
   49005.511
 20
   46234.412
 30
0.0
  0
VERTEX
  8
STRADE
  6
INTERNA
 10
   48996.481
 20
   46238.244
 30
0.0
  0
VERTEX
  8
STRADE
  6
INTERNA
 10
   48994.203
 20
   46239.270
 30
0.0
  0
VERTEX
  8
STRADE
  6
INTERNA
 10
   48996.774
 20
   46245.753
 30
0.0
  0
VERTEX
  8
STRADE
  6
INTERNA
 10
   49000.000
 20
   46253.899
 30
0.0
  0
VERTEX
  8
STRADE
  6
INTERNA
 10
   49001.926
 20
   46259.151
 30
0.0
  0
VERTEX
  8
STRADE
  6
INTERNA
 10
   49003.857
 20
   46264.290
 30
0.0
  0
VERTEX
  8
STRADE
  6
INTERNA
 10
   49005.884
 20
   46269.606
 30
0.0
  0
VERTEX
  8
STRADE
  6
INTERNA
 10
   49007.148
 20
   46272.892
 30
0.0
  0
SEQEND
  0
POLYLINE
  8
STRADE
  6
INTERNA
 66
1
 10
0.0
 20
0.0
 30
0.0
 70
1
  0
VERTEX
  8
STRADE
  6
INTERNA
 10
   48823.675
 20
   46395.945
 30
0.0
  0
VERTEX
  8
STRADE
  6
INTERNA
 10
   48824.869
 20
   46395.790
 30
0.0
  0
VERTEX
  8
STRADE
  6
INTERNA
 10
   48830.022
 20
   46394.439
 30
0.0
  0
VERTEX
  8
STRADE
  6
INTERNA
 10
   48835.473
 20
   46392.965
 30
0.0
  0
VERTEX
  8
STRADE
  6
INTERNA
 10
   48845.640
 20
   46390.497
 30
0.0
  0
VERTEX
  8
STRADE
  6
INTERNA
 10
   48845.655
 20
   46383.344
 30
0.0
  0
VERTEX
  8
STRADE
  6
INTERNA
 10
   48845.607
 20
   46377.436
 30
0.0
  0
VERTEX
  8
STRADE
  6
INTERNA
 10
   48845.588
 20
   46363.532
 30
0.0
  0
VERTEX
  8
STRADE
  6
INTERNA
 10
   48845.559
 20
   46354.937
 30
0.0
  0
VERTEX
  8
STRADE
  6
INTERNA
 10
   48845.356
 20
   46344.922
 30
0.0
  0
VERTEX
  8
STRADE
  6
INTERNA
 10
   48832.794
 20
   46341.705
 30
0.0
  0
VERTEX
  8
STRADE
  6
INTERNA
 10
   48830.156
 20
   46350.921
 30
0.0
  0
VERTEX
  8
STRADE
  6
INTERNA
 10
   48827.185
 20
   46362.387
 30
0.0
  0
VERTEX
  8
STRADE
  6
INTERNA
 10
   48826.692
 20
   46364.253
 30
0.0
  0
VERTEX
  8
STRADE
  6
INTERNA
 10
   48825.600
 20
   46368.447
 30
0.0
  0
VERTEX
  8
STRADE
  6
INTERNA
 10
   48824.313
 20
   46373.948
 30
0.0
  0
VERTEX
  8
STRADE
  6
INTERNA
 10
   48821.886
 20
   46384.634
 30
0.0
  0
VERTEX
  8
STRADE
  6
INTERNA
 10
   48818.613
 20
   46396.862
 30
0.0
  0
VERTEX
  8
STRADE
  6
INTERNA
 10
   48823.675
 20
   46395.945
 30
0.0
  0
SEQEND
  0
POLYLINE
  8
STRADE
  6
INTERNA
 66
1
 10
0.0
 20
0.0
 30
0.0
 70
1
  0
VERTEX
  8
STRADE
  6
INTERNA
 10
   48861.487
 20
   46424.900
 30
0.0
  0
VERTEX
  8
STRADE
  6
INTERNA
 10
   48862.581
 20
   46424.167
 30
0.0
  0
VERTEX
  8
STRADE
  6
INTERNA
 10
   48865.980
 20
   46421.997
 30
0.0
  0
VERTEX
  8
STRADE
  6
INTERNA
 10
   48871.050
 20
   46419.084
 30
0.0
  0
VERTEX
  8
STRADE
  6
INTERNA
 10
   48875.581
 20
   46416.349
 30
0.0
  0
VERTEX
  8
STRADE
  6
INTERNA
 10
   48882.920
 20
   46411.946
 30
0.0
  0
VERTEX
  8
STRADE
  6
INTERNA
 10
   48895.423
 20
   46404.249
 30
0.0
  0
VERTEX
  8
STRADE
  6
INTERNA
 10
   48891.007
 20
   46395.510
 30
0.0
  0
VERTEX
  8
STRADE
  6
INTERNA
 10
   48887.224
 20
   46397.568
 30
0.0
  0
VERTEX
  8
STRADE
  6
INTERNA
 10
   48886.391
 20
   46390.126
 30
0.0
  0
VERTEX
  8
STRADE
  6
INTERNA
 10
   48882.532
 20
   46390.412
 30
0.0
  0
VERTEX
  8
STRADE
  6
INTERNA
 10
   48882.587
 20
   46391.403
 30
0.0
  0
VERTEX
  8
STRADE
  6
INTERNA
 10
   48880.999
 20
   46391.582
 30
0.0
  0
VERTEX
  8
STRADE
  6
INTERNA
 10
   48877.712
 20
   46392.019
 30
0.0
  0
VERTEX
  8
STRADE
  6
INTERNA
 10
   48877.795
 20
   46392.624
 30
0.0
  0
VERTEX
  8
STRADE
  6
INTERNA
 10
   48868.775
 20
   46393.827
 30
0.0
  0
VERTEX
  8
STRADE
  6
INTERNA
 10
   48866.676
 20
   46394.085
 30
0.0
  0
VERTEX
  8
STRADE
  6
INTERNA
 10
   48854.852
 20
   46395.387
 30
0.0
  0
VERTEX
  8
STRADE
  6
INTERNA
 10
   48854.879
 20
   46401.089
 30
0.0
  0
VERTEX
  8
STRADE
  6
INTERNA
 10
   48854.833
 20
   46410.190
 30
0.0
  0
VERTEX
  8
STRADE
  6
INTERNA
 10
   48854.947
 20
   46415.733
 30
0.0
  0
VERTEX
  8
STRADE
  6
INTERNA
 10
   48855.050
 20
   46427.118
 30
0.0
  0
VERTEX
  8
STRADE
  6
INTERNA
 10
   48855.092
 20
   46429.041
 30
0.0
  0
VERTEX
  8
STRADE
  6
INTERNA
 10
   48858.540
 20
   46426.869
 30
0.0
  0
VERTEX
  8
STRADE
  6
INTERNA
 10
   48861.487
 20
   46424.900
 30
0.0
  0
SEQEND
  0
POLYLINE
  8
STRADE
  6
INTERNA
 66
1
 10
0.0
 20
0.0
 30
0.0
 70
1
  0
VERTEX
  8
STRADE
  6
INTERNA
 10
   49025.103
 20
   46269.726
 30
0.0
  0
VERTEX
  8
STRADE
  6
INTERNA
 10
   49033.801
 20
   46266.454
 30
0.0
  0
VERTEX
  8
STRADE
  6
INTERNA
 10
   49036.214
 20
   46265.579
 30
0.0
  0
VERTEX
  8
STRADE
  6
INTERNA
 10
   49038.604
 20
   46264.617
 30
0.0
  0
VERTEX
  8
STRADE
  6
INTERNA
 10
   49046.996
 20
   46261.290
 30
0.0
  0
VERTEX
  8
STRADE
  6
INTERNA
 10
   49039.584
 20
   46241.486
 30
0.0
  0
VERTEX
  8
STRADE
  6
INTERNA
 10
   49032.855
 20
   46223.441
 30
0.0
  0
VERTEX
  8
STRADE
  6
INTERNA
 10
   49024.292
 20
   46226.781
 30
0.0
  0
VERTEX
  8
STRADE
  6
INTERNA
 10
   49021.708
 20
   46227.782
 30
0.0
  0
VERTEX
  8
STRADE
  6
INTERNA
 10
   49019.399
 20
   46228.677
 30
0.0
  0
VERTEX
  8
STRADE
  6
INTERNA
 10
   49010.567
 20
   46232.041
 30
0.0
  0
VERTEX
  8
STRADE
  6
INTERNA
 10
   49013.600
 20
   46240.149
 30
0.0
  0
VERTEX
  8
STRADE
  6
INTERNA
 10
   49020.924
 20
   46258.901
 30
0.0
  0
VERTEX
  8
STRADE
  6
INTERNA
 10
   49025.103
 20
   46269.726
 30
0.0
  0
SEQEND
  0
POLYLINE
  8
STRADE
  6
INTERNA
 66
1
 10
0.0
 20
0.0
 30
0.0
 70
1
  0
VERTEX
  8
STRADE
  6
INTERNA
 10
   49052.735
 20
   46311.659
 30
0.0
  0
VERTEX
  8
STRADE
  6
INTERNA
 10
   49055.255
 20
   46310.636
 30
0.0
  0
VERTEX
  8
STRADE
  6
INTERNA
 10
   49057.106
 20
   46309.821
 30
0.0
  0
VERTEX
  8
STRADE
  6
INTERNA
 10
   49065.905
 20
   46306.018
 30
0.0
  0
VERTEX
  8
STRADE
  6
INTERNA
 10
   49063.916
 20
   46301.544
 30
0.0
  0
VERTEX
  8
STRADE
  6
INTERNA
 10
   49056.222
 20
   46283.064
 30
0.0
  0
VERTEX
  8
STRADE
  6
INTERNA
 10
   49050.675
 20
   46269.456
 30
0.0
  0
VERTEX
  8
STRADE
  6
INTERNA
 10
   49041.697
 20
   46272.521
 30
0.0
  0
VERTEX
  8
STRADE
  6
INTERNA
 10
   49039.670
 20
   46273.236
 30
0.0
  0
VERTEX
  8
STRADE
  6
INTERNA
 10
   49037.245
 20
   46274.055
 30
0.0
  0
VERTEX
  8
STRADE
  6
INTERNA
 10
   49028.337
 20
   46277.092
 30
0.0
  0
VERTEX
  8
STRADE
  6
INTERNA
 10
   49035.485
 20
   46293.628
 30
0.0
  0
VERTEX
  8
STRADE
  6
INTERNA
 10
   49041.936
 20
   46309.463
 30
0.0
  0
VERTEX
  8
STRADE
  6
INTERNA
 10
   49044.043
 20
   46315.067
 30
0.0
  0
VERTEX
  8
STRADE
  6
INTERNA
 10
   49052.735
 20
   46311.659
 30
0.0
  0
SEQEND
  0
POLYLINE
  8
STRADE
  6
INTERNA
 66
1
 10
0.0
 20
0.0
 30
0.0
 70
1
  0
VERTEX
  8
STRADE
  6
INTERNA
 10
   49066.631
 20
   46199.629
 30
0.0
  0
VERTEX
  8
STRADE
  6
INTERNA
 10
   49075.615
 20
   46196.288
 30
0.0
  0
VERTEX
  8
STRADE
  6
INTERNA
 10
   49078.988
 20
   46195.006
 30
0.0
  0
VERTEX
  8
STRADE
  6
INTERNA
 10
   49081.861
 20
   46193.933
 30
0.0
  0
VERTEX
  8
STRADE
  6
INTERNA
 10
   49091.126
 20
   46190.493
 30
0.0
  0
VERTEX
  8
STRADE
  6
INTERNA
 10
   49084.695
 20
   46173.992
 30
0.0
  0
VERTEX
  8
STRADE
  6
INTERNA
 10
   49077.705
 20
   46155.795
 30
0.0
  0
VERTEX
  8
STRADE
  6
INTERNA
 10
   49076.804
 20
   46153.538
 30
0.0
  0
VERTEX
  8
STRADE
  6
INTERNA
 10
   49067.776
 20
   46157.161
 30
0.0
  0
VERTEX
  8
STRADE
  6
INTERNA
 10
   49065.127
 20
   46158.256
 30
0.0
  0
VERTEX
  8
STRADE
  6
INTERNA
 10
   49061.956
 20
   46159.367
 30
0.0
  0
VERTEX
  8
STRADE
  6
INTERNA
 10
   49052.722
 20
   46162.756
 30
0.0
  0
VERTEX
  8
STRADE
  6
INTERNA
 10
   49055.596
 20
   46170.555
 30
0.0
  0
VERTEX
  8
STRADE
  6
INTERNA
 10
   49059.790
 20
   46181.636
 30
0.0
  0
VERTEX
  8
STRADE
  6
INTERNA
 10
   49064.596
 20
   46194.381
 30
0.0
  0
VERTEX
  8
STRADE
  6
INTERNA
 10
   49066.631
 20
   46199.629
 30
0.0
  0
SEQEND
  0
POLYLINE
  8
STRADE
  6
INTERNA
 66
1
 10
0.0
 20
0.0
 30
0.0
 70
1
  0
VERTEX
  8
STRADE
  6
INTERNA
 10
   49054.084
 20
   46258.600
 30
0.0
  0
VERTEX
  8
STRADE
  6
INTERNA
 10
   49063.190
 20
   46255.117
 30
0.0
  0
VERTEX
  8
STRADE
  6
INTERNA
 10
   49065.940
 20
   46254.078
 30
0.0
  0
VERTEX
  8
STRADE
  6
INTERNA
 10
   49068.611
 20
   46253.106
 30
0.0
  0
VERTEX
  8
STRADE
  6
INTERNA
 10
   49077.951
 20
   46249.626
 30
0.0
  0
VERTEX
  8
STRADE
  6
INTERNA
 10
   49071.834
 20
   46233.570
 30
0.0
  0
VERTEX
  8
STRADE
  6
INTERNA
 10
   49064.090
 20
   46212.202
 30
0.0
  0
VERTEX
  8
STRADE
  6
INTERNA
 10
   49054.504
 20
   46215.670
 30
0.0
  0
VERTEX
  8
STRADE
  6
INTERNA
 10
   49051.643
 20
   46216.743
 30
0.0
  0
VERTEX
  8
STRADE
  6
INTERNA
 10
   49048.995
 20
   46217.688
 30
0.0
  0
VERTEX
  8
STRADE
  6
INTERNA
 10
   49039.458
 20
   46221.004
 30
0.0
  0
VERTEX
  8
STRADE
  6
INTERNA
 10
   49042.904
 20
   46229.838
 30
0.0
  0
VERTEX
  8
STRADE
  6
INTERNA
 10
   49048.845
 20
   46245.113
 30
0.0
  0
VERTEX
  8
STRADE
  6
INTERNA
 10
   49054.084
 20
   46258.600
 30
0.0
  0
SEQEND
  0
POLYLINE
  8
STRADE
  6
INTERNA
 66
1
 10
0.0
 20
0.0
 30
0.0
 70
1
  0
VERTEX
  8
STRADE
  6
INTERNA
 10
   48905.384
 20
   46397.395
 30
0.0
  0
VERTEX
  8
STRADE
  6
INTERNA
 10
   48906.915
 20
   46396.349
 30
0.0
  0
VERTEX
  8
STRADE
  6
INTERNA
 10
   48915.440
 20
   46390.320
 30
0.0
  0
VERTEX
  8
STRADE
  6
INTERNA
 10
   48925.353
 20
   46383.383
 30
0.0
  0
VERTEX
  8
STRADE
  6
INTERNA
 10
   48928.911
 20
   46380.851
 30
0.0
  0
VERTEX
  8
STRADE
  6
INTERNA
 10
   48932.904
 20
   46378.162
 30
0.0
  0
VERTEX
  8
STRADE
  6
INTERNA
 10
   48938.325
 20
   46374.376
 30
0.0
  0
VERTEX
  8
STRADE
  6
INTERNA
 10
   48937.042
 20
   46372.491
 30
0.0
  0
VERTEX
  8
STRADE
  6
INTERNA
 10
   48932.547
 20
   46365.935
 30
0.0
  0
VERTEX
  8
STRADE
  6
INTERNA
 10
   48925.013
 20
   46371.235
 30
0.0
  0
VERTEX
  8
STRADE
  6
INTERNA
 10
   48919.524
 20
   46375.169
 30
0.0
  0
VERTEX
  8
STRADE
  6
INTERNA
 10
   48909.888
 20
   46382.129
 30
0.0
  0
VERTEX
  8
STRADE
  6
INTERNA
 10
   48909.348
 20
   46381.507
 30
0.0
  0
VERTEX
  8
STRADE
  6
INTERNA
 10
   48902.274
 20
   46384.214
 30
0.0
  0
VERTEX
  8
STRADE
  6
INTERNA
 10
   48897.882
 20
   46385.848
 30
0.0
  0
VERTEX
  8
STRADE
  6
INTERNA
 10
   48889.561
 20
   46389.055
 30
0.0
  0
VERTEX
  8
STRADE
  6
INTERNA
 10
   48895.592
 20
   46402.321
 30
0.0
  0
VERTEX
  8
STRADE
  6
INTERNA
 10
   48896.227
 20
   46403.730
 30
0.0
  0
VERTEX
  8
STRADE
  6
INTERNA
 10
   48897.392
 20
   46402.810
 30
0.0
  0
VERTEX
  8
STRADE
  6
INTERNA
 10
   48903.897
 20
   46398.397
 30
0.0
  0
VERTEX
  8
STRADE
  6
INTERNA
 10
   48905.384
 20
   46397.395
 30
0.0
  0
SEQEND
  0
POLYLINE
  8
STRADE
  6
INTERNA
 66
1
 10
0.0
 20
0.0
 30
0.0
 70
1
  0
VERTEX
  8
STRADE
  6
INTERNA
 10
   49117.753
 20
   46234.651
 30
0.0
  0
VERTEX
  8
STRADE
  6
INTERNA
 10
   49126.652
 20
   46231.115
 30
0.0
  0
VERTEX
  8
STRADE
  6
INTERNA
 10
   49129.291
 20
   46230.104
 30
0.0
  0
VERTEX
  8
STRADE
  6
INTERNA
 10
   49132.245
 20
   46228.871
 30
0.0
  0
VERTEX
  8
STRADE
  6
INTERNA
 10
   49140.848
 20
   46225.221
 30
0.0
  0
VERTEX
  8
STRADE
  6
INTERNA
 10
   49143.708
 20
   46223.928
 30
0.0
  0
VERTEX
  8
STRADE
  6
INTERNA
 10
   49141.844
 20
   46219.458
 30
0.0
  0
VERTEX
  8
STRADE
  6
INTERNA
 10
   49134.144
 20
   46200.663
 30
0.0
  0
VERTEX
  8
STRADE
  6
INTERNA
 10
   49128.702
 20
   46186.880
 30
0.0
  0
VERTEX
  8
STRADE
  6
INTERNA
 10
   49125.825
 20
   46188.007
 30
0.0
  0
VERTEX
  8
STRADE
  6
INTERNA
 10
   49116.786
 20
   46191.537
 30
0.0
  0
VERTEX
  8
STRADE
  6
INTERNA
 10
   49113.942
 20
   46192.671
 30
0.0
  0
VERTEX
  8
STRADE
  6
INTERNA
 10
   49111.214
 20
   46193.778
 30
0.0
  0
VERTEX
  8
STRADE
  6
INTERNA
 10
   49102.535
 20
   46197.407
 30
0.0
  0
VERTEX
  8
STRADE
  6
INTERNA
 10
   49106.925
 20
   46208.434
 30
0.0
  0
VERTEX
  8
STRADE
  6
INTERNA
 10
   49112.842
 20
   46223.109
 30
0.0
  0
VERTEX
  8
STRADE
  6
INTERNA
 10
   49117.753
 20
   46234.651
 30
0.0
  0
SEQEND
  0
POLYLINE
  8
STRADE
  6
INTERNA
 66
1
 10
0.0
 20
0.0
 30
0.0
 70
1
  0
VERTEX
  8
STRADE
  6
INTERNA
 10
   48926.559
 20
   46346.690
 30
0.0
  0
VERTEX
  8
STRADE
  6
INTERNA
 10
   48933.886
 20
   46341.839
 30
0.0
  0
VERTEX
  8
STRADE
  6
INTERNA
 10
   48936.491
 20
   46340.067
 30
0.0
  0
VERTEX
  8
STRADE
  6
INTERNA
 10
   48939.357
 20
   46338.229
 30
0.0
  0
VERTEX
  8
STRADE
  6
INTERNA
 10
   48941.997
 20
   46336.534
 30
0.0
  0
VERTEX
  8
STRADE
  6
INTERNA
 10
   48945.036
 20
   46334.582
 30
0.0
  0
VERTEX
  8
STRADE
  6
INTERNA
 10
   48945.696
 20
   46334.125
 30
0.0
  0
VERTEX
  8
STRADE
  6
INTERNA
 10
   48947.740
 20
   46332.771
 30
0.0
  0
VERTEX
  8
STRADE
  6
INTERNA
 10
   48955.420
 20
   46327.553
 30
0.0
  0
VERTEX
  8
STRADE
  6
INTERNA
 10
   48962.985
 20
   46322.417
 30
0.0
  0
VERTEX
  8
STRADE
  6
INTERNA
 10
   48966.159
 20
   46320.298
 30
0.0
  0
VERTEX
  8
STRADE
  6
INTERNA
 10
   48968.423
 20
   46318.787
 30
0.0
  0
VERTEX
  8
STRADE
  6
INTERNA
 10
   48974.457
 20
   46314.899
 30
0.0
  0
VERTEX
  8
STRADE
  6
INTERNA
 10
   48977.970
 20
   46312.502
 30
0.0
  0
VERTEX
  8
STRADE
  6
INTERNA
 10
   48979.531
 20
   46311.436
 30
0.0
  0
VERTEX
  8
STRADE
  6
INTERNA
 10
   48987.676
 20
   46305.972
 30
0.0
  0
VERTEX
  8
STRADE
  6
INTERNA
 10
   48982.919
 20
   46298.421
 30
0.0
  0
VERTEX
  8
STRADE
  6
INTERNA
 10
   48965.803
 20
   46301.204
 30
0.0
  0
VERTEX
  8
STRADE
  6
INTERNA
 10
   48958.504
 20
   46302.746
 30
0.0
  0
VERTEX
  8
STRADE
  6
INTERNA
 10
   48955.488
 20
   46303.303
 30
0.0
  0
VERTEX
  8
STRADE
  6
INTERNA
 10
   48952.424
 20
   46303.993
 30
0.0
  0
VERTEX
  8
STRADE
  6
INTERNA
 10
   48941.110
 20
   46306.201
 30
0.0
  0
VERTEX
  8
STRADE
  6
INTERNA
 10
   48931.492
 20
   46308.639
 30
0.0
  0
VERTEX
  8
STRADE
  6
INTERNA
 10
   48928.367
 20
   46309.477
 30
0.0
  0
VERTEX
  8
STRADE
  6
INTERNA
 10
   48923.956
 20
   46310.699
 30
0.0
  0
VERTEX
  8
STRADE
  6
INTERNA
 10
   48923.069
 20
   46310.964
 30
0.0
  0
VERTEX
  8
STRADE
  6
INTERNA
 10
   48919.854
 20
   46312.755
 30
0.0
  0
VERTEX
  8
STRADE
  6
INTERNA
 10
   48918.393
 20
   46314.624
 30
0.0
  0
VERTEX
  8
STRADE
  6
INTERNA
 10
   48917.301
 20
   46315.954
 30
0.0
  0
VERTEX
  8
STRADE
  6
INTERNA
 10
   48916.197
 20
   46317.164
 30
0.0
  0
VERTEX
  8
STRADE
  6
INTERNA
 10
   48915.973
 20
   46317.505
 30
0.0
  0
VERTEX
  8
STRADE
  6
INTERNA
 10
   48913.086
 20
   46321.975
 30
0.0
  0
VERTEX
  8
STRADE
  6
INTERNA
 10
   48912.384
 20
   46323.025
 30
0.0
  0
VERTEX
  8
STRADE
  6
INTERNA
 10
   48911.322
 20
   46324.753
 30
0.0
  0
VERTEX
  8
STRADE
  6
INTERNA
 10
   48912.922
 20
   46327.298
 30
0.0
  0
VERTEX
  8
STRADE
  6
INTERNA
 10
   48916.391
 20
   46332.217
 30
0.0
  0
VERTEX
  8
STRADE
  6
INTERNA
 10
   48917.946
 20
   46334.481
 30
0.0
  0
VERTEX
  8
STRADE
  6
INTERNA
 10
   48919.408
 20
   46336.555
 30
0.0
  0
VERTEX
  8
STRADE
  6
INTERNA
 10
   48919.593
 20
   46336.842
 30
0.0
  0
VERTEX
  8
STRADE
  6
INTERNA
 10
   48926.559
 20
   46346.690
 30
0.0
  0
SEQEND
  0
POLYLINE
  8
STRADE
  6
INTERNA
 66
1
 10
0.0
 20
0.0
 30
0.0
 70
1
  0
VERTEX
  8
STRADE
  6
INTERNA
 10
   48947.753
 20
   46367.807
 30
0.0
  0
VERTEX
  8
STRADE
  6
INTERNA
 10
   48951.761
 20
   46365.198
 30
0.0
  0
VERTEX
  8
STRADE
  6
INTERNA
 10
   48954.813
 20
   46363.173
 30
0.0
  0
VERTEX
  8
STRADE
  6
INTERNA
 10
   48961.344
 20
   46358.865
 30
0.0
  0
VERTEX
  8
STRADE
  6
INTERNA
 10
   48966.237
 20
   46355.405
 30
0.0
  0
VERTEX
  8
STRADE
  6
INTERNA
 10
   48971.791
 20
   46351.726
 30
0.0
  0
VERTEX
  8
STRADE
  6
INTERNA
 10
   48979.506
 20
   46346.609
 30
0.0
  0
VERTEX
  8
STRADE
  6
INTERNA
 10
   48982.944
 20
   46344.212
 30
0.0
  0
VERTEX
  8
STRADE
  6
INTERNA
 10
   48988.765
 20
   46340.463
 30
0.0
  0
VERTEX
  8
STRADE
  6
INTERNA
 10
   48994.724
 20
   46336.652
 30
0.0
  0
VERTEX
  8
STRADE
  6
INTERNA
 10
   48997.209
 20
   46335.095
 30
0.0
  0
VERTEX
  8
STRADE
  6
INTERNA
 10
   49004.152
 20
   46330.254
 30
0.0
  0
VERTEX
  8
STRADE
  6
INTERNA
 10
   49002.926
 20
   46328.407
 30
0.0
  0
VERTEX
  8
STRADE
  6
INTERNA
 10
   49000.344
 20
   46324.625
 30
0.0
  0
VERTEX
  8
STRADE
  6
INTERNA
 10
   48997.042
 20
   46319.659
 30
0.0
  0
VERTEX
  8
STRADE
  6
INTERNA
 10
   48996.396
 20
   46318.913
 30
0.0
  0
VERTEX
  8
STRADE
  6
INTERNA
 10
   48993.824
 20
   46314.887
 30
0.0
  0
VERTEX
  8
STRADE
  6
INTERNA
 10
   48990.567
 20
   46309.926
 30
0.0
  0
VERTEX
  8
STRADE
  6
INTERNA
 10
   48982.855
 20
   46315.016
 30
0.0
  0
VERTEX
  8
STRADE
  6
INTERNA
 10
   48980.469
 20
   46316.492
 30
0.0
  0
VERTEX
  8
STRADE
  6
INTERNA
 10
   48972.848
 20
   46321.406
 30
0.0
  0
VERTEX
  8
STRADE
  6
INTERNA
 10
   48968.573
 20
   46324.252
 30
0.0
  0
VERTEX
  8
STRADE
  6
INTERNA
 10
   48958.017
 20
   46331.509
 30
0.0
  0
VERTEX
  8
STRADE
  6
INTERNA
 10
   48947.508
 20
   46338.255
 30
0.0
  0
VERTEX
  8
STRADE
  6
INTERNA
 10
   48939.015
 20
   46343.902
 30
0.0
  0
VERTEX
  8
STRADE
  6
INTERNA
 10
   48929.117
 20
   46350.674
 30
0.0
  0
VERTEX
  8
STRADE
  6
INTERNA
 10
   48931.975
 20
   46354.505
 30
0.0
  0
VERTEX
  8
STRADE
  6
INTERNA
 10
   48934.319
 20
   46357.821
 30
0.0
  0
VERTEX
  8
STRADE
  6
INTERNA
 10
   48935.294
 20
   46359.090
 30
0.0
  0
VERTEX
  8
STRADE
  6
INTERNA
 10
   48935.746
 20
   46359.623
 30
0.0
  0
VERTEX
  8
STRADE
  6
INTERNA
 10
   48938.899
 20
   46363.885
 30
0.0
  0
VERTEX
  8
STRADE
  6
INTERNA
 10
   48940.114
 20
   46365.531
 30
0.0
  0
VERTEX
  8
STRADE
  6
INTERNA
 10
   48942.456
 20
   46368.752
 30
0.0
  0
VERTEX
  8
STRADE
  6
INTERNA
 10
   48943.767
 20
   46370.572
 30
0.0
  0
VERTEX
  8
STRADE
  6
INTERNA
 10
   48947.753
 20
   46367.807
 30
0.0
  0
SEQEND
  0
TEXT
  8
STRADE
 62
7
 10
   48844.766
 20
   46559.461
 30
0.0
 40
       1.000
  1
STRADA
 50
       0.000
  0
POLYLINE
  8
STRADE
 66
1
 10
0.0
 20
0.0
 30
0.0
 70
1
  0
VERTEX
  8
STRADE
 10
   48784.896
 20
   46626.179
 30
0.0
  0
VERTEX
  8
STRADE
 10
   48782.669
 20
   46622.720
 30
0.0
  0
VERTEX
  8
STRADE
 10
   48780.978
 20
   46620.026
 30
0.0
  0
VERTEX
  8
STRADE
 10
   48773.978
 20
   46609.357
 30
0.0
  0
VERTEX
  8
STRADE
 10
   48773.123
 20
   46608.054
 30
0.0
  0
VERTEX
  8
STRADE
 10
   48771.485
 20
   46605.369
 30
0.0
  0
VERTEX
  8
STRADE
 10
   48769.389
 20
   46601.934
 30
0.0
  0
VERTEX
  8
STRADE
 10
   48765.310
 20
   46595.341
 30
0.0
  0
VERTEX
  8
STRADE
 10
   48766.177
 20
   46589.850
 30
0.0
  0
VERTEX
  8
STRADE
 10
   48767.813
 20
   46580.116
 30
0.0
  0
VERTEX
  8
STRADE
 10
   48768.067
 20
   46578.604
 30
0.0
  0
VERTEX
  8
STRADE
 10
   48768.874
 20
   46573.922
 30
0.0
  0
VERTEX
  8
STRADE
 10
   48771.108
 20
   46568.909
 30
0.0
  0
VERTEX
  8
STRADE
 10
   48771.989
 20
   46566.915
 30
0.0
  0
VERTEX
  8
STRADE
 10
   48779.236
 20
   46550.533
 30
0.0
  0
VERTEX
  8
STRADE
 10
   48779.731
 20
   46549.458
 30
0.0
  0
VERTEX
  8
STRADE
 10
   48790.413
 20
   46539.463
 30
0.0
  0
VERTEX
  8
STRADE
 10
   48792.949
 20
   46536.858
 30
0.0
  0
VERTEX
  8
STRADE
 10
   48793.179
 20
   46536.616
 30
0.0
  0
VERTEX
  8
STRADE
 10
   48797.619
 20
   46532.045
 30
0.0
  0
VERTEX
  8
STRADE
 10
   48798.669
 20
   46530.975
 30
0.0
  0
VERTEX
  8
STRADE
 10
   48800.835
 20
   46528.291
 30
0.0
  0
VERTEX
  8
STRADE
 10
   48801.089
 20
   46527.977
 30
0.0
  0
VERTEX
  8
STRADE
 10
   48810.690
 20
   46516.076
 30
0.0
  0
VERTEX
  8
STRADE
 10
   48810.763
 20
   46515.702
 30
0.0
  0
VERTEX
  8
STRADE
 10
   48811.860
 20
   46510.107
 30
0.0
  0
VERTEX
  8
STRADE
 10
   48812.807
 20
   46510.057
 30
0.0
  0
VERTEX
  8
STRADE
 10
   48816.022
 20
   46509.883
 30
0.0
  0
VERTEX
  8
STRADE
 10
   48818.329
 20
   46509.758
 30
0.0
  0
VERTEX
  8
STRADE
 10
   48819.205
 20
   46501.375
 30
0.0
  0
VERTEX
  8
STRADE
 10
   48819.523
 20
   46498.331
 30
0.0
  0
VERTEX
  8
STRADE
 10
   48817.949
 20
   46498.386
 30
0.0
  0
VERTEX
  8
STRADE
 10
   48818.239
 20
   46491.340
 30
0.0
  0
VERTEX
  8
STRADE
 10
   48815.948
 20
   46491.180
 30
0.0
  0
VERTEX
  8
STRADE
 10
   48815.958
 20
   46488.223
 30
0.0
  0
VERTEX
  8
STRADE
 10
   48815.971
 20
   46486.463
 30
0.0
  0
VERTEX
  8
STRADE
 10
   48816.039
 20
   46476.564
 30
0.0
  0
VERTEX
  8
STRADE
 10
   48816.046
 20
   46475.585
 30
0.0
  0
VERTEX
  8
STRADE
 10
   48816.132
 20
   46465.853
 30
0.0
  0
VERTEX
  8
STRADE
 10
   48826.444
 20
   46466.492
 30
0.0
  0
VERTEX
  8
STRADE
 10
   48829.064
 20
   46469.972
 30
0.0
  0
VERTEX
  8
STRADE
 10
   48832.685
 20
   46474.706
 30
0.0
  0
VERTEX
  8
STRADE
 10
   48846.990
 20
   46468.062
 30
0.0
  0
VERTEX
  8
STRADE
 10
   48847.354
 20
   46468.428
 30
0.0
  0
VERTEX
  8
STRADE
 10
   48849.997
 20
   46469.885
 30
0.0
  0
VERTEX
  8
STRADE
 10
   48844.144
 20
   46456.905
 30
0.0
  0
VERTEX
  8
STRADE
 10
   48842.887
 20
   46454.219
 30
0.0
  0
VERTEX
  8
STRADE
 10
   48835.995
 20
   46446.129
 30
0.0
  0
VERTEX
  8
STRADE
 10
   48832.837
 20
   46442.463
 30
0.0
  0
VERTEX
  8
STRADE
 10
   48832.364
 20
   46442.426
 30
0.0
  0
VERTEX
  8
STRADE
 10
   48832.350
 20
   46442.448
 30
0.0
  0
VERTEX
  8
STRADE
 10
   48802.454
 20
   46449.916
 30
0.0
  0
VERTEX
  8
STRADE
 10
   48802.174
 20
   46449.985
 30
0.0
  0
VERTEX
  8
STRADE
 10
   48805.731
 20
   46448.757
 30
0.0
  0
VERTEX
  8
STRADE
 10
   48806.674
 20
   46448.431
 30
0.0
  0
VERTEX
  8
STRADE
 10
   48817.859
 20
   46445.807
 30
0.0
  0
VERTEX
  8
STRADE
 10
   48817.788
 20
   46442.447
 30
0.0
  0
VERTEX
  8
STRADE
 10
   48833.466
 20
   46438.646
 30
0.0
  0
VERTEX
  8
STRADE
 10
   48848.470
 20
   46429.015
 30
0.0
  0
VERTEX
  8
STRADE
 10
   48857.745
 20
   46432.831
 30
0.0
  0
VERTEX
  8
STRADE
 10
   48856.014
 20
   46434.127
 30
0.0
  0
VERTEX
  8
STRADE
 10
   48859.004
 20
   46438.426
 30
0.0
  0
VERTEX
  8
STRADE
 10
   48863.582
 20
   46445.454
 30
0.0
  0
VERTEX
  8
STRADE
 10
   48870.899
 20
   46455.972
 30
0.0
  0
VERTEX
  8
STRADE
 10
   48873.843
 20
   46460.230
 30
0.0
  0
VERTEX
  8
STRADE
 10
   48877.925
 20
   46466.254
 30
0.0
  0
VERTEX
  8
STRADE
 10
   48880.436
 20
   46470.039
 30
0.0
  0
VERTEX
  8
STRADE
 10
   48884.956
 20
   46476.570
 30
0.0
  0
VERTEX
  8
STRADE
 10
   48892.880
 20
   46488.242
 30
0.0
  0
VERTEX
  8
STRADE
 10
   48900.917
 20
   46499.899
 30
0.0
  0
VERTEX
  8
STRADE
 10
   48909.273
 20
   46512.102
 30
0.0
  0
VERTEX
  8
STRADE
 10
   48918.023
 20
   46524.876
 30
0.0
  0
VERTEX
  8
STRADE
 10
   48924.146
 20
   46533.639
 30
0.0
  0
VERTEX
  8
STRADE
 10
   48920.000
 20
   46536.794
 30
0.0
  0
VERTEX
  8
STRADE
 10
   48916.431
 20
   46531.785
 30
0.0
  0
VERTEX
  8
STRADE
 10
   48908.579
 20
   46519.987
 30
0.0
  0
VERTEX
  8
STRADE
 10
   48900.510
 20
   46525.464
 30
0.0
  0
VERTEX
  8
STRADE
 10
   48889.738
 20
   46532.831
 30
0.0
  0
VERTEX
  8
STRADE
 10
   48887.926
 20
   46534.097
 30
0.0
  0
VERTEX
  8
STRADE
 10
   48886.411
 20
   46535.048
 30
0.0
  0
VERTEX
  8
STRADE
 10
   48874.185
 20
   46543.227
 30
0.0
  0
VERTEX
  8
STRADE
 10
   48869.515
 20
   46546.220
 30
0.0
  0
VERTEX
  8
STRADE
 10
   48854.972
 20
   46556.059
 30
0.0
  0
VERTEX
  8
STRADE
 10
   48846.780
 20
   46561.466
 30
0.0
  0
VERTEX
  8
STRADE
 10
   48834.570
 20
   46569.703
 30
0.0
  0
VERTEX
  8
STRADE
 10
   48828.730
 20
   46573.580
 30
0.0
  0
VERTEX
  8
STRADE
 10
   48823.583
 20
   46576.989
 30
0.0
  0
VERTEX
  8
STRADE
 10
   48809.501
 20
   46586.150
 30
0.0
  0
VERTEX
  8
STRADE
 10
   48808.201
 20
   46587.013
 30
0.0
  0
VERTEX
  8
STRADE
 10
   48805.666
 20
   46588.650
 30
0.0
  0
VERTEX
  8
STRADE
 10
   48800.616
 20
   46591.856
 30
0.0
  0
VERTEX
  8
STRADE
 10
   48785.684
 20
   46601.570
 30
0.0
  0
VERTEX
  8
STRADE
 10
   48777.444
 20
   46607.029
 30
0.0
  0
VERTEX
  8
STRADE
 10
   48778.361
 20
   46608.553
 30
0.0
  0
VERTEX
  8
STRADE
 10
   48784.878
 20
   46618.366
 30
0.0
  0
VERTEX
  8
STRADE
 10
   48788.417
 20
   46623.794
 30
0.0
  0
VERTEX
  8
STRADE
 10
   48788.444
 20
   46623.835
 30
0.0
  0
VERTEX
  8
STRADE
 10
   48784.896
 20
   46626.179
 30
0.0
  0
SEQEND
  8
STRADE
  0
POLYLINE
  8
STRADE
  6
INTERNA
 66
1
 10
0.0
 20
0.0
 30
0.0
 70
1
  0
VERTEX
  8
STRADE
  6
INTERNA
 10
   48831.465
 20
   46475.623
 30
0.0
  0
VERTEX
  8
STRADE
  6
INTERNA
 10
   48829.909
 20
   46474.955
 30
0.0
  0
VERTEX
  8
STRADE
  6
INTERNA
 10
   48827.349
 20
   46474.855
 30
0.0
  0
VERTEX
  8
STRADE
  6
INTERNA
 10
   48827.190
 20
   46485.111
 30
0.0
  0
VERTEX
  8
STRADE
  6
INTERNA
 10
   48827.158
 20
   46485.919
 30
0.0
  0
VERTEX
  8
STRADE
  6
INTERNA
 10
   48826.154
 20
   46493.296
 30
0.0
  0
VERTEX
  8
STRADE
  6
INTERNA
 10
   48825.715
 20
   46497.049
 30
0.0
  0
VERTEX
  8
STRADE
  6
INTERNA
 10
   48825.799
 20
   46498.450
 30
0.0
  0
VERTEX
  8
STRADE
  6
INTERNA
 10
   48826.057
 20
   46504.677
 30
0.0
  0
VERTEX
  8
STRADE
  6
INTERNA
 10
   48825.756
 20
   46512.381
 30
0.0
  0
VERTEX
  8
STRADE
  6
INTERNA
 10
   48823.897
 20
   46514.651
 30
0.0
  0
VERTEX
  8
STRADE
  6
INTERNA
 10
   48823.564
 20
   46514.952
 30
0.0
  0
VERTEX
  8
STRADE
  6
INTERNA
 10
   48813.375
 20
   46520.254
 30
0.0
  0
VERTEX
  8
STRADE
  6
INTERNA
 10
   48813.018
 20
   46520.555
 30
0.0
  0
VERTEX
  8
STRADE
  6
INTERNA
 10
   48807.864
 20
   46527.218
 30
0.0
  0
VERTEX
  8
STRADE
  6
INTERNA
 10
   48805.278
 20
   46530.390
 30
0.0
  0
VERTEX
  8
STRADE
  6
INTERNA
 10
   48800.247
 20
   46536.761
 30
0.0
  0
VERTEX
  8
STRADE
  6
INTERNA
 10
   48798.501
 20
   46539.143
 30
0.0
  0
VERTEX
  8
STRADE
  6
INTERNA
 10
   48792.402
 20
   46546.785
 30
0.0
  0
VERTEX
  8
STRADE
  6
INTERNA
 10
   48790.501
 20
   46549.761
 30
0.0
  0
VERTEX
  8
STRADE
  6
INTERNA
 10
   48787.929
 20
   46553.843
 30
0.0
  0
VERTEX
  8
STRADE
  6
INTERNA
 10
   48783.290
 20
   46561.151
 30
0.0
  0
VERTEX
  8
STRADE
  6
INTERNA
 10
   48782.751
 20
   46561.856
 30
0.0
  0
VERTEX
  8
STRADE
  6
INTERNA
 10
   48782.373
 20
   46562.888
 30
0.0
  0
VERTEX
  8
STRADE
  6
INTERNA
 10
   48782.167
 20
   46563.671
 30
0.0
  0
VERTEX
  8
STRADE
  6
INTERNA
 10
   48778.934
 20
   46571.889
 30
0.0
  0
VERTEX
  8
STRADE
  6
INTERNA
 10
   48774.506
 20
   46583.099
 30
0.0
  0
VERTEX
  8
STRADE
  6
INTERNA
 10
   48770.938
 20
   46592.181
 30
0.0
  0
VERTEX
  8
STRADE
  6
INTERNA
 10
   48770.466
 20
   46593.756
 30
0.0
  0
VERTEX
  8
STRADE
  6
INTERNA
 10
   48770.896
 20
   46596.862
 30
0.0
  0
VERTEX
  8
STRADE
  6
INTERNA
 10
   48774.525
 20
   46602.808
 30
0.0
  0
VERTEX
  8
STRADE
  6
INTERNA
 10
   48781.062
 20
   46598.567
 30
0.0
  0
VERTEX
  8
STRADE
  6
INTERNA
 10
   48789.035
 20
   46593.507
 30
0.0
  0
VERTEX
  8
STRADE
  6
INTERNA
 10
   48788.780
 20
   46590.930
 30
0.0
  0
VERTEX
  8
STRADE
  6
INTERNA
 10
   48788.307
 20
   46586.362
 30
0.0
  0
VERTEX
  8
STRADE
  6
INTERNA
 10
   48794.341
 20
   46584.307
 30
0.0
  0
VERTEX
  8
STRADE
  6
INTERNA
 10
   48795.487
 20
   46584.003
 30
0.0
  0
VERTEX
  8
STRADE
  6
INTERNA
 10
   48799.373
 20
   46581.507
 30
0.0
  0
VERTEX
  8
STRADE
  6
INTERNA
 10
   48802.234
 20
   46584.460
 30
0.0
  0
VERTEX
  8
STRADE
  6
INTERNA
 10
   48812.058
 20
   46578.161
 30
0.0
  0
VERTEX
  8
STRADE
  6
INTERNA
 10
   48823.684
 20
   46570.326
 30
0.0
  0
VERTEX
  8
STRADE
  6
INTERNA
 10
   48833.882
 20
   46563.381
 30
0.0
  0
VERTEX
  8
STRADE
  6
INTERNA
 10
   48837.495
 20
   46560.951
 30
0.0
  0
VERTEX
  8
STRADE
  6
INTERNA
 10
   48842.248
 20
   46557.762
 30
0.0
  0
VERTEX
  8
STRADE
  6
INTERNA
 10
   48846.376
 20
   46555.017
 30
0.0
  0
VERTEX
  8
STRADE
  6
INTERNA
 10
   48854.810
 20
   46549.497
 30
0.0
  0
VERTEX
  8
STRADE
  6
INTERNA
 10
   48856.757
 20
   46548.255
 30
0.0
  0
VERTEX
  8
STRADE
  6
INTERNA
 10
   48860.524
 20
   46545.682
 30
0.0
  0
VERTEX
  8
STRADE
  6
INTERNA
 10
   48866.170
 20
   46541.813
 30
0.0
  0
VERTEX
  8
STRADE
  6
INTERNA
 10
   48875.700
 20
   46535.258
 30
0.0
  0
VERTEX
  8
STRADE
  6
INTERNA
 10
   48881.459
 20
   46531.398
 30
0.0
  0
VERTEX
  8
STRADE
  6
INTERNA
 10
   48884.653
 20
   46529.226
 30
0.0
  0
VERTEX
  8
STRADE
  6
INTERNA
 10
   48888.911
 20
   46526.107
 30
0.0
  0
VERTEX
  8
STRADE
  6
INTERNA
 10
   48904.493
 20
   46515.117
 30
0.0
  0
VERTEX
  8
STRADE
  6
INTERNA
 10
   48899.226
 20
   46507.484
 30
0.0
  0
VERTEX
  8
STRADE
  6
INTERNA
 10
   48890.623
 20
   46494.765
 30
0.0
  0
VERTEX
  8
STRADE
  6
INTERNA
 10
   48888.140
 20
   46491.121
 30
0.0
  0
VERTEX
  8
STRADE
  6
INTERNA
 10
   48886.749
 20
   46489.301
 30
0.0
  0
VERTEX
  8
STRADE
  6
INTERNA
 10
   48877.494
 20
   46495.331
 30
0.0
  0
VERTEX
  8
STRADE
  6
INTERNA
 10
   48871.646
 20
   46499.223
 30
0.0
  0
VERTEX
  8
STRADE
  6
INTERNA
 10
   48870.837
 20
   46500.116
 30
0.0
  0
VERTEX
  8
STRADE
  6
INTERNA
 10
   48869.608
 20
   46505.156
 30
0.0
  0
VERTEX
  8
STRADE
  6
INTERNA
 10
   48869.252
 20
   46506.771
 30
0.0
  0
VERTEX
  8
STRADE
  6
INTERNA
 10
   48867.262
 20
   46512.251
 30
0.0
  0
VERTEX
  8
STRADE
  6
INTERNA
 10
   48863.530
 20
   46523.528
 30
0.0
  0
VERTEX
  8
STRADE
  6
INTERNA
 10
   48862.631
 20
   46526.000
 30
0.0
  0
VERTEX
  8
STRADE
  6
INTERNA
 10
   48856.493
 20
   46530.135
 30
0.0
  0
VERTEX
  8
STRADE
  6
INTERNA
 10
   48847.715
 20
   46535.953
 30
0.0
  0
VERTEX
  8
STRADE
  6
INTERNA
 10
   48844.852
 20
   46537.859
 30
0.0
  0
VERTEX
  8
STRADE
  6
INTERNA
 10
   48840.339
 20
   46540.958
 30
0.0
  0
VERTEX
  8
STRADE
  6
INTERNA
 10
   48837.943
 20
   46542.484
 30
0.0
  0
VERTEX
  8
STRADE
  6
INTERNA
 10
   48833.684
 20
   46545.100
 30
0.0
  0
VERTEX
  8
STRADE
  6
INTERNA
 10
   48828.660
 20
   46548.138
 30
0.0
  0
VERTEX
  8
STRADE
  6
INTERNA
 10
   48826.697
 20
   46549.322
 30
0.0
  0
VERTEX
  8
STRADE
  6
INTERNA
 10
   48824.504
 20
   46550.628
 30
0.0
  0
VERTEX
  8
STRADE
  6
INTERNA
 10
   48822.776
 20
   46551.868
 30
0.0
  0
VERTEX
  8
STRADE
  6
INTERNA
 10
   48821.628
 20
   46552.647
 30
0.0
  0
VERTEX
  8
STRADE
  6
INTERNA
 10
   48818.593
 20
   46554.732
 30
0.0
  0
VERTEX
  8
STRADE
  6
INTERNA
 10
   48815.984
 20
   46556.384
 30
0.0
  0
VERTEX
  8
STRADE
  6
INTERNA
 10
   48814.197
 20
   46557.347
 30
0.0
  0
VERTEX
  8
STRADE
  6
INTERNA
 10
   48811.549
 20
   46553.419
 30
0.0
  0
VERTEX
  8
STRADE
  6
INTERNA
 10
   48813.044
 20
   46552.517
 30
0.0
  0
VERTEX
  8
STRADE
  6
INTERNA
 10
   48813.809
 20
   46553.539
 30
0.0
  0
VERTEX
  8
STRADE
  6
INTERNA
 10
   48818.676
 20
   46550.244
 30
0.0
  0
VERTEX
  8
STRADE
  6
INTERNA
 10
   48822.866
 20
   46547.475
 30
0.0
  0
VERTEX
  8
STRADE
  6
INTERNA
 10
   48823.515
 20
   46548.327
 30
0.0
  0
VERTEX
  8
STRADE
  6
INTERNA
 10
   48826.298
 20
   46546.503
 30
0.0
  0
VERTEX
  8
STRADE
  6
INTERNA
 10
   48825.664
 20
   46545.350
 30
0.0
  0
VERTEX
  8
STRADE
  6
INTERNA
 10
   48829.223
 20
   46543.162
 30
0.0
  0
VERTEX
  8
STRADE
  6
INTERNA
 10
   48828.629
 20
   46542.381
 30
0.0
  0
VERTEX
  8
STRADE
  6
INTERNA
 10
   48837.044
 20
   46537.362
 30
0.0
  0
VERTEX
  8
STRADE
  6
INTERNA
 10
   48840.635
 20
   46535.136
 30
0.0
  0
VERTEX
  8
STRADE
  6
INTERNA
 10
   48842.065
 20
   46534.125
 30
0.0
  0
VERTEX
  8
STRADE
  6
INTERNA
 10
   48849.420
 20
   46529.315
 30
0.0
  0
VERTEX
  8
STRADE
  6
INTERNA
 10
   48850.553
 20
   46528.283
 30
0.0
  0
VERTEX
  8
STRADE
  6
INTERNA
 10
   48855.710
 20
   46522.647
 30
0.0
  0
VERTEX
  8
STRADE
  6
INTERNA
 10
   48856.820
 20
   46521.425
 30
0.0
  0
VERTEX
  8
STRADE
  6
INTERNA
 10
   48853.488
 20
   46518.436
 30
0.0
  0
VERTEX
  8
STRADE
  6
INTERNA
 10
   48848.118
 20
   46513.272
 30
0.0
  0
VERTEX
  8
STRADE
  6
INTERNA
 10
   48848.742
 20
   46509.466
 30
0.0
  0
VERTEX
  8
STRADE
  6
INTERNA
 10
   48850.123
 20
   46502.000
 30
0.0
  0
VERTEX
  8
STRADE
  6
INTERNA
 10
   48845.273
 20
   46499.461
 30
0.0
  0
VERTEX
  8
STRADE
  6
INTERNA
 10
   48839.850
 20
   46496.803
 30
0.0
  0
VERTEX
  8
STRADE
  6
INTERNA
 10
   48840.041
 20
   46495.465
 30
0.0
  0
VERTEX
  8
STRADE
  6
INTERNA
 10
   48845.228
 20
   46497.747
 30
0.0
  0
VERTEX
  8
STRADE
  6
INTERNA
 10
   48848.195
 20
   46499.045
 30
0.0
  0
VERTEX
  8
STRADE
  6
INTERNA
 10
   48852.122
 20
   46500.635
 30
0.0
  0
VERTEX
  8
STRADE
  6
INTERNA
 10
   48849.835
 20
   46512.510
 30
0.0
  0
VERTEX
  8
STRADE
  6
INTERNA
 10
   48852.124
 20
   46513.130
 30
0.0
  0
VERTEX
  8
STRADE
  6
INTERNA
 10
   48853.095
 20
   46513.442
 30
0.0
  0
VERTEX
  8
STRADE
  6
INTERNA
 10
   48860.356
 20
   46519.180
 30
0.0
  0
VERTEX
  8
STRADE
  6
INTERNA
 10
   48863.196
 20
   46509.589
 30
0.0
  0
VERTEX
  8
STRADE
  6
INTERNA
 10
   48865.161
 20
   46502.897
 30
0.0
  0
VERTEX
  8
STRADE
  6
INTERNA
 10
   48863.345
 20
   46502.691
 30
0.0
  0
VERTEX
  8
STRADE
  6
INTERNA
 10
   48864.349
 20
   46498.758
 30
0.0
  0
VERTEX
  8
STRADE
  6
INTERNA
 10
   48865.138
 20
   46495.495
 30
0.0
  0
VERTEX
  8
STRADE
  6
INTERNA
 10
   48865.734
 20
   46495.549
 30
0.0
  0
VERTEX
  8
STRADE
  6
INTERNA
 10
   48867.131
 20
   46495.629
 30
0.0
  0
VERTEX
  8
STRADE
  6
INTERNA
 10
   48871.885
 20
   46492.763
 30
0.0
  0
VERTEX
  8
STRADE
  6
INTERNA
 10
   48883.870
 20
   46484.636
 30
0.0
  0
VERTEX
  8
STRADE
  6
INTERNA
 10
   48874.799
 20
   46471.429
 30
0.0
  0
VERTEX
  8
STRADE
  6
INTERNA
 10
   48868.378
 20
   46461.890
 30
0.0
  0
VERTEX
  8
STRADE
  6
INTERNA
 10
   48861.467
 20
   46451.782
 30
0.0
  0
VERTEX
  8
STRADE
  6
INTERNA
 10
   48855.505
 20
   46442.635
 30
0.0
  0
VERTEX
  8
STRADE
  6
INTERNA
 10
   48848.758
 20
   46433.017
 30
0.0
  0
VERTEX
  8
STRADE
  6
INTERNA
 10
   48838.377
 20
   46439.254
 30
0.0
  0
VERTEX
  8
STRADE
  6
INTERNA
 10
   48834.706
 20
   46441.282
 30
0.0
  0
VERTEX
  8
STRADE
  6
INTERNA
 10
   48838.324
 20
   46445.977
 30
0.0
  0
VERTEX
  8
STRADE
  6
INTERNA
 10
   48842.357
 20
   46451.758
 30
0.0
  0
VERTEX
  8
STRADE
  6
INTERNA
 10
   48843.016
 20
   46451.426
 30
0.0
  0
VERTEX
  8
STRADE
  6
INTERNA
 10
   48846.077
 20
   46456.163
 30
0.0
  0
VERTEX
  8
STRADE
  6
INTERNA
 10
   48848.672
 20
   46460.180
 30
0.0
  0
VERTEX
  8
STRADE
  6
INTERNA
 10
   48850.101
 20
   46464.712
 30
0.0
  0
VERTEX
  8
STRADE
  6
INTERNA
 10
   48852.332
 20
   46472.030
 30
0.0
  0
VERTEX
  8
STRADE
  6
INTERNA
 10
   48852.364
 20
   46472.540
 30
0.0
  0
VERTEX
  8
STRADE
  6
INTERNA
 10
   48850.391
 20
   46472.387
 30
0.0
  0
VERTEX
  8
STRADE
  6
INTERNA
 10
   48842.970
 20
   46471.666
 30
0.0
  0
VERTEX
  8
STRADE
  6
INTERNA
 10
   48841.465
 20
   46472.372
 30
0.0
  0
VERTEX
  8
STRADE
  6
INTERNA
 10
   48836.795
 20
   46474.566
 30
0.0
  0
VERTEX
  8
STRADE
  6
INTERNA
 10
   48831.454
 20
   46477.063
 30
0.0
  0
VERTEX
  8
STRADE
  6
INTERNA
 10
   48831.465
 20
   46475.623
 30
0.0
  0
SEQEND
  0
TEXT
  8
STRADE
 62
7
 10
   49110.560
 20
   46020.590
 30
0.0
 40
       1.000
  1
STRADA
 50
       0.000
  0
POLYLINE
  8
STRADE
 66
1
 10
0.0
 20
0.0
 30
0.0
 70
1
  0
VERTEX
  8
STRADE
 10
   49077.252
 20
   46036.128
 30
0.0
  0
VERTEX
  8
STRADE
 10
   49076.380
 20
   46033.510
 30
0.0
  0
VERTEX
  8
STRADE
 10
   49084.252
 20
   46030.128
 30
0.0
  0
VERTEX
  8
STRADE
 10
   49091.625
 20
   46026.654
 30
0.0
  0
VERTEX
  8
STRADE
 10
   49102.081
 20
   46022.461
 30
0.0
  0
VERTEX
  8
STRADE
 10
   49108.887
 20
   46019.636
 30
0.0
  0
VERTEX
  8
STRADE
 10
   49114.674
 20
   46017.312
 30
0.0
  0
VERTEX
  8
STRADE
 10
   49123.353
 20
   46013.734
 30
0.0
  0
VERTEX
  8
STRADE
 10
   49135.395
 20
   46008.768
 30
0.0
  0
VERTEX
  8
STRADE
 10
   49137.139
 20
   46008.163
 30
0.0
  0
VERTEX
  8
STRADE
 10
   49143.549
 20
   46005.136
 30
0.0
  0
VERTEX
  8
STRADE
 10
   49144.816
 20
   46008.081
 30
0.0
  0
VERTEX
  8
STRADE
 10
   49134.781
 20
   46012.163
 30
0.0
  0
VERTEX
  8
STRADE
 10
   49123.460
 20
   46016.861
 30
0.0
  0
VERTEX
  8
STRADE
 10
   49106.008
 20
   46024.149
 30
0.0
  0
VERTEX
  8
STRADE
 10
   49087.689
 20
   46031.936
 30
0.0
  0
VERTEX
  8
STRADE
 10
   49077.252
 20
   46036.128
 30
0.0
  0
SEQEND
  8
STRADE
  0
TEXT
  8
STRADE
 62
7
 10
   48881.921
 20
   46566.621
 30
0.0
 40
       1.000
  1
STRADA
 50
       0.000
  0
POLYLINE
  8
STRADE
 66
1
 10
0.0
 20
0.0
 30
0.0
 70
1
  0
VERTEX
  8
STRADE
 10
   48924.295
 20
   46533.850
 30
0.0
  0
VERTEX
  8
STRADE
 10
   48920.264
 20
   46536.838
 30
0.0
  0
VERTEX
  8
STRADE
 10
   48923.226
 20
   46542.330
 30
0.0
  0
VERTEX
  8
STRADE
 10
   48903.597
 20
   46556.863
 30
0.0
  0
VERTEX
  8
STRADE
 10
   48855.321
 20
   46588.259
 30
0.0
  0
VERTEX
  8
STRADE
 10
   48844.286
 20
   46595.897
 30
0.0
  0
VERTEX
  8
STRADE
 10
   48844.093
 20
   46595.647
 30
0.0
  0
VERTEX
  8
STRADE
 10
   48839.629
 20
   46589.992
 30
0.0
  0
VERTEX
  8
STRADE
 10
   48839.691
 20
   46589.953
 30
0.0
  0
VERTEX
  8
STRADE
 10
   48853.047
 20
   46581.231
 30
0.0
  0
VERTEX
  8
STRADE
 10
   48858.197
 20
   46577.872
 30
0.0
  0
VERTEX
  8
STRADE
 10
   48868.496
 20
   46571.087
 30
0.0
  0
VERTEX
  8
STRADE
 10
   48870.607
 20
   46569.691
 30
0.0
  0
VERTEX
  8
STRADE
 10
   48877.128
 20
   46565.379
 30
0.0
  0
VERTEX
  8
STRADE
 10
   48881.068
 20
   46562.867
 30
0.0
  0
VERTEX
  8
STRADE
 10
   48884.127
 20
   46560.830
 30
0.0
  0
VERTEX
  8
STRADE
 10
   48892.146
 20
   46555.556
 30
0.0
  0
VERTEX
  8
STRADE
 10
   48894.377
 20
   46554.078
 30
0.0
  0
VERTEX
  8
STRADE
 10
   48895.996
 20
   46553.006
 30
0.0
  0
VERTEX
  8
STRADE
 10
   48898.775
 20
   46551.070
 30
0.0
  0
VERTEX
  8
STRADE
 10
   48901.525
 20
   46549.298
 30
0.0
  0
VERTEX
  8
STRADE
 10
   48911.756
 20
   46542.371
 30
0.0
  0
VERTEX
  8
STRADE
 10
   48915.307
 20
   46540.015
 30
0.0
  0
VERTEX
  8
STRADE
 10
   48920.000
 20
   46536.794
 30
0.0
  0
VERTEX
  8
STRADE
 10
   48924.146
 20
   46533.639
 30
0.0
  0
VERTEX
  8
STRADE
 10
   48924.295
 20
   46533.850
 30
0.0
  0
SEQEND
  8
STRADE
  0
POLYLINE
  8
STRADE
  6
INTERNA
 66
1
 10
0.0
 20
0.0
 30
0.0
 70
1
  0
VERTEX
  8
STRADE
  6
INTERNA
 10
   48907.069
 20
   46550.205
 30
0.0
  0
VERTEX
  8
STRADE
  6
INTERNA
 10
   48903.656
 20
   46552.629
 30
0.0
  0
VERTEX
  8
STRADE
  6
INTERNA
 10
   48904.542
 20
   46553.875
 30
0.0
  0
VERTEX
  8
STRADE
  6
INTERNA
 10
   48911.747
 20
   46548.753
 30
0.0
  0
VERTEX
  8
STRADE
  6
INTERNA
 10
   48911.042
 20
   46547.759
 30
0.0
  0
VERTEX
  8
STRADE
  6
INTERNA
 10
   48909.942
 20
   46548.541
 30
0.0
  0
VERTEX
  8
STRADE
  6
INTERNA
 10
   48909.312
 20
   46547.653
 30
0.0
  0
VERTEX
  8
STRADE
  6
INTERNA
 10
   48906.618
 20
   46549.568
 30
0.0
  0
VERTEX
  8
STRADE
  6
INTERNA
 10
   48907.069
 20
   46550.205
 30
0.0
  0
SEQEND
  0
TEXT
  8
PARTICELLE
 62
7
 10
   48795.492
 20
   46607.197
 30
0.0
 40
       1.800
  1
1
 50
       0.000
  0
POLYLINE
  8
PARTICELLE
 66
1
 10
0.0
 20
0.0
 30
0.0
 70
1
  0
VERTEX
  8
PARTICELLE
 10
   48807.597
 20
   46611.081
 30
0.0
  0
VERTEX
  8
PARTICELLE
 10
   48805.560
 20
   46612.443
 30
0.0
  0
VERTEX
  8
PARTICELLE
 10
   48788.444
 20
   46623.835
 30
0.0
  0
VERTEX
  8
PARTICELLE
 10
   48788.417
 20
   46623.794
 30
0.0
  0
VERTEX
  8
PARTICELLE
 10
   48784.878
 20
   46618.366
 30
0.0
  0
VERTEX
  8
PARTICELLE
 10
   48778.361
 20
   46608.553
 30
0.0
  0
VERTEX
  8
PARTICELLE
 10
   48777.444
 20
   46607.029
 30
0.0
  0
VERTEX
  8
PARTICELLE
 10
   48785.684
 20
   46601.570
 30
0.0
  0
VERTEX
  8
PARTICELLE
 10
   48800.616
 20
   46591.856
 30
0.0
  0
VERTEX
  8
PARTICELLE
 10
   48802.520
 20
   46594.634
 30
0.0
  0
VERTEX
  8
PARTICELLE
 10
   48808.079
 20
   46602.530
 30
0.0
  0
VERTEX
  8
PARTICELLE
 10
   48811.876
 20
   46608.268
 30
0.0
  0
VERTEX
  8
PARTICELLE
 10
   48807.597
 20
   46611.081
 30
0.0
  0
SEQEND
  8
PARTICELLE
  0
TEXT
  8
PARTICELLE
 62
7
 10
   48819.050
 20
   46587.647
 30
0.0
 40
       1.800
  1
10
 50
       0.000
  0
POLYLINE
  8
PARTICELLE
 66
1
 10
0.0
 20
0.0
 30
0.0
 70
1
  0
VERTEX
  8
PARTICELLE
 10
   48834.502
 20
   46593.319
 30
0.0
  0
VERTEX
  8
PARTICELLE
 10
   48828.835
 20
   46597.014
 30
0.0
  0
VERTEX
  8
PARTICELLE
 10
   48827.582
 20
   46597.846
 30
0.0
  0
VERTEX
  8
PARTICELLE
 10
   48824.756
 20
   46599.758
 30
0.0
  0
VERTEX
  8
PARTICELLE
 10
   48821.743
 20
   46601.638
 30
0.0
  0
VERTEX
  8
PARTICELLE
 10
   48820.720
 20
   46602.306
 30
0.0
  0
VERTEX
  8
PARTICELLE
 10
   48820.706
 20
   46602.286
 30
0.0
  0
VERTEX
  8
PARTICELLE
 10
   48816.889
 20
   46596.700
 30
0.0
  0
VERTEX
  8
PARTICELLE
 10
   48809.501
 20
   46586.150
 30
0.0
  0
VERTEX
  8
PARTICELLE
 10
   48823.583
 20
   46576.989
 30
0.0
  0
VERTEX
  8
PARTICELLE
 10
   48834.471
 20
   46593.274
 30
0.0
  0
VERTEX
  8
PARTICELLE
 10
   48834.502
 20
   46593.319
 30
0.0
  0
SEQEND
  8
PARTICELLE
  0
TEXT
  8
PARTICELLE
 62
7
 10
   48871.321
 20
   46408.564
 30
0.0
 40
       1.800
  1
100
 50
      67.213
  0
POLYLINE
  8
PARTICELLE
 66
1
 10
0.0
 20
0.0
 30
0.0
 70
1
  0
VERTEX
  8
PARTICELLE
 10
   48867.400
 20
   46406.089
 30
0.0
  0
VERTEX
  8
PARTICELLE
 10
   48867.340
 20
   46403.328
 30
0.0
  0
VERTEX
  8
PARTICELLE
 10
   48869.145
 20
   46402.584
 30
0.0
  0
VERTEX
  8
PARTICELLE
 10
   48871.744
 20
   46402.301
 30
0.0
  0
VERTEX
  8
PARTICELLE
 10
   48872.155
 20
   46403.656
 30
0.0
  0
VERTEX
  8
PARTICELLE
 10
   48872.724
 20
   46405.687
 30
0.0
  0
VERTEX
  8
PARTICELLE
 10
   48875.091
 20
   46414.530
 30
0.0
  0
VERTEX
  8
PARTICELLE
 10
   48875.581
 20
   46416.349
 30
0.0
  0
VERTEX
  8
PARTICELLE
 10
   48871.050
 20
   46419.084
 30
0.0
  0
VERTEX
  8
PARTICELLE
 10
   48870.573
 20
   46417.395
 30
0.0
  0
VERTEX
  8
PARTICELLE
 10
   48867.898
 20
   46407.752
 30
0.0
  0
VERTEX
  8
PARTICELLE
 10
   48867.400
 20
   46406.089
 30
0.0
  0
SEQEND
  8
PARTICELLE
  0
TEXT
  8
PARTICELLE
 62
7
 10
   48874.928
 20
   46404.094
 30
0.0
 40
       1.800
  1
101
 50
       0.000
  0
POLYLINE
  8
PARTICELLE
 66
1
 10
0.0
 20
0.0
 30
0.0
 70
1
  0
VERTEX
  8
PARTICELLE
 10
   48867.056
 20
   46399.372
 30
0.0
  0
VERTEX
  8
PARTICELLE
 10
   48866.676
 20
   46394.085
 30
0.0
  0
VERTEX
  8
PARTICELLE
 10
   48868.775
 20
   46393.827
 30
0.0
  0
VERTEX
  8
PARTICELLE
 10
   48877.795
 20
   46392.624
 30
0.0
  0
VERTEX
  8
PARTICELLE
 10
   48878.373
 20
   46395.213
 30
0.0
  0
VERTEX
  8
PARTICELLE
 10
   48881.489
 20
   46394.628
 30
0.0
  0
VERTEX
  8
PARTICELLE
 10
   48880.999
 20
   46391.582
 30
0.0
  0
VERTEX
  8
PARTICELLE
 10
   48882.587
 20
   46391.403
 30
0.0
  0
VERTEX
  8
PARTICELLE
 10
   48883.237
 20
   46398.029
 30
0.0
  0
VERTEX
  8
PARTICELLE
 10
   48887.224
 20
   46397.568
 30
0.0
  0
VERTEX
  8
PARTICELLE
 10
   48891.007
 20
   46395.510
 30
0.0
  0
VERTEX
  8
PARTICELLE
 10
   48895.423
 20
   46404.249
 30
0.0
  0
VERTEX
  8
PARTICELLE
 10
   48882.920
 20
   46411.946
 30
0.0
  0
VERTEX
  8
PARTICELLE
 10
   48875.581
 20
   46416.349
 30
0.0
  0
VERTEX
  8
PARTICELLE
 10
   48875.091
 20
   46414.530
 30
0.0
  0
VERTEX
  8
PARTICELLE
 10
   48872.724
 20
   46405.687
 30
0.0
  0
VERTEX
  8
PARTICELLE
 10
   48872.155
 20
   46403.656
 30
0.0
  0
VERTEX
  8
PARTICELLE
 10
   48871.744
 20
   46402.301
 30
0.0
  0
VERTEX
  8
PARTICELLE
 10
   48869.145
 20
   46402.584
 30
0.0
  0
VERTEX
  8
PARTICELLE
 10
   48868.794
 20
   46399.244
 30
0.0
  0
VERTEX
  8
PARTICELLE
 10
   48867.056
 20
   46399.372
 30
0.0
  0
SEQEND
  8
PARTICELLE
  0
TEXT
  8
PARTICELLE
 62
7
 10
   48885.403
 20
   46392.236
 30
0.0
 40
       1.800
  1
102
 50
      84.059
  0
POLYLINE
  8
PARTICELLE
 66
1
 10
0.0
 20
0.0
 30
0.0
 70
1
  0
VERTEX
  8
PARTICELLE
 10
   48882.587
 20
   46391.403
 30
0.0
  0
VERTEX
  8
PARTICELLE
 10
   48882.532
 20
   46390.412
 30
0.0
  0
VERTEX
  8
PARTICELLE
 10
   48886.391
 20
   46390.126
 30
0.0
  0
VERTEX
  8
PARTICELLE
 10
   48887.224
 20
   46397.568
 30
0.0
  0
VERTEX
  8
PARTICELLE
 10
   48883.237
 20
   46398.029
 30
0.0
  0
VERTEX
  8
PARTICELLE
 10
   48882.587
 20
   46391.403
 30
0.0
  0
SEQEND
  8
PARTICELLE
  0
TEXT
  8
PARTICELLE
 62
7
 10
   48894.802
 20
   46392.405
 30
0.0
 40
       1.800
  1
103
 50
       0.000
  0
POLYLINE
  8
PARTICELLE
 66
1
 10
0.0
 20
0.0
 30
0.0
 70
1
  0
VERTEX
  8
PARTICELLE
 10
   48895.592
 20
   46402.321
 30
0.0
  0
VERTEX
  8
PARTICELLE
 10
   48889.561
 20
   46389.055
 30
0.0
  0
VERTEX
  8
PARTICELLE
 10
   48897.882
 20
   46385.848
 30
0.0
  0
VERTEX
  8
PARTICELLE
 10
   48899.981
 20
   46389.052
 30
0.0
  0
VERTEX
  8
PARTICELLE
 10
   48904.576
 20
   46396.116
 30
0.0
  0
VERTEX
  8
PARTICELLE
 10
   48905.384
 20
   46397.395
 30
0.0
  0
VERTEX
  8
PARTICELLE
 10
   48903.897
 20
   46398.397
 30
0.0
  0
VERTEX
  8
PARTICELLE
 10
   48897.392
 20
   46402.810
 30
0.0
  0
VERTEX
  8
PARTICELLE
 10
   48896.227
 20
   46403.730
 30
0.0
  0
VERTEX
  8
PARTICELLE
 10
   48895.592
 20
   46402.321
 30
0.0
  0
SEQEND
  8
PARTICELLE
  0
TEXT
  8
PARTICELLE
 62
7
 10
   48903.280
 20
   46389.178
 30
0.0
 40
       1.800
  1
104
 50
       0.000
  0
POLYLINE
  8
PARTICELLE
 66
1
 10
0.0
 20
0.0
 30
0.0
 70
1
  0
VERTEX
  8
PARTICELLE
 10
   48899.981
 20
   46389.052
 30
0.0
  0
VERTEX
  8
PARTICELLE
 10
   48897.882
 20
   46385.848
 30
0.0
  0
VERTEX
  8
PARTICELLE
 10
   48902.274
 20
   46384.214
 30
0.0
  0
VERTEX
  8
PARTICELLE
 10
   48909.348
 20
   46381.507
 30
0.0
  0
VERTEX
  8
PARTICELLE
 10
   48909.888
 20
   46382.129
 30
0.0
  0
VERTEX
  8
PARTICELLE
 10
   48914.665
 20
   46389.036
 30
0.0
  0
VERTEX
  8
PARTICELLE
 10
   48915.440
 20
   46390.320
 30
0.0
  0
VERTEX
  8
PARTICELLE
 10
   48906.915
 20
   46396.349
 30
0.0
  0
VERTEX
  8
PARTICELLE
 10
   48905.384
 20
   46397.395
 30
0.0
  0
VERTEX
  8
PARTICELLE
 10
   48904.576
 20
   46396.116
 30
0.0
  0
VERTEX
  8
PARTICELLE
 10
   48899.981
 20
   46389.052
 30
0.0
  0
SEQEND
  8
PARTICELLE
  0
TEXT
  8
PARTICELLE
 62
7
 10
   48915.358
 20
   46381.832
 30
0.0
 40
       1.800
  1
105
 50
       0.000
  0
POLYLINE
  8
PARTICELLE
 66
1
 10
0.0
 20
0.0
 30
0.0
 70
1
  0
VERTEX
  8
PARTICELLE
 10
   48914.665
 20
   46389.036
 30
0.0
  0
VERTEX
  8
PARTICELLE
 10
   48909.888
 20
   46382.129
 30
0.0
  0
VERTEX
  8
PARTICELLE
 10
   48919.524
 20
   46375.169
 30
0.0
  0
VERTEX
  8
PARTICELLE
 10
   48923.904
 20
   46381.455
 30
0.0
  0
VERTEX
  8
PARTICELLE
 10
   48924.388
 20
   46382.186
 30
0.0
  0
VERTEX
  8
PARTICELLE
 10
   48925.353
 20
   46383.383
 30
0.0
  0
VERTEX
  8
PARTICELLE
 10
   48915.440
 20
   46390.320
 30
0.0
  0
VERTEX
  8
PARTICELLE
 10
   48914.665
 20
   46389.036
 30
0.0
  0
SEQEND
  8
PARTICELLE
  0
TEXT
  8
PARTICELLE
 62
7
 10
   48925.418
 20
   46374.689
 30
0.0
 40
       1.800
  1
106
 50
       0.000
  0
POLYLINE
  8
PARTICELLE
 66
1
 10
0.0
 20
0.0
 30
0.0
 70
1
  0
VERTEX
  8
PARTICELLE
 10
   48923.904
 20
   46381.455
 30
0.0
  0
VERTEX
  8
PARTICELLE
 10
   48919.524
 20
   46375.169
 30
0.0
  0
VERTEX
  8
PARTICELLE
 10
   48925.013
 20
   46371.235
 30
0.0
  0
VERTEX
  8
PARTICELLE
 10
   48932.547
 20
   46365.935
 30
0.0
  0
VERTEX
  8
PARTICELLE
 10
   48937.042
 20
   46372.491
 30
0.0
  0
VERTEX
  8
PARTICELLE
 10
   48938.325
 20
   46374.376
 30
0.0
  0
VERTEX
  8
PARTICELLE
 10
   48932.904
 20
   46378.162
 30
0.0
  0
VERTEX
  8
PARTICELLE
 10
   48928.911
 20
   46380.851
 30
0.0
  0
VERTEX
  8
PARTICELLE
 10
   48925.353
 20
   46383.383
 30
0.0
  0
VERTEX
  8
PARTICELLE
 10
   48924.388
 20
   46382.186
 30
0.0
  0
VERTEX
  8
PARTICELLE
 10
   48923.904
 20
   46381.455
 30
0.0
  0
SEQEND
  8
PARTICELLE
  0
TEXT
  8
PARTICELLE
 62
7
 10
   48907.591
 20
   46368.367
 30
0.0
 40
       1.800
  1
107
 50
       0.000
  0
POLYLINE
  8
PARTICELLE
 66
1
 10
0.0
 20
0.0
 30
0.0
 70
1
  0
VERTEX
  8
PARTICELLE
 10
   48899.398
 20
   46382.501
 30
0.0
  0
VERTEX
  8
PARTICELLE
 10
   48893.668
 20
   46374.207
 30
0.0
  0
VERTEX
  8
PARTICELLE
 10
   48910.721
 20
   46362.775
 30
0.0
  0
VERTEX
  8
PARTICELLE
 10
   48924.145
 20
   46353.989
 30
0.0
  0
VERTEX
  8
PARTICELLE
 10
   48929.968
 20
   46361.937
 30
0.0
  0
VERTEX
  8
PARTICELLE
 10
   48911.438
 20
   46374.397
 30
0.0
  0
VERTEX
  8
PARTICELLE
 10
   48899.398
 20
   46382.501
 30
0.0
  0
SEQEND
  8
PARTICELLE
  0
TEXT
  8
PARTICELLE
 62
7
 10
   48902.573
 20
   46355.565
 30
0.0
 40
       1.800
  1
108
 50
       0.000
  0
POLYLINE
  8
PARTICELLE
 66
1
 10
0.0
 20
0.0
 30
0.0
 70
1
  0
VERTEX
  8
PARTICELLE
 10
   48894.168
 20
   46367.866
 30
0.0
  0
VERTEX
  8
PARTICELLE
 10
   48889.283
 20
   46360.901
 30
0.0
  0
VERTEX
  8
PARTICELLE
 10
   48916.254
 20
   46343.145
 30
0.0
  0
VERTEX
  8
PARTICELLE
 10
   48921.470
 20
   46350.366
 30
0.0
  0
VERTEX
  8
PARTICELLE
 10
   48894.168
 20
   46367.866
 30
0.0
  0
SEQEND
  8
PARTICELLE
  0
TEXT
  8
PARTICELLE
 62
7
 10
   48897.270
 20
   46344.368
 30
0.0
 40
       1.800
  1
109
 50
       0.000
  0
POLYLINE
  8
PARTICELLE
 66
1
 10
0.0
 20
0.0
 30
0.0
 70
1
  0
VERTEX
  8
PARTICELLE
 10
   48887.774
 20
   46345.242
 30
0.0
  0
VERTEX
  8
PARTICELLE
 10
   48907.718
 20
   46331.529
 30
0.0
  0
VERTEX
  8
PARTICELLE
 10
   48913.206
 20
   46339.107
 30
0.0
  0
VERTEX
  8
PARTICELLE
 10
   48891.531
 20
   46353.751
 30
0.0
  0
VERTEX
  8
PARTICELLE
 10
   48885.702
 20
   46357.896
 30
0.0
  0
VERTEX
  8
PARTICELLE
 10
   48883.126
 20
   46345.381
 30
0.0
  0
VERTEX
  8
PARTICELLE
 10
   48886.253
 20
   46343.128
 30
0.0
  0
VERTEX
  8
PARTICELLE
 10
   48887.774
 20
   46345.242
 30
0.0
  0
SEQEND
  8
PARTICELLE
  0
TEXT
  8
PARTICELLE
 62
7
 10
   48840.702
 20
   46574.931
 30
0.0
 40
       1.800
  1
11
 50
       0.000
  0
POLYLINE
  8
PARTICELLE
 66
1
 10
0.0
 20
0.0
 30
0.0
 70
1
  0
VERTEX
  8
PARTICELLE
 10
   48839.691
 20
   46589.953
 30
0.0
  0
VERTEX
  8
PARTICELLE
 10
   48828.730
 20
   46573.580
 30
0.0
  0
VERTEX
  8
PARTICELLE
 10
   48834.570
 20
   46569.703
 30
0.0
  0
VERTEX
  8
PARTICELLE
 10
   48846.780
 20
   46561.466
 30
0.0
  0
VERTEX
  8
PARTICELLE
 10
   48854.795
 20
   46572.912
 30
0.0
  0
VERTEX
  8
PARTICELLE
 10
   48858.197
 20
   46577.872
 30
0.0
  0
VERTEX
  8
PARTICELLE
 10
   48853.047
 20
   46581.231
 30
0.0
  0
VERTEX
  8
PARTICELLE
 10
   48839.691
 20
   46589.953
 30
0.0
  0
SEQEND
  8
PARTICELLE
  0
TEXT
  8
PARTICELLE
 62
7
 10
   48881.875
 20
   46329.519
 30
0.0
 40
       1.800
  1
110
 50
      80.335
  0
POLYLINE
  8
PARTICELLE
 66
1
 10
0.0
 20
0.0
 30
0.0
 70
1
  0
VERTEX
  8
PARTICELLE
 10
   48879.842
 20
   46336.228
 30
0.0
  0
VERTEX
  8
PARTICELLE
 10
   48878.727
 20
   46327.494
 30
0.0
  0
VERTEX
  8
PARTICELLE
 10
   48882.844
 20
   46326.517
 30
0.0
  0
VERTEX
  8
PARTICELLE
 10
   48884.413
 20
   46335.575
 30
0.0
  0
VERTEX
  8
PARTICELLE
 10
   48884.571
 20
   46336.434
 30
0.0
  0
VERTEX
  8
PARTICELLE
 10
   48879.941
 20
   46337.079
 30
0.0
  0
VERTEX
  8
PARTICELLE
 10
   48879.842
 20
   46336.228
 30
0.0
  0
SEQEND
  8
PARTICELLE
  0
TEXT
  8
PARTICELLE
 62
7
 10
   48890.696
 20
   46328.779
 30
0.0
 40
       1.800
  1
111
 50
       0.000
  0
POLYLINE
  8
PARTICELLE
 66
1
 10
0.0
 20
0.0
 30
0.0
 70
1
  0
VERTEX
  8
PARTICELLE
 10
   48889.834
 20
   46334.586
 30
0.0
  0
VERTEX
  8
PARTICELLE
 10
   48889.076
 20
   46325.328
 30
0.0
  0
VERTEX
  8
PARTICELLE
 10
   48894.212
 20
   46324.285
 30
0.0
  0
VERTEX
  8
PARTICELLE
 10
   48895.362
 20
   46329.225
 30
0.0
  0
VERTEX
  8
PARTICELLE
 10
   48895.405
 20
   46329.761
 30
0.0
  0
VERTEX
  8
PARTICELLE
 10
   48895.903
 20
   46333.419
 30
0.0
  0
VERTEX
  8
PARTICELLE
 10
   48889.834
 20
   46334.586
 30
0.0
  0
SEQEND
  8
PARTICELLE
  0
TEXT
  8
PARTICELLE
 62
7
 10
   48897.281
 20
   46323.396
 30
0.0
 40
       1.800
  1
112
 50
       0.000
  0
POLYLINE
  8
PARTICELLE
 66
1
 10
0.0
 20
0.0
 30
0.0
 70
1
  0
VERTEX
  8
PARTICELLE
 10
   48894.212
 20
   46324.285
 30
0.0
  0
VERTEX
  8
PARTICELLE
 10
   48893.805
 20
   46322.932
 30
0.0
  0
VERTEX
  8
PARTICELLE
 10
   48900.122
 20
   46320.346
 30
0.0
  0
VERTEX
  8
PARTICELLE
 10
   48906.739
 20
   46317.826
 30
0.0
  0
VERTEX
  8
PARTICELLE
 10
   48912.265
 20
   46315.633
 30
0.0
  0
VERTEX
  8
PARTICELLE
 10
   48913.509
 20
   46317.663
 30
0.0
  0
VERTEX
  8
PARTICELLE
 10
   48910.723
 20
   46320.197
 30
0.0
  0
VERTEX
  8
PARTICELLE
 10
   48909.263
 20
   46321.028
 30
0.0
  0
VERTEX
  8
PARTICELLE
 10
   48908.121
 20
   46321.382
 30
0.0
  0
VERTEX
  8
PARTICELLE
 10
   48908.387
 20
   46322.792
 30
0.0
  0
VERTEX
  8
PARTICELLE
 10
   48905.892
 20
   46323.921
 30
0.0
  0
VERTEX
  8
PARTICELLE
 10
   48904.313
 20
   46324.542
 30
0.0
  0
VERTEX
  8
PARTICELLE
 10
   48904.549
 20
   46325.530
 30
0.0
  0
VERTEX
  8
PARTICELLE
 10
   48895.362
 20
   46329.225
 30
0.0
  0
VERTEX
  8
PARTICELLE
 10
   48894.212
 20
   46324.285
 30
0.0
  0
SEQEND
  8
PARTICELLE
  0
TEXT
  8
PARTICELLE
 62
7
 10
   48918.248
 20
   46328.635
 30
0.0
 40
       1.800
  1
113
 50
       0.000
  0
POLYLINE
  8
PARTICELLE
 66
1
 10
0.0
 20
0.0
 30
0.0
 70
1
  0
VERTEX
  8
PARTICELLE
 10
   48917.971
 20
   46331.094
 30
0.0
  0
VERTEX
  8
PARTICELLE
 10
   48915.886
 20
   46327.865
 30
0.0
  0
VERTEX
  8
PARTICELLE
 10
   48918.545
 20
   46326.188
 30
0.0
  0
VERTEX
  8
PARTICELLE
 10
   48917.415
 20
   46324.476
 30
0.0
  0
VERTEX
  8
PARTICELLE
 10
   48919.906
 20
   46322.911
 30
0.0
  0
VERTEX
  8
PARTICELLE
 10
   48924.896
 20
   46330.750
 30
0.0
  0
VERTEX
  8
PARTICELLE
 10
   48920.017
 20
   46334.037
 30
0.0
  0
VERTEX
  8
PARTICELLE
 10
   48920.956
 20
   46335.454
 30
0.0
  0
VERTEX
  8
PARTICELLE
 10
   48919.408
 20
   46336.555
 30
0.0
  0
VERTEX
  8
PARTICELLE
 10
   48917.946
 20
   46334.481
 30
0.0
  0
VERTEX
  8
PARTICELLE
 10
   48919.461
 20
   46333.385
 30
0.0
  0
VERTEX
  8
PARTICELLE
 10
   48917.971
 20
   46331.094
 30
0.0
  0
SEQEND
  8
PARTICELLE
  0
TEXT
  8
PARTICELLE
 62
7
 10
   48924.502
 20
   46338.768
 30
0.0
 40
       1.800
  1
114
 50
       0.000
  0
POLYLINE
  8
PARTICELLE
 66
1
 10
0.0
 20
0.0
 30
0.0
 70
1
  0
VERTEX
  8
PARTICELLE
 10
   48919.593
 20
   46336.842
 30
0.0
  0
VERTEX
  8
PARTICELLE
 10
   48925.978
 20
   46332.505
 30
0.0
  0
VERTEX
  8
PARTICELLE
 10
   48927.222
 20
   46331.687
 30
0.0
  0
VERTEX
  8
PARTICELLE
 10
   48929.548
 20
   46330.122
 30
0.0
  0
VERTEX
  8
PARTICELLE
 10
   48936.491
 20
   46340.067
 30
0.0
  0
VERTEX
  8
PARTICELLE
 10
   48933.886
 20
   46341.839
 30
0.0
  0
VERTEX
  8
PARTICELLE
 10
   48926.559
 20
   46346.690
 30
0.0
  0
VERTEX
  8
PARTICELLE
 10
   48919.593
 20
   46336.842
 30
0.0
  0
SEQEND
  8
PARTICELLE
  0
TEXT
  8
PARTICELLE
 62
7
 10
   48933.978
 20
   46329.274
 30
0.0
 40
       1.800
  1
115
 50
       0.000
  0
POLYLINE
  8
PARTICELLE
 66
1
 10
0.0
 20
0.0
 30
0.0
 70
1
  0
VERTEX
  8
PARTICELLE
 10
   48929.548
 20
   46330.122
 30
0.0
  0
VERTEX
  8
PARTICELLE
 10
   48933.695
 20
   46327.328
 30
0.0
  0
VERTEX
  8
PARTICELLE
 10
   48940.857
 20
   46322.571
 30
0.0
  0
VERTEX
  8
PARTICELLE
 10
   48945.344
 20
   46329.221
 30
0.0
  0
VERTEX
  8
PARTICELLE
 10
   48947.740
 20
   46332.771
 30
0.0
  0
VERTEX
  8
PARTICELLE
 10
   48945.696
 20
   46334.125
 30
0.0
  0
VERTEX
  8
PARTICELLE
 10
   48945.036
 20
   46334.582
 30
0.0
  0
VERTEX
  8
PARTICELLE
 10
   48941.997
 20
   46336.534
 30
0.0
  0
VERTEX
  8
PARTICELLE
 10
   48939.357
 20
   46338.229
 30
0.0
  0
VERTEX
  8
PARTICELLE
 10
   48936.491
 20
   46340.067
 30
0.0
  0
VERTEX
  8
PARTICELLE
 10
   48929.548
 20
   46330.122
 30
0.0
  0
SEQEND
  8
PARTICELLE
  0
TEXT
  8
PARTICELLE
 62
7
 10
   48943.819
 20
   46318.666
 30
0.0
 40
       1.200
  1
116
 50
       0.000
  0
POLYLINE
  8
PARTICELLE
 66
1
 10
0.0
 20
0.0
 30
0.0
 70
1
  0
VERTEX
  8
PARTICELLE
 10
   48955.155
 20
   46327.180
 30
0.0
  0
VERTEX
  8
PARTICELLE
 10
   48955.420
 20
   46327.553
 30
0.0
  0
VERTEX
  8
PARTICELLE
 10
   48947.740
 20
   46332.771
 30
0.0
  0
VERTEX
  8
PARTICELLE
 10
   48945.344
 20
   46329.221
 30
0.0
  0
VERTEX
  8
PARTICELLE
 10
   48940.857
 20
   46322.571
 30
0.0
  0
VERTEX
  8
PARTICELLE
 10
   48938.517
 20
   46319.142
 30
0.0
  0
VERTEX
  8
PARTICELLE
 10
   48937.274
 20
   46317.209
 30
0.0
  0
VERTEX
  8
PARTICELLE
 10
   48937.076
 20
   46316.902
 30
0.0
  0
VERTEX
  8
PARTICELLE
 10
   48934.889
 20
   46313.510
 30
0.0
  0
VERTEX
  8
PARTICELLE
 10
   48932.811
 20
   46310.512
 30
0.0
  0
VERTEX
  8
PARTICELLE
 10
   48931.492
 20
   46308.639
 30
0.0
  0
VERTEX
  8
PARTICELLE
 10
   48941.110
 20
   46306.201
 30
0.0
  0
VERTEX
  8
PARTICELLE
 10
   48942.648
 20
   46308.448
 30
0.0
  0
VERTEX
  8
PARTICELLE
 10
   48944.532
 20
   46311.289
 30
0.0
  0
VERTEX
  8
PARTICELLE
 10
   48950.882
 20
   46320.875
 30
0.0
  0
VERTEX
  8
PARTICELLE
 10
   48954.256
 20
   46325.919
 30
0.0
  0
VERTEX
  8
PARTICELLE
 10
   48955.155
 20
   46327.180
 30
0.0
  0
SEQEND
  8
PARTICELLE
  0
TEXT
  8
PARTICELLE
 62
7
 10
   48962.183
 20
   46346.273
 30
0.0
 40
       1.800
  1
117
 50
       0.000
  0
POLYLINE
  8
PARTICELLE
 66
1
 10
0.0
 20
0.0
 30
0.0
 70
1
  0
VERTEX
  8
PARTICELLE
 10
   48958.363
 20
   46343.982
 30
0.0
  0
VERTEX
  8
PARTICELLE
 10
   48963.762
 20
   46340.002
 30
0.0
  0
VERTEX
  8
PARTICELLE
 10
   48964.783
 20
   46341.556
 30
0.0
  0
VERTEX
  8
PARTICELLE
 10
   48970.635
 20
   46350.019
 30
0.0
  0
VERTEX
  8
PARTICELLE
 10
   48971.791
 20
   46351.726
 30
0.0
  0
VERTEX
  8
PARTICELLE
 10
   48966.237
 20
   46355.405
 30
0.0
  0
VERTEX
  8
PARTICELLE
 10
   48965.009
 20
   46353.527
 30
0.0
  0
VERTEX
  8
PARTICELLE
 10
   48958.363
 20
   46343.982
 30
0.0
  0
SEQEND
  8
PARTICELLE
  0
TEXT
  8
PARTICELLE
 62
7
 10
   48969.297
 20
   46343.166
 30
0.0
 40
       1.800
  1
118
 50
       0.000
  0
POLYLINE
  8
PARTICELLE
 66
1
 10
0.0
 20
0.0
 30
0.0
 70
1
  0
VERTEX
  8
PARTICELLE
 10
   48964.783
 20
   46341.556
 30
0.0
  0
VERTEX
  8
PARTICELLE
 10
   48967.054
 20
   46340.057
 30
0.0
  0
VERTEX
  8
PARTICELLE
 10
   48967.696
 20
   46339.610
 30
0.0
  0
VERTEX
  8
PARTICELLE
 10
   48973.863
 20
   46335.548
 30
0.0
  0
VERTEX
  8
PARTICELLE
 10
   48975.762
 20
   46334.382
 30
0.0
  0
VERTEX
  8
PARTICELLE
 10
   48976.865
 20
   46336.152
 30
0.0
  0
VERTEX
  8
PARTICELLE
 10
   48981.704
 20
   46342.558
 30
0.0
  0
VERTEX
  8
PARTICELLE
 10
   48982.944
 20
   46344.212
 30
0.0
  0
VERTEX
  8
PARTICELLE
 10
   48979.506
 20
   46346.609
 30
0.0
  0
VERTEX
  8
PARTICELLE
 10
   48971.791
 20
   46351.726
 30
0.0
  0
VERTEX
  8
PARTICELLE
 10
   48970.635
 20
   46350.019
 30
0.0
  0
VERTEX
  8
PARTICELLE
 10
   48964.783
 20
   46341.556
 30
0.0
  0
SEQEND
  8
PARTICELLE
  0
TEXT
  8
PARTICELLE
 62
7
 10
   48962.825
 20
   46332.010
 30
0.0
 40
       1.800
  1
119
 50
       0.000
  0
POLYLINE
  8
PARTICELLE
 66
1
 10
0.0
 20
0.0
 30
0.0
 70
1
  0
VERTEX
  8
PARTICELLE
 10
   48963.762
 20
   46340.002
 30
0.0
  0
VERTEX
  8
PARTICELLE
 10
   48958.017
 20
   46331.509
 30
0.0
  0
VERTEX
  8
PARTICELLE
 10
   48968.573
 20
   46324.252
 30
0.0
  0
VERTEX
  8
PARTICELLE
 10
   48969.168
 20
   46325.007
 30
0.0
  0
VERTEX
  8
PARTICELLE
 10
   48975.762
 20
   46334.382
 30
0.0
  0
VERTEX
  8
PARTICELLE
 10
   48973.863
 20
   46335.548
 30
0.0
  0
VERTEX
  8
PARTICELLE
 10
   48967.696
 20
   46339.610
 30
0.0
  0
VERTEX
  8
PARTICELLE
 10
   48967.054
 20
   46340.057
 30
0.0
  0
VERTEX
  8
PARTICELLE
 10
   48964.783
 20
   46341.556
 30
0.0
  0
VERTEX
  8
PARTICELLE
 10
   48963.762
 20
   46340.002
 30
0.0
  0
SEQEND
  8
PARTICELLE
  0
TEXT
  8
PARTICELLE
 62
7
 10
   48824.044
 20
   46561.309
 30
0.0
 40
       1.800
  1
12
 50
       0.000
  0
POLYLINE
  8
PARTICELLE
 66
1
 10
0.0
 20
0.0
 30
0.0
 70
1
  0
VERTEX
  8
PARTICELLE
 10
   48814.197
 20
   46557.347
 30
0.0
  0
VERTEX
  8
PARTICELLE
 10
   48815.984
 20
   46556.384
 30
0.0
  0
VERTEX
  8
PARTICELLE
 10
   48818.593
 20
   46554.732
 30
0.0
  0
VERTEX
  8
PARTICELLE
 10
   48821.628
 20
   46552.647
 30
0.0
  0
VERTEX
  8
PARTICELLE
 10
   48822.776
 20
   46551.868
 30
0.0
  0
VERTEX
  8
PARTICELLE
 10
   48824.504
 20
   46550.628
 30
0.0
  0
VERTEX
  8
PARTICELLE
 10
   48833.882
 20
   46563.381
 30
0.0
  0
VERTEX
  8
PARTICELLE
 10
   48823.684
 20
   46570.326
 30
0.0
  0
VERTEX
  8
PARTICELLE
 10
   48820.338
 20
   46566.043
 30
0.0
  0
VERTEX
  8
PARTICELLE
 10
   48814.197
 20
   46557.347
 30
0.0
  0
SEQEND
  8
PARTICELLE
  0
TEXT
  8
PARTICELLE
 62
7
 10
   48954.353
 20
   46314.558
 30
0.0
 40
       1.200
  1
120
 50
       0.000
  0
POLYLINE
  8
PARTICELLE
 66
1
 10
0.0
 20
0.0
 30
0.0
 70
1
  0
VERTEX
  8
PARTICELLE
 10
   48952.424
 20
   46303.993
 30
0.0
  0
VERTEX
  8
PARTICELLE
 10
   48955.488
 20
   46303.303
 30
0.0
  0
VERTEX
  8
PARTICELLE
 10
   48966.159
 20
   46320.298
 30
0.0
  0
VERTEX
  8
PARTICELLE
 10
   48962.985
 20
   46322.417
 30
0.0
  0
VERTEX
  8
PARTICELLE
 10
   48955.420
 20
   46327.553
 30
0.0
  0
VERTEX
  8
PARTICELLE
 10
   48955.155
 20
   46327.180
 30
0.0
  0
VERTEX
  8
PARTICELLE
 10
   48954.256
 20
   46325.919
 30
0.0
  0
VERTEX
  8
PARTICELLE
 10
   48950.882
 20
   46320.875
 30
0.0
  0
VERTEX
  8
PARTICELLE
 10
   48944.532
 20
   46311.289
 30
0.0
  0
VERTEX
  8
PARTICELLE
 10
   48942.648
 20
   46308.448
 30
0.0
  0
VERTEX
  8
PARTICELLE
 10
   48941.110
 20
   46306.201
 30
0.0
  0
VERTEX
  8
PARTICELLE
 10
   48952.424
 20
   46303.993
 30
0.0
  0
SEQEND
  8
PARTICELLE
  0
TEXT
  8
PARTICELLE
 62
7
 10
   48965.222
 20
   46308.357
 30
0.0
 40
       1.800
  1
121
 50
       0.000
  0
POLYLINE
  8
PARTICELLE
 66
1
 10
0.0
 20
0.0
 30
0.0
 70
1
  0
VERTEX
  8
PARTICELLE
 10
   48955.488
 20
   46303.303
 30
0.0
  0
VERTEX
  8
PARTICELLE
 10
   48958.504
 20
   46302.746
 30
0.0
  0
VERTEX
  8
PARTICELLE
 10
   48965.803
 20
   46301.204
 30
0.0
  0
VERTEX
  8
PARTICELLE
 10
   48969.735
 20
   46307.426
 30
0.0
  0
VERTEX
  8
PARTICELLE
 10
   48974.457
 20
   46314.899
 30
0.0
  0
VERTEX
  8
PARTICELLE
 10
   48968.423
 20
   46318.787
 30
0.0
  0
VERTEX
  8
PARTICELLE
 10
   48966.159
 20
   46320.298
 30
0.0
  0
VERTEX
  8
PARTICELLE
 10
   48955.488
 20
   46303.303
 30
0.0
  0
SEQEND
  8
PARTICELLE
  0
TEXT
  8
PARTICELLE
 62
7
 10
   48978.006
 20
   46325.391
 30
0.0
 40
       1.800
  1
122
 50
       0.000
  0
POLYLINE
  8
PARTICELLE
 66
1
 10
0.0
 20
0.0
 30
0.0
 70
1
  0
VERTEX
  8
PARTICELLE
 10
   48972.848
 20
   46321.406
 30
0.0
  0
VERTEX
  8
PARTICELLE
 10
   48980.469
 20
   46316.492
 30
0.0
  0
VERTEX
  8
PARTICELLE
 10
   48986.059
 20
   46324.661
 30
0.0
  0
VERTEX
  8
PARTICELLE
 10
   48987.382
 20
   46326.510
 30
0.0
  0
VERTEX
  8
PARTICELLE
 10
   48983.408
 20
   46328.991
 30
0.0
  0
VERTEX
  8
PARTICELLE
 10
   48981.640
 20
   46330.287
 30
0.0
  0
VERTEX
  8
PARTICELLE
 10
   48979.799
 20
   46331.546
 30
0.0
  0
VERTEX
  8
PARTICELLE
 10
   48975.762
 20
   46334.382
 30
0.0
  0
VERTEX
  8
PARTICELLE
 10
   48969.168
 20
   46325.007
 30
0.0
  0
VERTEX
  8
PARTICELLE
 10
   48968.573
 20
   46324.252
 30
0.0
  0
VERTEX
  8
PARTICELLE
 10
   48972.848
 20
   46321.406
 30
0.0
  0
SEQEND
  8
PARTICELLE
  0
TEXT
  8
PARTICELLE
 62
7
 10
   48985.137
 20
   46335.424
 30
0.0
 40
       1.800
  1
123
 50
       0.000
  0
POLYLINE
  8
PARTICELLE
 66
1
 10
0.0
 20
0.0
 30
0.0
 70
1
  0
VERTEX
  8
PARTICELLE
 10
   48981.640
 20
   46330.287
 30
0.0
  0
VERTEX
  8
PARTICELLE
 10
   48983.408
 20
   46328.991
 30
0.0
  0
VERTEX
  8
PARTICELLE
 10
   48987.382
 20
   46326.510
 30
0.0
  0
VERTEX
  8
PARTICELLE
 10
   48989.263
 20
   46329.361
 30
0.0
  0
VERTEX
  8
PARTICELLE
 10
   48990.731
 20
   46331.450
 30
0.0
  0
VERTEX
  8
PARTICELLE
 10
   48993.509
 20
   46335.019
 30
0.0
  0
VERTEX
  8
PARTICELLE
 10
   48994.724
 20
   46336.652
 30
0.0
  0
VERTEX
  8
PARTICELLE
 10
   48988.765
 20
   46340.463
 30
0.0
  0
VERTEX
  8
PARTICELLE
 10
   48982.944
 20
   46344.212
 30
0.0
  0
VERTEX
  8
PARTICELLE
 10
   48981.704
 20
   46342.558
 30
0.0
  0
VERTEX
  8
PARTICELLE
 10
   48976.865
 20
   46336.152
 30
0.0
  0
VERTEX
  8
PARTICELLE
 10
   48975.762
 20
   46334.382
 30
0.0
  0
VERTEX
  8
PARTICELLE
 10
   48979.799
 20
   46331.546
 30
0.0
  0
VERTEX
  8
PARTICELLE
 10
   48981.640
 20
   46330.287
 30
0.0
  0
SEQEND
  8
PARTICELLE
  0
TEXT
  8
PARTICELLE
 62
7
 10
   48964.322
 20
   46433.439
 30
0.0
 40
       1.200
  1
124
 50
       0.000
  0
POLYLINE
  8
PARTICELLE
 66
1
 10
0.0
 20
0.0
 30
0.0
 70
1
  0
VERTEX
  8
PARTICELLE
 10
   49072.066
 20
   46432.705
 30
0.0
  0
VERTEX
  8
PARTICELLE
 10
   49071.791
 20
   46432.877
 30
0.0
  0
VERTEX
  8
PARTICELLE
 10
   49069.638
 20
   46434.409
 30
0.0
  0
VERTEX
  8
PARTICELLE
 10
   49065.464
 20
   46437.137
 30
0.0
  0
VERTEX
  8
PARTICELLE
 10
   49057.922
 20
   46442.258
 30
0.0
  0
VERTEX
  8
PARTICELLE
 10
   49048.235
 20
   46448.910
 30
0.0
  0
VERTEX
  8
PARTICELLE
 10
   49044.707
 20
   46451.260
 30
0.0
  0
VERTEX
  8
PARTICELLE
 10
   49043.828
 20
   46451.845
 30
0.0
  0
VERTEX
  8
PARTICELLE
 10
   49029.359
 20
   46461.489
 30
0.0
  0
VERTEX
  8
PARTICELLE
 10
   49023.834
 20
   46465.157
 30
0.0
  0
VERTEX
  8
PARTICELLE
 10
   49022.447
 20
   46466.081
 30
0.0
  0
VERTEX
  8
PARTICELLE
 10
   49020.506
 20
   46466.030
 30
0.0
  0
VERTEX
  8
PARTICELLE
 10
   49019.558
 20
   46466.099
 30
0.0
  0
VERTEX
  8
PARTICELLE
 10
   49017.552
 20
   46466.384
 30
0.0
  0
VERTEX
  8
PARTICELLE
 10
   49008.351
 20
   46471.826
 30
0.0
  0
VERTEX
  8
PARTICELLE
 10
   49007.222
 20
   46472.573
 30
0.0
  0
VERTEX
  8
PARTICELLE
 10
   49001.536
 20
   46476.323
 30
0.0
  0
VERTEX
  8
PARTICELLE
 10
   49000.651
 20
   46475.548
 30
0.0
  0
VERTEX
  8
PARTICELLE
 10
   48995.256
 20
   46479.272
 30
0.0
  0
VERTEX
  8
PARTICELLE
 10
   48995.767
 20
   46480.087
 30
0.0
  0
VERTEX
  8
PARTICELLE
 10
   48997.254
 20
   46482.018
 30
0.0
  0
VERTEX
  8
PARTICELLE
 10
   48994.508
 20
   46483.890
 30
0.0
  0
VERTEX
  8
PARTICELLE
 10
   48992.127
 20
   46481.256
 30
0.0
  0
VERTEX
  8
PARTICELLE
 10
   48987.003
 20
   46484.733
 30
0.0
  0
VERTEX
  8
PARTICELLE
 10
   48987.508
 20
   46485.891
 30
0.0
  0
VERTEX
  8
PARTICELLE
 10
   48980.488
 20
   46490.460
 30
0.0
  0
VERTEX
  8
PARTICELLE
 10
   48979.889
 20
   46489.509
 30
0.0
  0
VERTEX
  8
PARTICELLE
 10
   48973.050
 20
   46495.418
 30
0.0
  0
VERTEX
  8
PARTICELLE
 10
   48972.613
 20
   46496.058
 30
0.0
  0
VERTEX
  8
PARTICELLE
 10
   48972.100
 20
   46497.343
 30
0.0
  0
VERTEX
  8
PARTICELLE
 10
   48971.191
 20
   46498.462
 30
0.0
  0
VERTEX
  8
PARTICELLE
 10
   48971.283
 20
   46501.445
 30
0.0
  0
VERTEX
  8
PARTICELLE
 10
   48968.007
 20
   46503.518
 30
0.0
  0
VERTEX
  8
PARTICELLE
 10
   48965.634
 20
   46505.019
 30
0.0
  0
VERTEX
  8
PARTICELLE
 10
   48964.261
 20
   46505.946
 30
0.0
  0
VERTEX
  8
PARTICELLE
 10
   48957.474
 20
   46510.487
 30
0.0
  0
VERTEX
  8
PARTICELLE
 10
   48953.081
 20
   46513.582
 30
0.0
  0
VERTEX
  8
PARTICELLE
 10
   48953.552
 20
   46514.191
 30
0.0
  0
VERTEX
  8
PARTICELLE
 10
   48953.047
 20
   46513.641
 30
0.0
  0
VERTEX
  8
PARTICELLE
 10
   48951.573
 20
   46514.644
 30
0.0
  0
VERTEX
  8
PARTICELLE
 10
   48944.519
 20
   46519.618
 30
0.0
  0
VERTEX
  8
PARTICELLE
 10
   48932.829
 20
   46527.723
 30
0.0
  0
VERTEX
  8
PARTICELLE
 10
   48929.536
 20
   46529.967
 30
0.0
  0
VERTEX
  8
PARTICELLE
 10
   48924.295
 20
   46533.850
 30
0.0
  0
VERTEX
  8
PARTICELLE
 10
   48924.146
 20
   46533.639
 30
0.0
  0
VERTEX
  8
PARTICELLE
 10
   48918.023
 20
   46524.876
 30
0.0
  0
VERTEX
  8
PARTICELLE
 10
   48909.273
 20
   46512.102
 30
0.0
  0
VERTEX
  8
PARTICELLE
 10
   48900.917
 20
   46499.899
 30
0.0
  0
VERTEX
  8
PARTICELLE
 10
   48892.880
 20
   46488.242
 30
0.0
  0
VERTEX
  8
PARTICELLE
 10
   48884.956
 20
   46476.570
 30
0.0
  0
VERTEX
  8
PARTICELLE
 10
   48880.436
 20
   46470.039
 30
0.0
  0
VERTEX
  8
PARTICELLE
 10
   48877.925
 20
   46466.254
 30
0.0
  0
VERTEX
  8
PARTICELLE
 10
   48873.843
 20
   46460.230
 30
0.0
  0
VERTEX
  8
PARTICELLE
 10
   48870.899
 20
   46455.972
 30
0.0
  0
VERTEX
  8
PARTICELLE
 10
   48863.582
 20
   46445.454
 30
0.0
  0
VERTEX
  8
PARTICELLE
 10
   48859.004
 20
   46438.426
 30
0.0
  0
VERTEX
  8
PARTICELLE
 10
   48856.014
 20
   46434.127
 30
0.0
  0
VERTEX
  8
PARTICELLE
 10
   48857.745
 20
   46432.831
 30
0.0
  0
VERTEX
  8
PARTICELLE
 10
   48859.963
 20
   46431.169
 30
0.0
  0
VERTEX
  8
PARTICELLE
 10
   48872.011
 20
   46423.133
 30
0.0
  0
VERTEX
  8
PARTICELLE
 10
   48888.400
 20
   46412.239
 30
0.0
  0
VERTEX
  8
PARTICELLE
 10
   48902.287
 20
   46403.037
 30
0.0
  0
VERTEX
  8
PARTICELLE
 10
   48910.390
 20
   46397.719
 30
0.0
  0
VERTEX
  8
PARTICELLE
 10
   48922.035
 20
   46389.763
 30
0.0
  0
VERTEX
  8
PARTICELLE
 10
   48938.338
 20
   46378.682
 30
0.0
  0
VERTEX
  8
PARTICELLE
 10
   48941.979
 20
   46376.274
 30
0.0
  0
VERTEX
  8
PARTICELLE
 10
   48943.809
 20
   46375.043
 30
0.0
  0
VERTEX
  8
PARTICELLE
 10
   48949.890
 20
   46371.044
 30
0.0
  0
VERTEX
  8
PARTICELLE
 10
   48953.557
 20
   46368.514
 30
0.0
  0
VERTEX
  8
PARTICELLE
 10
   48959.867
 20
   46364.411
 30
0.0
  0
VERTEX
  8
PARTICELLE
 10
   48961.342
 20
   46363.367
 30
0.0
  0
VERTEX
  8
PARTICELLE
 10
   48966.076
 20
   46360.312
 30
0.0
  0
VERTEX
  8
PARTICELLE
 10
   48981.040
 20
   46350.189
 30
0.0
  0
VERTEX
  8
PARTICELLE
 10
   49000.316
 20
   46337.465
 30
0.0
  0
VERTEX
  8
PARTICELLE
 10
   49005.644
 20
   46333.768
 30
0.0
  0
VERTEX
  8
PARTICELLE
 10
   49013.607
 20
   46345.402
 30
0.0
  0
VERTEX
  8
PARTICELLE
 10
   49017.166
 20
   46350.612
 30
0.0
  0
VERTEX
  8
PARTICELLE
 10
   49020.037
 20
   46354.953
 30
0.0
  0
VERTEX
  8
PARTICELLE
 10
   49025.515
 20
   46363.126
 30
0.0
  0
VERTEX
  8
PARTICELLE
 10
   49027.624
 20
   46366.162
 30
0.0
  0
VERTEX
  8
PARTICELLE
 10
   49033.269
 20
   46374.665
 30
0.0
  0
VERTEX
  8
PARTICELLE
 10
   49040.238
 20
   46385.480
 30
0.0
  0
VERTEX
  8
PARTICELLE
 10
   49043.112
 20
   46389.967
 30
0.0
  0
VERTEX
  8
PARTICELLE
 10
   49043.477
 20
   46390.535
 30
0.0
  0
VERTEX
  8
PARTICELLE
 10
   49045.546
 20
   46393.898
 30
0.0
  0
VERTEX
  8
PARTICELLE
 10
   49051.421
 20
   46402.910
 30
0.0
  0
VERTEX
  8
PARTICELLE
 10
   49059.876
 20
   46415.596
 30
0.0
  0
VERTEX
  8
PARTICELLE
 10
   49062.822
 20
   46419.780
 30
0.0
  0
VERTEX
  8
PARTICELLE
 10
   49068.014
 20
   46427.061
 30
0.0
  0
VERTEX
  8
PARTICELLE
 10
   49071.971
 20
   46432.573
 30
0.0
  0
VERTEX
  8
PARTICELLE
 10
   49072.066
 20
   46432.705
 30
0.0
  0
SEQEND
  8
PARTICELLE
  0
TEXT
  8
PARTICELLE
 62
7
 10
   48993.995
 20
   46330.315
 30
0.0
 40
       1.800
  1
125
 50
     336.752
  0
POLYLINE
  8
PARTICELLE
 66
1
 10
0.0
 20
0.0
 30
0.0
 70
1
  0
VERTEX
  8
PARTICELLE
 10
   48993.509
 20
   46335.019
 30
0.0
  0
VERTEX
  8
PARTICELLE
 10
   48990.731
 20
   46331.450
 30
0.0
  0
VERTEX
  8
PARTICELLE
 10
   49000.344
 20
   46324.625
 30
0.0
  0
VERTEX
  8
PARTICELLE
 10
   49002.926
 20
   46328.407
 30
0.0
  0
VERTEX
  8
PARTICELLE
 10
   49004.152
 20
   46330.254
 30
0.0
  0
VERTEX
  8
PARTICELLE
 10
   48997.209
 20
   46335.095
 30
0.0
  0
VERTEX
  8
PARTICELLE
 10
   48994.724
 20
   46336.652
 30
0.0
  0
VERTEX
  8
PARTICELLE
 10
   48993.509
 20
   46335.019
 30
0.0
  0
SEQEND
  8
PARTICELLE
  0
TEXT
  8
PARTICELLE
 62
7
 10
   48987.653
 20
   46317.581
 30
0.0
 40
       1.800
  1
126
 50
       0.000
  0
POLYLINE
  8
PARTICELLE
 66
1
 10
0.0
 20
0.0
 30
0.0
 70
1
  0
VERTEX
  8
PARTICELLE
 10
   48980.469
 20
   46316.492
 30
0.0
  0
VERTEX
  8
PARTICELLE
 10
   48982.855
 20
   46315.016
 30
0.0
  0
VERTEX
  8
PARTICELLE
 10
   48990.567
 20
   46309.926
 30
0.0
  0
VERTEX
  8
PARTICELLE
 10
   48993.824
 20
   46314.887
 30
0.0
  0
VERTEX
  8
PARTICELLE
 10
   48996.396
 20
   46318.913
 30
0.0
  0
VERTEX
  8
PARTICELLE
 10
   48997.042
 20
   46319.659
 30
0.0
  0
VERTEX
  8
PARTICELLE
 10
   48990.357
 20
   46324.365
 30
0.0
  0
VERTEX
  8
PARTICELLE
 10
   48987.382
 20
   46326.510
 30
0.0
  0
VERTEX
  8
PARTICELLE
 10
   48986.059
 20
   46324.661
 30
0.0
  0
VERTEX
  8
PARTICELLE
 10
   48980.469
 20
   46316.492
 30
0.0
  0
SEQEND
  8
PARTICELLE
  0
TEXT
  8
PARTICELLE
 62
7
 10
   48977.423
 20
   46304.997
 30
0.0
 40
       1.200
  1
127
 50
       0.000
  0
POLYLINE
  8
PARTICELLE
 66
1
 10
0.0
 20
0.0
 30
0.0
 70
1
  0
VERTEX
  8
PARTICELLE
 10
   48979.531
 20
   46311.436
 30
0.0
  0
VERTEX
  8
PARTICELLE
 10
   48977.970
 20
   46312.502
 30
0.0
  0
VERTEX
  8
PARTICELLE
 10
   48974.191
 20
   46306.626
 30
0.0
  0
VERTEX
  8
PARTICELLE
 10
   48972.739
 20
   46307.560
 30
0.0
  0
VERTEX
  8
PARTICELLE
 10
   48971.897
 20
   46306.128
 30
0.0
  0
VERTEX
  8
PARTICELLE
 10
   48969.735
 20
   46307.426
 30
0.0
  0
VERTEX
  8
PARTICELLE
 10
   48965.803
 20
   46301.204
 30
0.0
  0
VERTEX
  8
PARTICELLE
 10
   48982.919
 20
   46298.421
 30
0.0
  0
VERTEX
  8
PARTICELLE
 10
   48987.676
 20
   46305.972
 30
0.0
  0
VERTEX
  8
PARTICELLE
 10
   48979.531
 20
   46311.436
 30
0.0
  0
SEQEND
  8
PARTICELLE
  0
TEXT
  8
PARTICELLE
 62
7
 10
   48954.499
 20
   46266.257
 30
0.0
 40
       1.200
  1
128
 50
       0.000
  0
POLYLINE
  8
PARTICELLE
 66
1
 10
0.0
 20
0.0
 30
0.0
 70
1
  0
VERTEX
  8
PARTICELLE
 10
   48948.452
 20
   46254.829
 30
0.0
  0
VERTEX
  8
PARTICELLE
 10
   48949.125
 20
   46254.586
 30
0.0
  0
VERTEX
  8
PARTICELLE
 10
   48958.325
 20
   46251.002
 30
0.0
  0
VERTEX
  8
PARTICELLE
 10
   48959.252
 20
   46253.299
 30
0.0
  0
VERTEX
  8
PARTICELLE
 10
   48959.614
 20
   46254.307
 30
0.0
  0
VERTEX
  8
PARTICELLE
 10
   48962.495
 20
   46261.965
 30
0.0
  0
VERTEX
  8
PARTICELLE
 10
   48966.880
 20
   46273.175
 30
0.0
  0
VERTEX
  8
PARTICELLE
 10
   48966.830
 20
   46275.462
 30
0.0
  0
VERTEX
  8
PARTICELLE
 10
   48966.865
 20
   46276.723
 30
0.0
  0
VERTEX
  8
PARTICELLE
 10
   48966.739
 20
   46275.730
 30
0.0
  0
VERTEX
  8
PARTICELLE
 10
   48963.831
 20
   46276.610
 30
0.0
  0
VERTEX
  8
PARTICELLE
 10
   48959.795
 20
   46277.640
 30
0.0
  0
VERTEX
  8
PARTICELLE
 10
   48958.033
 20
   46278.090
 30
0.0
  0
VERTEX
  8
PARTICELLE
 10
   48955.918
 20
   46273.250
 30
0.0
  0
VERTEX
  8
PARTICELLE
 10
   48955.633
 20
   46272.569
 30
0.0
  0
VERTEX
  8
PARTICELLE
 10
   48954.541
 20
   46269.262
 30
0.0
  0
VERTEX
  8
PARTICELLE
 10
   48954.279
 20
   46268.566
 30
0.0
  0
VERTEX
  8
PARTICELLE
 10
   48953.856
 20
   46267.297
 30
0.0
  0
VERTEX
  8
PARTICELLE
 10
   48951.001
 20
   46259.839
 30
0.0
  0
VERTEX
  8
PARTICELLE
 10
   48948.452
 20
   46254.829
 30
0.0
  0
SEQEND
  8
PARTICELLE
  0
TEXT
  8
PARTICELLE
 62
7
 10
   48944.717
 20
   46239.650
 30
0.0
 40
       1.800
  1
129
 50
       0.000
  0
POLYLINE
  8
PARTICELLE
 66
1
 10
0.0
 20
0.0
 30
0.0
 70
1
  0
VERTEX
  8
PARTICELLE
 10
   48940.821
 20
   46225.953
 30
0.0
  0
VERTEX
  8
PARTICELLE
 10
   48947.285
 20
   46223.847
 30
0.0
  0
VERTEX
  8
PARTICELLE
 10
   48947.306
 20
   46223.919
 30
0.0
  0
VERTEX
  8
PARTICELLE
 10
   48948.077
 20
   46226.676
 30
0.0
  0
VERTEX
  8
PARTICELLE
 10
   48949.069
 20
   46229.873
 30
0.0
  0
VERTEX
  8
PARTICELLE
 10
   48955.909
 20
   46245.118
 30
0.0
  0
VERTEX
  8
PARTICELLE
 10
   48957.520
 20
   46248.906
 30
0.0
  0
VERTEX
  8
PARTICELLE
 10
   48947.596
 20
   46252.836
 30
0.0
  0
VERTEX
  8
PARTICELLE
 10
   48946.274
 20
   46249.850
 30
0.0
  0
VERTEX
  8
PARTICELLE
 10
   48944.288
 20
   46246.954
 30
0.0
  0
VERTEX
  8
PARTICELLE
 10
   48940.916
 20
   46240.352
 30
0.0
  0
VERTEX
  8
PARTICELLE
 10
   48935.702
 20
   46227.558
 30
0.0
  0
VERTEX
  8
PARTICELLE
 10
   48940.821
 20
   46225.953
 30
0.0
  0
SEQEND
  8
PARTICELLE
  0
TEXT
  8
PARTICELLE
 62
7
 10
   48804.592
 20
   46538.363
 30
0.0
 40
       1.800
  1
13
 50
       0.000
  0
POLYLINE
  8
PARTICELLE
 66
1
 10
0.0
 20
0.0
 30
0.0
 70
1
  0
VERTEX
  8
PARTICELLE
 10
   48801.247
 20
   46538.126
 30
0.0
  0
VERTEX
  8
PARTICELLE
 10
   48800.247
 20
   46536.761
 30
0.0
  0
VERTEX
  8
PARTICELLE
 10
   48805.278
 20
   46530.390
 30
0.0
  0
VERTEX
  8
PARTICELLE
 10
   48806.512
 20
   46532.183
 30
0.0
  0
VERTEX
  8
PARTICELLE
 10
   48809.696
 20
   46536.773
 30
0.0
  0
VERTEX
  8
PARTICELLE
 10
   48817.933
 20
   46549.056
 30
0.0
  0
VERTEX
  8
PARTICELLE
 10
   48818.676
 20
   46550.244
 30
0.0
  0
VERTEX
  8
PARTICELLE
 10
   48813.809
 20
   46553.539
 30
0.0
  0
VERTEX
  8
PARTICELLE
 10
   48813.044
 20
   46552.517
 30
0.0
  0
VERTEX
  8
PARTICELLE
 10
   48811.549
 20
   46553.419
 30
0.0
  0
VERTEX
  8
PARTICELLE
 10
   48808.501
 20
   46549.508
 30
0.0
  0
VERTEX
  8
PARTICELLE
 10
   48810.120
 20
   46547.507
 30
0.0
  0
VERTEX
  8
PARTICELLE
 10
   48805.612
 20
   46541.507
 30
0.0
  0
VERTEX
  8
PARTICELLE
 10
   48804.648
 20
   46542.213
 30
0.0
  0
VERTEX
  8
PARTICELLE
 10
   48801.247
 20
   46538.126
 30
0.0
  0
SEQEND
  8
PARTICELLE
  0
TEXT
  8
PARTICELLE
 62
7
 10
   48958.848
 20
   46230.671
 30
0.0
 40
       1.800
  1
130
 50
       0.000
  0
POLYLINE
  8
PARTICELLE
 66
1
 10
0.0
 20
0.0
 30
0.0
 70
1
  0
VERTEX
  8
PARTICELLE
 10
   48952.763
 20
   46222.227
 30
0.0
  0
VERTEX
  8
PARTICELLE
 10
   48952.704
 20
   46222.081
 30
0.0
  0
VERTEX
  8
PARTICELLE
 10
   48964.346
 20
   46217.302
 30
0.0
  0
VERTEX
  8
PARTICELLE
 10
   48964.378
 20
   46217.386
 30
0.0
  0
VERTEX
  8
PARTICELLE
 10
   48967.776
 20
   46226.339
 30
0.0
  0
VERTEX
  8
PARTICELLE
 10
   48968.885
 20
   46229.164
 30
0.0
  0
VERTEX
  8
PARTICELLE
 10
   48971.577
 20
   46235.986
 30
0.0
  0
VERTEX
  8
PARTICELLE
 10
   48973.627
 20
   46241.300
 30
0.0
  0
VERTEX
  8
PARTICELLE
 10
   48961.743
 20
   46246.350
 30
0.0
  0
VERTEX
  8
PARTICELLE
 10
   48960.552
 20
   46243.359
 30
0.0
  0
VERTEX
  8
PARTICELLE
 10
   48958.256
 20
   46237.148
 30
0.0
  0
VERTEX
  8
PARTICELLE
 10
   48953.467
 20
   46224.149
 30
0.0
  0
VERTEX
  8
PARTICELLE
 10
   48952.763
 20
   46222.227
 30
0.0
  0
SEQEND
  8
PARTICELLE
  0
TEXT
  8
PARTICELLE
 62
7
 10
   48866.282
 20
   46411.170
 30
0.0
 40
       1.800
  1
131
 50
      67.557
  0
POLYLINE
  8
PARTICELLE
 66
1
 10
0.0
 20
0.0
 30
0.0
 70
1
  0
VERTEX
  8
PARTICELLE
 10
   48863.144
 20
   46409.994
 30
0.0
  0
VERTEX
  8
PARTICELLE
 10
   48862.887
 20
   46408.746
 30
0.0
  0
VERTEX
  8
PARTICELLE
 10
   48867.400
 20
   46406.089
 30
0.0
  0
VERTEX
  8
PARTICELLE
 10
   48867.898
 20
   46407.752
 30
0.0
  0
VERTEX
  8
PARTICELLE
 10
   48870.573
 20
   46417.395
 30
0.0
  0
VERTEX
  8
PARTICELLE
 10
   48871.050
 20
   46419.084
 30
0.0
  0
VERTEX
  8
PARTICELLE
 10
   48865.980
 20
   46421.997
 30
0.0
  0
VERTEX
  8
PARTICELLE
 10
   48865.598
 20
   46420.301
 30
0.0
  0
VERTEX
  8
PARTICELLE
 10
   48864.622
 20
   46415.180
 30
0.0
  0
VERTEX
  8
PARTICELLE
 10
   48863.144
 20
   46409.994
 30
0.0
  0
SEQEND
  8
PARTICELLE
  0
TEXT
  8
PARTICELLE
 62
7
 10
   49105.764
 20
   45944.550
 30
0.0
 40
       1.800
  1
132
 50
       0.000
  0
POLYLINE
  8
PARTICELLE
 66
1
 10
0.0
 20
0.0
 30
0.0
 70
1
  0
VERTEX
  8
PARTICELLE
 10
   49095.537
 20
   45945.156
 30
0.0
  0
VERTEX
  8
PARTICELLE
 10
   49096.347
 20
   45944.809
 30
0.0
  0
VERTEX
  8
PARTICELLE
 10
   49101.124
 20
   45942.890
 30
0.0
  0
VERTEX
  8
PARTICELLE
 10
   49115.808
 20
   45937.032
 30
0.0
  0
VERTEX
  8
PARTICELLE
 10
   49117.209
 20
   45936.538
 30
0.0
  0
VERTEX
  8
PARTICELLE
 10
   49121.407
 20
   45946.998
 30
0.0
  0
VERTEX
  8
PARTICELLE
 10
   49120.246
 20
   45947.433
 30
0.0
  0
VERTEX
  8
PARTICELLE
 10
   49114.708
 20
   45949.655
 30
0.0
  0
VERTEX
  8
PARTICELLE
 10
   49102.661
 20
   45954.315
 30
0.0
  0
VERTEX
  8
PARTICELLE
 10
   49103.157
 20
   45955.489
 30
0.0
  0
VERTEX
  8
PARTICELLE
 10
   49100.505
 20
   45956.763
 30
0.0
  0
VERTEX
  8
PARTICELLE
 10
   49095.537
 20
   45945.156
 30
0.0
  0
SEQEND
  8
PARTICELLE
  0
TEXT
  8
PARTICELLE
 62
7
 10
   48969.563
 20
   46257.810
 30
0.0
 40
       1.800
  1
133
 50
       0.000
  0
POLYLINE
  8
PARTICELLE
 66
1
 10
0.0
 20
0.0
 30
0.0
 70
1
  0
VERTEX
  8
PARTICELLE
 10
   48979.543
 20
   46257.216
 30
0.0
  0
VERTEX
  8
PARTICELLE
 10
   48981.657
 20
   46262.666
 30
0.0
  0
VERTEX
  8
PARTICELLE
 10
   48983.291
 20
   46267.024
 30
0.0
  0
VERTEX
  8
PARTICELLE
 10
   48980.484
 20
   46268.168
 30
0.0
  0
VERTEX
  8
PARTICELLE
 10
   48971.228
 20
   46271.525
 30
0.0
  0
VERTEX
  8
PARTICELLE
 10
   48970.056
 20
   46268.579
 30
0.0
  0
VERTEX
  8
PARTICELLE
 10
   48964.129
 20
   46252.368
 30
0.0
  0
VERTEX
  8
PARTICELLE
 10
   48973.191
 20
   46248.637
 30
0.0
  0
VERTEX
  8
PARTICELLE
 10
   48975.788
 20
   46247.621
 30
0.0
  0
VERTEX
  8
PARTICELLE
 10
   48979.543
 20
   46257.216
 30
0.0
  0
SEQEND
  8
PARTICELLE
  0
TEXT
  8
PARTICELLE
 62
7
 10
   48976.430
 20
   46284.304
 30
0.0
 40
       1.800
  1
134
 50
       0.000
  0
POLYLINE
  8
PARTICELLE
 66
1
 10
0.0
 20
0.0
 30
0.0
 70
1
  0
VERTEX
  8
PARTICELLE
 10
   48971.965
 20
   46287.361
 30
0.0
  0
VERTEX
  8
PARTICELLE
 10
   48971.978
 20
   46283.599
 30
0.0
  0
VERTEX
  8
PARTICELLE
 10
   48972.061
 20
   46275.017
 30
0.0
  0
VERTEX
  8
PARTICELLE
 10
   48974.079
 20
   46273.875
 30
0.0
  0
VERTEX
  8
PARTICELLE
 10
   48976.095
 20
   46272.735
 30
0.0
  0
VERTEX
  8
PARTICELLE
 10
   48981.144
 20
   46272.637
 30
0.0
  0
VERTEX
  8
PARTICELLE
 10
   48981.145
 20
   46275.637
 30
0.0
  0
VERTEX
  8
PARTICELLE
 10
   48981.030
 20
   46280.989
 30
0.0
  0
VERTEX
  8
PARTICELLE
 10
   48980.640
 20
   46292.362
 30
0.0
  0
VERTEX
  8
PARTICELLE
 10
   48980.610
 20
   46295.323
 30
0.0
  0
VERTEX
  8
PARTICELLE
 10
   48975.123
 20
   46296.116
 30
0.0
  0
VERTEX
  8
PARTICELLE
 10
   48971.910
 20
   46296.605
 30
0.0
  0
VERTEX
  8
PARTICELLE
 10
   48971.887
 20
   46293.225
 30
0.0
  0
VERTEX
  8
PARTICELLE
 10
   48971.965
 20
   46287.361
 30
0.0
  0
SEQEND
  8
PARTICELLE
  0
TEXT
  8
PARTICELLE
 62
7
 10
   48982.707
 20
   46282.453
 30
0.0
 40
       1.800
  1
135
 50
       0.000
  0
POLYLINE
  8
PARTICELLE
 66
1
 10
0.0
 20
0.0
 30
0.0
 70
1
  0
VERTEX
  8
PARTICELLE
 10
   48980.640
 20
   46292.362
 30
0.0
  0
VERTEX
  8
PARTICELLE
 10
   48981.030
 20
   46280.989
 30
0.0
  0
VERTEX
  8
PARTICELLE
 10
   48981.145
 20
   46275.637
 30
0.0
  0
VERTEX
  8
PARTICELLE
 10
   48981.144
 20
   46272.637
 30
0.0
  0
VERTEX
  8
PARTICELLE
 10
   48988.215
 20
   46272.031
 30
0.0
  0
VERTEX
  8
PARTICELLE
 10
   48988.419
 20
   46275.554
 30
0.0
  0
VERTEX
  8
PARTICELLE
 10
   48988.407
 20
   46291.812
 30
0.0
  0
VERTEX
  8
PARTICELLE
 10
   48988.413
 20
   46294.041
 30
0.0
  0
VERTEX
  8
PARTICELLE
 10
   48980.610
 20
   46295.323
 30
0.0
  0
VERTEX
  8
PARTICELLE
 10
   48980.640
 20
   46292.362
 30
0.0
  0
SEQEND
  8
PARTICELLE
  0
TEXT
  8
PARTICELLE
 62
7
 10
   48989.473
 20
   46281.385
 30
0.0
 40
       1.800
  1
136
 50
       0.000
  0
POLYLINE
  8
PARTICELLE
 66
1
 10
0.0
 20
0.0
 30
0.0
 70
1
  0
VERTEX
  8
PARTICELLE
 10
   48988.419
 20
   46275.554
 30
0.0
  0
VERTEX
  8
PARTICELLE
 10
   48988.215
 20
   46272.031
 30
0.0
  0
VERTEX
  8
PARTICELLE
 10
   48993.724
 20
   46271.451
 30
0.0
  0
VERTEX
  8
PARTICELLE
 10
   48993.901
 20
   46275.164
 30
0.0
  0
VERTEX
  8
PARTICELLE
 10
   48994.311
 20
   46282.440
 30
0.0
  0
VERTEX
  8
PARTICELLE
 10
   48994.235
 20
   46289.426
 30
0.0
  0
VERTEX
  8
PARTICELLE
 10
   48994.355
 20
   46293.075
 30
0.0
  0
VERTEX
  8
PARTICELLE
 10
   48988.413
 20
   46294.041
 30
0.0
  0
VERTEX
  8
PARTICELLE
 10
   48988.407
 20
   46291.812
 30
0.0
  0
VERTEX
  8
PARTICELLE
 10
   48988.419
 20
   46275.554
 30
0.0
  0
SEQEND
  8
PARTICELLE
  0
TEXT
  8
PARTICELLE
 62
7
 10
   48999.558
 20
   46284.028
 30
0.0
 40
       1.800
  1
137
 50
       0.000
  0
POLYLINE
  8
PARTICELLE
 66
1
 10
0.0
 20
0.0
 30
0.0
 70
1
  0
VERTEX
  8
PARTICELLE
 10
   48993.901
 20
   46275.164
 30
0.0
  0
VERTEX
  8
PARTICELLE
 10
   48993.724
 20
   46271.451
 30
0.0
  0
VERTEX
  8
PARTICELLE
 10
   48998.828
 20
   46269.346
 30
0.0
  0
VERTEX
  8
PARTICELLE
 10
   49003.558
 20
   46281.498
 30
0.0
  0
VERTEX
  8
PARTICELLE
 10
   49005.586
 20
   46286.446
 30
0.0
  0
VERTEX
  8
PARTICELLE
 10
   49009.030
 20
   46294.605
 30
0.0
  0
VERTEX
  8
PARTICELLE
 10
   49009.176
 20
   46295.688
 30
0.0
  0
VERTEX
  8
PARTICELLE
 10
   49005.000
 20
   46297.636
 30
0.0
  0
VERTEX
  8
PARTICELLE
 10
   48994.688
 20
   46297.045
 30
0.0
  0
VERTEX
  8
PARTICELLE
 10
   48994.423
 20
   46294.580
 30
0.0
  0
VERTEX
  8
PARTICELLE
 10
   48994.355
 20
   46293.075
 30
0.0
  0
VERTEX
  8
PARTICELLE
 10
   48994.235
 20
   46289.426
 30
0.0
  0
VERTEX
  8
PARTICELLE
 10
   48994.311
 20
   46282.440
 30
0.0
  0
VERTEX
  8
PARTICELLE
 10
   48993.901
 20
   46275.164
 30
0.0
  0
SEQEND
  8
PARTICELLE
  0
TEXT
  8
PARTICELLE
 62
7
 10
   49009.324
 20
   46305.922
 30
0.0
 40
       1.800
  1
138
 50
       0.000
  0
POLYLINE
  8
PARTICELLE
 66
1
 10
0.0
 20
0.0
 30
0.0
 70
1
  0
VERTEX
  8
PARTICELLE
 10
   49019.827
 20
   46313.132
 30
0.0
  0
VERTEX
  8
PARTICELLE
 10
   49007.749
 20
   46317.792
 30
0.0
  0
VERTEX
  8
PARTICELLE
 10
   48997.618
 20
   46303.005
 30
0.0
  0
VERTEX
  8
PARTICELLE
 10
   48995.334
 20
   46299.441
 30
0.0
  0
VERTEX
  8
PARTICELLE
 10
   48994.875
 20
   46299.065
 30
0.0
  0
VERTEX
  8
PARTICELLE
 10
   48994.688
 20
   46297.045
 30
0.0
  0
VERTEX
  8
PARTICELLE
 10
   49005.000
 20
   46297.636
 30
0.0
  0
VERTEX
  8
PARTICELLE
 10
   49009.176
 20
   46295.688
 30
0.0
  0
VERTEX
  8
PARTICELLE
 10
   49009.030
 20
   46294.605
 30
0.0
  0
VERTEX
  8
PARTICELLE
 10
   49015.079
 20
   46297.978
 30
0.0
  0
VERTEX
  8
PARTICELLE
 10
   49016.360
 20
   46298.767
 30
0.0
  0
VERTEX
  8
PARTICELLE
 10
   49017.654
 20
   46300.185
 30
0.0
  0
VERTEX
  8
PARTICELLE
 10
   49015.237
 20
   46301.786
 30
0.0
  0
VERTEX
  8
PARTICELLE
 10
   49019.288
 20
   46305.908
 30
0.0
  0
VERTEX
  8
PARTICELLE
 10
   49023.868
 20
   46310.886
 30
0.0
  0
VERTEX
  8
PARTICELLE
 10
   49024.255
 20
   46311.637
 30
0.0
  0
VERTEX
  8
PARTICELLE
 10
   49019.827
 20
   46313.132
 30
0.0
  0
SEQEND
  8
PARTICELLE
  0
TEXT
  8
PARTICELLE
 62
7
 10
   49112.736
 20
   45996.432
 30
0.0
 40
       1.800
  1
139
 50
       0.000
  0
POLYLINE
  8
PARTICELLE
 66
1
 10
0.0
 20
0.0
 30
0.0
 70
1
  0
VERTEX
  8
PARTICELLE
 10
   49098.130
 20
   45989.571
 30
0.0
  0
VERTEX
  8
PARTICELLE
 10
   49097.674
 20
   45988.540
 30
0.0
  0
VERTEX
  8
PARTICELLE
 10
   49108.333
 20
   45984.181
 30
0.0
  0
VERTEX
  8
PARTICELLE
 10
   49109.900
 20
   45983.425
 30
0.0
  0
VERTEX
  8
PARTICELLE
 10
   49111.333
 20
   45982.938
 30
0.0
  0
VERTEX
  8
PARTICELLE
 10
   49113.293
 20
   45982.168
 30
0.0
  0
VERTEX
  8
PARTICELLE
 10
   49120.813
 20
   45979.164
 30
0.0
  0
VERTEX
  8
PARTICELLE
 10
   49122.995
 20
   45983.913
 30
0.0
  0
VERTEX
  8
PARTICELLE
 10
   49125.011
 20
   45988.514
 30
0.0
  0
VERTEX
  8
PARTICELLE
 10
   49127.103
 20
   45993.332
 30
0.0
  0
VERTEX
  8
PARTICELLE
 10
   49127.777
 20
   45993.055
 30
0.0
  0
VERTEX
  8
PARTICELLE
 10
   49128.581
 20
   45994.859
 30
0.0
  0
VERTEX
  8
PARTICELLE
 10
   49131.257
 20
   46000.487
 30
0.0
  0
VERTEX
  8
PARTICELLE
 10
   49132.471
 20
   46002.988
 30
0.0
  0
VERTEX
  8
PARTICELLE
 10
   49135.395
 20
   46008.768
 30
0.0
  0
VERTEX
  8
PARTICELLE
 10
   49123.353
 20
   46013.734
 30
0.0
  0
VERTEX
  8
PARTICELLE
 10
   49114.674
 20
   46017.312
 30
0.0
  0
VERTEX
  8
PARTICELLE
 10
   49108.887
 20
   46019.636
 30
0.0
  0
VERTEX
  8
PARTICELLE
 10
   49108.524
 20
   46014.132
 30
0.0
  0
VERTEX
  8
PARTICELLE
 10
   49107.791
 20
   46007.645
 30
0.0
  0
VERTEX
  8
PARTICELLE
 10
   49105.300
 20
   46002.742
 30
0.0
  0
VERTEX
  8
PARTICELLE
 10
   49101.299
 20
   45995.198
 30
0.0
  0
VERTEX
  8
PARTICELLE
 10
   49098.431
 20
   45989.446
 30
0.0
  0
VERTEX
  8
PARTICELLE
 10
   49098.130
 20
   45989.571
 30
0.0
  0
SEQEND
  8
PARTICELLE
  0
TEXT
  8
PARTICELLE
 62
7
 10
   48794.019
 20
   46546.344
 30
0.0
 40
       1.800
  1
14
 50
       0.000
  0
POLYLINE
  8
PARTICELLE
 66
1
 10
0.0
 20
0.0
 30
0.0
 70
1
  0
VERTEX
  8
PARTICELLE
 10
   48790.501
 20
   46549.761
 30
0.0
  0
VERTEX
  8
PARTICELLE
 10
   48792.402
 20
   46546.785
 30
0.0
  0
VERTEX
  8
PARTICELLE
 10
   48798.501
 20
   46539.143
 30
0.0
  0
VERTEX
  8
PARTICELLE
 10
   48801.739
 20
   46543.381
 30
0.0
  0
VERTEX
  8
PARTICELLE
 10
   48797.054
 20
   46549.033
 30
0.0
  0
VERTEX
  8
PARTICELLE
 10
   48797.965
 20
   46550.007
 30
0.0
  0
VERTEX
  8
PARTICELLE
 10
   48794.836
 20
   46553.610
 30
0.0
  0
VERTEX
  8
PARTICELLE
 10
   48790.501
 20
   46549.761
 30
0.0
  0
SEQEND
  8
PARTICELLE
  0
TEXT
  8
PARTICELLE
 62
7
 10
   49018.747
 20
   46320.903
 30
0.0
 40
       1.800
  1
140
 50
       0.000
  0
POLYLINE
  8
PARTICELLE
 66
1
 10
0.0
 20
0.0
 30
0.0
 70
1
  0
VERTEX
  8
PARTICELLE
 10
   49014.353
 20
   46327.559
 30
0.0
  0
VERTEX
  8
PARTICELLE
 10
   49007.749
 20
   46317.792
 30
0.0
  0
VERTEX
  8
PARTICELLE
 10
   49019.827
 20
   46313.132
 30
0.0
  0
VERTEX
  8
PARTICELLE
 10
   49024.255
 20
   46311.637
 30
0.0
  0
VERTEX
  8
PARTICELLE
 10
   49026.492
 20
   46318.509
 30
0.0
  0
VERTEX
  8
PARTICELLE
 10
   49028.634
 20
   46324.949
 30
0.0
  0
VERTEX
  8
PARTICELLE
 10
   49015.918
 20
   46329.869
 30
0.0
  0
VERTEX
  8
PARTICELLE
 10
   49014.353
 20
   46327.559
 30
0.0
  0
SEQEND
  8
PARTICELLE
  0
TEXT
  8
PARTICELLE
 62
7
 10
   49025.067
 20
   46341.277
 30
0.0
 40
       1.800
  1
141
 50
       0.000
  0
POLYLINE
  8
PARTICELLE
 66
1
 10
0.0
 20
0.0
 30
0.0
 70
1
  0
VERTEX
  8
PARTICELLE
 10
   49025.901
 20
   46346.326
 30
0.0
  0
VERTEX
  8
PARTICELLE
 10
   49022.643
 20
   46341.336
 30
0.0
  0
VERTEX
  8
PARTICELLE
 10
   49030.254
 20
   46337.509
 30
0.0
  0
VERTEX
  8
PARTICELLE
 10
   49033.001
 20
   46342.383
 30
0.0
  0
VERTEX
  8
PARTICELLE
 10
   49025.901
 20
   46346.326
 30
0.0
  0
SEQEND
  8
PARTICELLE
  0
TEXT
  8
PARTICELLE
 62
7
 10
   49032.894
 20
   46345.076
 30
0.0
 40
       1.800
  1
142
 50
       0.000
  0
POLYLINE
  8
PARTICELLE
 66
1
 10
0.0
 20
0.0
 30
0.0
 70
1
  0
VERTEX
  8
PARTICELLE
 10
   49030.192
 20
   46352.927
 30
0.0
  0
VERTEX
  8
PARTICELLE
 10
   49025.901
 20
   46346.326
 30
0.0
  0
VERTEX
  8
PARTICELLE
 10
   49033.001
 20
   46342.383
 30
0.0
  0
VERTEX
  8
PARTICELLE
 10
   49039.512
 20
   46338.398
 30
0.0
  0
VERTEX
  8
PARTICELLE
 10
   49043.719
 20
   46344.371
 30
0.0
  0
VERTEX
  8
PARTICELLE
 10
   49030.192
 20
   46352.927
 30
0.0
  0
SEQEND
  8
PARTICELLE
  0
TEXT
  8
PARTICELLE
 62
7
 10
   49039.115
 20
   46354.893
 30
0.0
 40
       1.800
  1
143
 50
       0.000
  0
POLYLINE
  8
PARTICELLE
 66
1
 10
0.0
 20
0.0
 30
0.0
 70
1
  0
VERTEX
  8
PARTICELLE
 10
   49036.073
 20
   46361.778
 30
0.0
  0
VERTEX
  8
PARTICELLE
 10
   49030.192
 20
   46352.927
 30
0.0
  0
VERTEX
  8
PARTICELLE
 10
   49043.719
 20
   46344.371
 30
0.0
  0
VERTEX
  8
PARTICELLE
 10
   49046.173
 20
   46347.275
 30
0.0
  0
VERTEX
  8
PARTICELLE
 10
   49054.509
 20
   46356.019
 30
0.0
  0
VERTEX
  8
PARTICELLE
 10
   49048.373
 20
   46360.249
 30
0.0
  0
VERTEX
  8
PARTICELLE
 10
   49039.190
 20
   46366.380
 30
0.0
  0
VERTEX
  8
PARTICELLE
 10
   49036.073
 20
   46361.778
 30
0.0
  0
SEQEND
  8
PARTICELLE
  0
TEXT
  8
PARTICELLE
 62
7
 10
   49087.844
 20
   46401.228
 30
0.0
 40
       1.800
  1
145
 50
       0.000
  0
POLYLINE
  8
PARTICELLE
 66
1
 10
0.0
 20
0.0
 30
0.0
 70
1
  0
VERTEX
  8
PARTICELLE
 10
   49061.355
 20
   46400.618
 30
0.0
  0
VERTEX
  8
PARTICELLE
 10
   49059.105
 20
   46397.206
 30
0.0
  0
VERTEX
  8
PARTICELLE
 10
   49070.119
 20
   46389.596
 30
0.0
  0
VERTEX
  8
PARTICELLE
 10
   49075.700
 20
   46385.884
 30
0.0
  0
VERTEX
  8
PARTICELLE
 10
   49083.256
 20
   46381.018
 30
0.0
  0
VERTEX
  8
PARTICELLE
 10
   49087.494
 20
   46378.209
 30
0.0
  0
VERTEX
  8
PARTICELLE
 10
   49096.537
 20
   46372.233
 30
0.0
  0
VERTEX
  8
PARTICELLE
 10
   49105.612
 20
   46385.701
 30
0.0
  0
VERTEX
  8
PARTICELLE
 10
   49113.631
 20
   46397.572
 30
0.0
  0
VERTEX
  8
PARTICELLE
 10
   49117.803
 20
   46403.770
 30
0.0
  0
VERTEX
  8
PARTICELLE
 10
   49092.799
 20
   46419.681
 30
0.0
  0
VERTEX
  8
PARTICELLE
 10
   49080.406
 20
   46427.495
 30
0.0
  0
VERTEX
  8
PARTICELLE
 10
   49078.102
 20
   46424.229
 30
0.0
  0
VERTEX
  8
PARTICELLE
 10
   49070.099
 20
   46413.175
 30
0.0
  0
VERTEX
  8
PARTICELLE
 10
   49061.355
 20
   46400.618
 30
0.0
  0
SEQEND
  8
PARTICELLE
  0
TEXT
  8
PARTICELLE
 62
7
 10
   49079.633
 20
   46368.923
 30
0.0
 40
       1.800
  1
146
 50
       0.000
  0
POLYLINE
  8
PARTICELLE
 66
1
 10
0.0
 20
0.0
 30
0.0
 70
1
  0
VERTEX
  8
PARTICELLE
 10
   49068.556
 20
   46374.146
 30
0.0
  0
VERTEX
  8
PARTICELLE
 10
   49062.910
 20
   46365.180
 30
0.0
  0
VERTEX
  8
PARTICELLE
 10
   49062.873
 20
   46364.822
 30
0.0
  0
VERTEX
  8
PARTICELLE
 10
   49064.813
 20
   46363.525
 30
0.0
  0
VERTEX
  8
PARTICELLE
 10
   49069.184
 20
   46360.878
 30
0.0
  0
VERTEX
  8
PARTICELLE
 10
   49075.129
 20
   46357.236
 30
0.0
  0
VERTEX
  8
PARTICELLE
 10
   49083.355
 20
   46352.081
 30
0.0
  0
VERTEX
  8
PARTICELLE
 10
   49087.679
 20
   46358.786
 30
0.0
  0
VERTEX
  8
PARTICELLE
 10
   49092.642
 20
   46366.260
 30
0.0
  0
VERTEX
  8
PARTICELLE
 10
   49096.537
 20
   46372.233
 30
0.0
  0
VERTEX
  8
PARTICELLE
 10
   49087.494
 20
   46378.209
 30
0.0
  0
VERTEX
  8
PARTICELLE
 10
   49083.256
 20
   46381.018
 30
0.0
  0
VERTEX
  8
PARTICELLE
 10
   49075.700
 20
   46385.884
 30
0.0
  0
VERTEX
  8
PARTICELLE
 10
   49068.556
 20
   46374.146
 30
0.0
  0
SEQEND
  8
PARTICELLE
  0
TEXT
  8
PARTICELLE
 62
7
 10
   49062.221
 20
   46347.350
 30
0.0
 40
       1.800
  1
148
 50
       0.000
  0
POLYLINE
  8
PARTICELLE
 66
1
 10
0.0
 20
0.0
 30
0.0
 70
1
  0
VERTEX
  8
PARTICELLE
 10
   49047.682
 20
   46344.231
 30
0.0
  0
VERTEX
  8
PARTICELLE
 10
   49046.168
 20
   46341.621
 30
0.0
  0
VERTEX
  8
PARTICELLE
 10
   49050.382
 20
   46340.128
 30
0.0
  0
VERTEX
  8
PARTICELLE
 10
   49047.128
 20
   46332.145
 30
0.0
  0
VERTEX
  8
PARTICELLE
 10
   49050.854
 20
   46330.621
 30
0.0
  0
VERTEX
  8
PARTICELLE
 10
   49052.509
 20
   46334.510
 30
0.0
  0
VERTEX
  8
PARTICELLE
 10
   49055.001
 20
   46333.763
 30
0.0
  0
VERTEX
  8
PARTICELLE
 10
   49058.128
 20
   46332.636
 30
0.0
  0
VERTEX
  8
PARTICELLE
 10
   49059.255
 20
   46334.891
 30
0.0
  0
VERTEX
  8
PARTICELLE
 10
   49065.001
 20
   46332.382
 30
0.0
  0
VERTEX
  8
PARTICELLE
 10
   49063.001
 20
   46325.891
 30
0.0
  0
VERTEX
  8
PARTICELLE
 10
   49065.509
 20
   46325.018
 30
0.0
  0
VERTEX
  8
PARTICELLE
 10
   49067.118
 20
   46327.260
 30
0.0
  0
VERTEX
  8
PARTICELLE
 10
   49075.172
 20
   46339.554
 30
0.0
  0
VERTEX
  8
PARTICELLE
 10
   49083.355
 20
   46352.081
 30
0.0
  0
VERTEX
  8
PARTICELLE
 10
   49075.129
 20
   46357.236
 30
0.0
  0
VERTEX
  8
PARTICELLE
 10
   49069.184
 20
   46360.878
 30
0.0
  0
VERTEX
  8
PARTICELLE
 10
   49064.813
 20
   46363.525
 30
0.0
  0
VERTEX
  8
PARTICELLE
 10
   49061.962
 20
   46360.290
 30
0.0
  0
VERTEX
  8
PARTICELLE
 10
   49053.510
 20
   46350.857
 30
0.0
  0
VERTEX
  8
PARTICELLE
 10
   49047.682
 20
   46344.231
 30
0.0
  0
SEQEND
  8
PARTICELLE
  0
TEXT
  8
PARTICELLE
 62
7
 10
   49030.307
 20
   46313.392
 30
0.0
 40
       1.800
  1
149
 50
       0.000
  0
POLYLINE
  8
PARTICELLE
 66
1
 10
0.0
 20
0.0
 30
0.0
 70
1
  0
VERTEX
  8
PARTICELLE
 10
   49029.395
 20
   46321.329
 30
0.0
  0
VERTEX
  8
PARTICELLE
 10
   49025.808
 20
   46311.038
 30
0.0
  0
VERTEX
  8
PARTICELLE
 10
   49034.515
 20
   46307.458
 30
0.0
  0
VERTEX
  8
PARTICELLE
 10
   49037.129
 20
   46306.545
 30
0.0
  0
VERTEX
  8
PARTICELLE
 10
   49041.987
 20
   46319.719
 30
0.0
  0
VERTEX
  8
PARTICELLE
 10
   49030.343
 20
   46324.072
 30
0.0
  0
VERTEX
  8
PARTICELLE
 10
   49029.395
 20
   46321.329
 30
0.0
  0
SEQEND
  8
PARTICELLE
  0
TEXT
  8
PARTICELLE
 62
7
 10
   48809.939
 20
   46528.940
 30
0.0
 40
       1.800
  1
15
 50
       0.000
  0
POLYLINE
  8
PARTICELLE
 66
1
 10
0.0
 20
0.0
 30
0.0
 70
1
  0
VERTEX
  8
PARTICELLE
 10
   48806.512
 20
   46532.183
 30
0.0
  0
VERTEX
  8
PARTICELLE
 10
   48805.278
 20
   46530.390
 30
0.0
  0
VERTEX
  8
PARTICELLE
 10
   48807.864
 20
   46527.218
 30
0.0
  0
VERTEX
  8
PARTICELLE
 10
   48813.018
 20
   46520.555
 30
0.0
  0
VERTEX
  8
PARTICELLE
 10
   48813.375
 20
   46520.254
 30
0.0
  0
VERTEX
  8
PARTICELLE
 10
   48814.102
 20
   46521.113
 30
0.0
  0
VERTEX
  8
PARTICELLE
 10
   48818.994
 20
   46528.635
 30
0.0
  0
VERTEX
  8
PARTICELLE
 10
   48819.994
 20
   46530.381
 30
0.0
  0
VERTEX
  8
PARTICELLE
 10
   48814.993
 20
   46533.634
 30
0.0
  0
VERTEX
  8
PARTICELLE
 10
   48809.696
 20
   46536.773
 30
0.0
  0
VERTEX
  8
PARTICELLE
 10
   48806.512
 20
   46532.183
 30
0.0
  0
SEQEND
  8
PARTICELLE
  0
TEXT
  8
PARTICELLE
 62
7
 10
   49125.826
 20
   45986.758
 30
0.0
 40
       1.800
  1
150
 50
       0.000
  0
POLYLINE
  8
PARTICELLE
 66
1
 10
0.0
 20
0.0
 30
0.0
 70
1
  0
VERTEX
  8
PARTICELLE
 10
   49122.995
 20
   45983.913
 30
0.0
  0
VERTEX
  8
PARTICELLE
 10
   49120.813
 20
   45979.164
 30
0.0
  0
VERTEX
  8
PARTICELLE
 10
   49126.571
 20
   45976.808
 30
0.0
  0
VERTEX
  8
PARTICELLE
 10
   49136.541
 20
   46001.191
 30
0.0
  0
VERTEX
  8
PARTICELLE
 10
   49134.796
 20
   46002.008
 30
0.0
  0
VERTEX
  8
PARTICELLE
 10
   49132.471
 20
   46002.988
 30
0.0
  0
VERTEX
  8
PARTICELLE
 10
   49131.257
 20
   46000.487
 30
0.0
  0
VERTEX
  8
PARTICELLE
 10
   49128.581
 20
   45994.859
 30
0.0
  0
VERTEX
  8
PARTICELLE
 10
   49127.777
 20
   45993.055
 30
0.0
  0
VERTEX
  8
PARTICELLE
 10
   49127.103
 20
   45993.332
 30
0.0
  0
VERTEX
  8
PARTICELLE
 10
   49125.011
 20
   45988.514
 30
0.0
  0
VERTEX
  8
PARTICELLE
 10
   49122.995
 20
   45983.913
 30
0.0
  0
SEQEND
  8
PARTICELLE
  0
TEXT
  8
PARTICELLE
 62
7
 10
   49017.411
 20
   46288.183
 30
0.0
 40
       1.800
  1
151
 50
       0.000
  0
POLYLINE
  8
PARTICELLE
 66
1
 10
0.0
 20
0.0
 30
0.0
 70
1
  0
VERTEX
  8
PARTICELLE
 10
   49009.030
 20
   46294.605
 30
0.0
  0
VERTEX
  8
PARTICELLE
 10
   49005.586
 20
   46286.446
 30
0.0
  0
VERTEX
  8
PARTICELLE
 10
   49011.820
 20
   46283.780
 30
0.0
  0
VERTEX
  8
PARTICELLE
 10
   49022.821
 20
   46279.251
 30
0.0
  0
VERTEX
  8
PARTICELLE
 10
   49028.668
 20
   46293.502
 30
0.0
  0
VERTEX
  8
PARTICELLE
 10
   49029.893
 20
   46296.525
 30
0.0
  0
VERTEX
  8
PARTICELLE
 10
   49018.391
 20
   46300.803
 30
0.0
  0
VERTEX
  8
PARTICELLE
 10
   49017.654
 20
   46300.185
 30
0.0
  0
VERTEX
  8
PARTICELLE
 10
   49016.360
 20
   46298.767
 30
0.0
  0
VERTEX
  8
PARTICELLE
 10
   49015.079
 20
   46297.978
 30
0.0
  0
VERTEX
  8
PARTICELLE
 10
   49009.030
 20
   46294.605
 30
0.0
  0
SEQEND
  8
PARTICELLE
  0
TEXT
  8
PARTICELLE
 62
7
 10
   49007.165
 20
   46255.889
 30
0.0
 40
       1.800
  1
152
 50
       0.000
  0
POLYLINE
  8
PARTICELLE
 66
1
 10
0.0
 20
0.0
 30
0.0
 70
1
  0
VERTEX
  8
PARTICELLE
 10
   48996.481
 20
   46238.244
 30
0.0
  0
VERTEX
  8
PARTICELLE
 10
   49005.511
 20
   46234.412
 30
0.0
  0
VERTEX
  8
PARTICELLE
 10
   49008.441
 20
   46242.202
 30
0.0
  0
VERTEX
  8
PARTICELLE
 10
   49011.832
 20
   46251.175
 30
0.0
  0
VERTEX
  8
PARTICELLE
 10
   49019.996
 20
   46272.244
 30
0.0
  0
VERTEX
  8
PARTICELLE
 10
   49011.432
 20
   46276.278
 30
0.0
  0
VERTEX
  8
PARTICELLE
 10
   49009.009
 20
   46277.393
 30
0.0
  0
VERTEX
  8
PARTICELLE
 10
   49007.148
 20
   46272.892
 30
0.0
  0
VERTEX
  8
PARTICELLE
 10
   49005.884
 20
   46269.606
 30
0.0
  0
VERTEX
  8
PARTICELLE
 10
   49003.857
 20
   46264.290
 30
0.0
  0
VERTEX
  8
PARTICELLE
 10
   49001.926
 20
   46259.151
 30
0.0
  0
VERTEX
  8
PARTICELLE
 10
   49000.000
 20
   46253.899
 30
0.0
  0
VERTEX
  8
PARTICELLE
 10
   48996.774
 20
   46245.753
 30
0.0
  0
VERTEX
  8
PARTICELLE
 10
   48994.203
 20
   46239.270
 30
0.0
  0
VERTEX
  8
PARTICELLE
 10
   48996.481
 20
   46238.244
 30
0.0
  0
SEQEND
  8
PARTICELLE
  0
TEXT
  8
PARTICELLE
 62
7
 10
   48987.062
 20
   46208.708
 30
0.0
 40
       1.800
  1
153
 50
       0.000
  0
POLYLINE
  8
PARTICELLE
 66
1
 10
0.0
 20
0.0
 30
0.0
 70
1
  0
VERTEX
  8
PARTICELLE
 10
   48977.052
 20
   46212.291
 30
0.0
  0
VERTEX
  8
PARTICELLE
 10
   48976.814
 20
   46211.715
 30
0.0
  0
VERTEX
  8
PARTICELLE
 10
   48974.923
 20
   46205.070
 30
0.0
  0
VERTEX
  8
PARTICELLE
 10
   48974.661
 20
   46204.184
 30
0.0
  0
VERTEX
  8
PARTICELLE
 10
   48972.525
 20
   46196.349
 30
0.0
  0
VERTEX
  8
PARTICELLE
 10
   48970.828
 20
   46190.252
 30
0.0
  0
VERTEX
  8
PARTICELLE
 10
   48985.682
 20
   46184.645
 30
0.0
  0
VERTEX
  8
PARTICELLE
 10
   48987.462
 20
   46189.255
 30
0.0
  0
VERTEX
  8
PARTICELLE
 10
   48989.194
 20
   46193.616
 30
0.0
  0
VERTEX
  8
PARTICELLE
 10
   48994.664
 20
   46207.555
 30
0.0
  0
VERTEX
  8
PARTICELLE
 10
   48999.844
 20
   46220.792
 30
0.0
  0
VERTEX
  8
PARTICELLE
 10
   49000.464
 20
   46222.306
 30
0.0
  0
VERTEX
  8
PARTICELLE
 10
   49002.157
 20
   46221.565
 30
0.0
  0
VERTEX
  8
PARTICELLE
 10
   49003.390
 20
   46224.745
 30
0.0
  0
VERTEX
  8
PARTICELLE
 10
   48993.106
 20
   46229.182
 30
0.0
  0
VERTEX
  8
PARTICELLE
 10
   48991.048
 20
   46230.082
 30
0.0
  0
VERTEX
  8
PARTICELLE
 10
   48989.268
 20
   46225.632
 30
0.0
  0
VERTEX
  8
PARTICELLE
 10
   48983.299
 20
   46228.083
 30
0.0
  0
VERTEX
  8
PARTICELLE
 10
   48981.669
 20
   46223.905
 30
0.0
  0
VERTEX
  8
PARTICELLE
 10
   48979.794
 20
   46218.928
 30
0.0
  0
VERTEX
  8
PARTICELLE
 10
   48977.052
 20
   46212.291
 30
0.0
  0
SEQEND
  8
PARTICELLE
  0
TEXT
  8
PARTICELLE
 62
7
 10
   49001.081
 20
   46200.928
 30
0.0
 40
       1.800
  1
154
 50
       0.000
  0
POLYLINE
  8
PARTICELLE
 66
1
 10
0.0
 20
0.0
 30
0.0
 70
1
  0
VERTEX
  8
PARTICELLE
 10
   49007.503
 20
   46191.689
 30
0.0
  0
VERTEX
  8
PARTICELLE
 10
   49008.783
 20
   46195.152
 30
0.0
  0
VERTEX
  8
PARTICELLE
 10
   49010.843
 20
   46200.610
 30
0.0
  0
VERTEX
  8
PARTICELLE
 10
   49012.459
 20
   46204.984
 30
0.0
  0
VERTEX
  8
PARTICELLE
 10
   49014.478
 20
   46210.434
 30
0.0
  0
VERTEX
  8
PARTICELLE
 10
   49015.891
 20
   46213.773
 30
0.0
  0
VERTEX
  8
PARTICELLE
 10
   49017.730
 20
   46218.599
 30
0.0
  0
VERTEX
  8
PARTICELLE
 10
   49007.225
 20
   46223.075
 30
0.0
  0
VERTEX
  8
PARTICELLE
 10
   49005.275
 20
   46218.162
 30
0.0
  0
VERTEX
  8
PARTICELLE
 10
   49002.735
 20
   46211.739
 30
0.0
  0
VERTEX
  8
PARTICELLE
 10
   48998.314
 20
   46200.589
 30
0.0
  0
VERTEX
  8
PARTICELLE
 10
   48992.873
 20
   46186.875
 30
0.0
  0
VERTEX
  8
PARTICELLE
 10
   49002.032
 20
   46183.132
 30
0.0
  0
VERTEX
  8
PARTICELLE
 10
   49004.085
 20
   46182.309
 30
0.0
  0
VERTEX
  8
PARTICELLE
 10
   49007.503
 20
   46191.689
 30
0.0
  0
SEQEND
  8
PARTICELLE
  0
TEXT
  8
PARTICELLE
 62
7
 10
   49019.625
 20
   46247.946
 30
0.0
 40
       1.800
  1
155
 50
       0.000
  0
POLYLINE
  8
PARTICELLE
 66
1
 10
0.0
 20
0.0
 30
0.0
 70
1
  0
VERTEX
  8
PARTICELLE
 10
   49023.555
 20
   46232.835
 30
0.0
  0
VERTEX
  8
PARTICELLE
 10
   49026.694
 20
   46240.819
 30
0.0
  0
VERTEX
  8
PARTICELLE
 10
   49027.083
 20
   46241.903
 30
0.0
  0
VERTEX
  8
PARTICELLE
 10
   49027.674
 20
   46243.357
 30
0.0
  0
VERTEX
  8
PARTICELLE
 10
   49029.092
 20
   46247.015
 30
0.0
  0
VERTEX
  8
PARTICELLE
 10
   49031.016
 20
   46251.955
 30
0.0
  0
VERTEX
  8
PARTICELLE
 10
   49031.461
 20
   46253.125
 30
0.0
  0
VERTEX
  8
PARTICELLE
 10
   49032.623
 20
   46256.133
 30
0.0
  0
VERTEX
  8
PARTICELLE
 10
   49033.547
 20
   46258.666
 30
0.0
  0
VERTEX
  8
PARTICELLE
 10
   49033.910
 20
   46259.596
 30
0.0
  0
VERTEX
  8
PARTICELLE
 10
   49034.245
 20
   46260.460
 30
0.0
  0
VERTEX
  8
PARTICELLE
 10
   49035.075
 20
   46262.671
 30
0.0
  0
VERTEX
  8
PARTICELLE
 10
   49036.214
 20
   46265.579
 30
0.0
  0
VERTEX
  8
PARTICELLE
 10
   49033.801
 20
   46266.454
 30
0.0
  0
VERTEX
  8
PARTICELLE
 10
   49025.103
 20
   46269.726
 30
0.0
  0
VERTEX
  8
PARTICELLE
 10
   49020.924
 20
   46258.901
 30
0.0
  0
VERTEX
  8
PARTICELLE
 10
   49013.600
 20
   46240.149
 30
0.0
  0
VERTEX
  8
PARTICELLE
 10
   49010.567
 20
   46232.041
 30
0.0
  0
VERTEX
  8
PARTICELLE
 10
   49019.399
 20
   46228.677
 30
0.0
  0
VERTEX
  8
PARTICELLE
 10
   49021.708
 20
   46227.782
 30
0.0
  0
VERTEX
  8
PARTICELLE
 10
   49023.555
 20
   46232.835
 30
0.0
  0
SEQEND
  8
PARTICELLE
  0
TEXT
  8
PARTICELLE
 62
7
 10
   49037.891
 20
   46293.146
 30
0.0
 40
       1.800
  1
156
 50
       0.000
  0
POLYLINE
  8
PARTICELLE
 66
1
 10
0.0
 20
0.0
 30
0.0
 70
1
  0
VERTEX
  8
PARTICELLE
 10
   49035.485
 20
   46293.628
 30
0.0
  0
VERTEX
  8
PARTICELLE
 10
   49028.337
 20
   46277.092
 30
0.0
  0
VERTEX
  8
PARTICELLE
 10
   49037.245
 20
   46274.055
 30
0.0
  0
VERTEX
  8
PARTICELLE
 10
   49039.670
 20
   46273.236
 30
0.0
  0
VERTEX
  8
PARTICELLE
 10
   49043.807
 20
   46283.195
 30
0.0
  0
VERTEX
  8
PARTICELLE
 10
   49044.142
 20
   46283.954
 30
0.0
  0
VERTEX
  8
PARTICELLE
 10
   49045.198
 20
   46286.527
 30
0.0
  0
VERTEX
  8
PARTICELLE
 10
   49047.713
 20
   46292.552
 30
0.0
  0
VERTEX
  8
PARTICELLE
 10
   49051.529
 20
   46301.902
 30
0.0
  0
VERTEX
  8
PARTICELLE
 10
   49051.910
 20
   46302.763
 30
0.0
  0
VERTEX
  8
PARTICELLE
 10
   49052.910
 20
   46305.097
 30
0.0
  0
VERTEX
  8
PARTICELLE
 10
   49055.255
 20
   46310.636
 30
0.0
  0
VERTEX
  8
PARTICELLE
 10
   49052.735
 20
   46311.659
 30
0.0
  0
VERTEX
  8
PARTICELLE
 10
   49044.043
 20
   46315.067
 30
0.0
  0
VERTEX
  8
PARTICELLE
 10
   49041.936
 20
   46309.463
 30
0.0
  0
VERTEX
  8
PARTICELLE
 10
   49035.485
 20
   46293.628
 30
0.0
  0
SEQEND
  8
PARTICELLE
  0
TEXT
  8
PARTICELLE
 62
7
 10
   49084.095
 20
   46326.341
 30
0.0
 40
       1.800
  1
157
 50
       0.000
  0
POLYLINE
  8
PARTICELLE
 66
1
 10
0.0
 20
0.0
 30
0.0
 70
1
  0
VERTEX
  8
PARTICELLE
 10
   49075.509
 20
   46321.255
 30
0.0
  0
VERTEX
  8
PARTICELLE
 10
   49080.107
 20
   46319.384
 30
0.0
  0
VERTEX
  8
PARTICELLE
 10
   49087.874
 20
   46316.382
 30
0.0
  0
VERTEX
  8
PARTICELLE
 10
   49096.256
 20
   46331.509
 30
0.0
  0
VERTEX
  8
PARTICELLE
 10
   49086.255
 20
   46338.128
 30
0.0
  0
VERTEX
  8
PARTICELLE
 10
   49080.323
 20
   46328.578
 30
0.0
  0
VERTEX
  8
PARTICELLE
 10
   49075.509
 20
   46321.255
 30
0.0
  0
SEQEND
  8
PARTICELLE
  0
TEXT
  8
PARTICELLE
 62
7
 10
   49095.604
 20
   46320.267
 30
0.0
 40
       1.800
  1
158
 50
       0.000
  0
POLYLINE
  8
PARTICELLE
 66
1
 10
0.0
 20
0.0
 30
0.0
 70
1
  0
VERTEX
  8
PARTICELLE
 10
   49096.256
 20
   46331.509
 30
0.0
  0
VERTEX
  8
PARTICELLE
 10
   49087.874
 20
   46316.382
 30
0.0
  0
VERTEX
  8
PARTICELLE
 10
   49101.341
 20
   46311.225
 30
0.0
  0
VERTEX
  8
PARTICELLE
 10
   49103.379
 20
   46310.381
 30
0.0
  0
VERTEX
  8
PARTICELLE
 10
   49106.982
 20
   46315.688
 30
0.0
  0
VERTEX
  8
PARTICELLE
 10
   49110.808
 20
   46321.579
 30
0.0
  0
VERTEX
  8
PARTICELLE
 10
   49108.336
 20
   46323.440
 30
0.0
  0
VERTEX
  8
PARTICELLE
 10
   49096.256
 20
   46331.509
 30
0.0
  0
SEQEND
  8
PARTICELLE
  0
TEXT
  8
PARTICELLE
 62
7
 10
   49066.409
 20
   46281.475
 30
0.0
 40
       1.800
  1
159
 50
       0.000
  0
POLYLINE
  8
PARTICELLE
 66
1
 10
0.0
 20
0.0
 30
0.0
 70
1
  0
VERTEX
  8
PARTICELLE
 10
   49073.344
 20
   46272.549
 30
0.0
  0
VERTEX
  8
PARTICELLE
 10
   49074.532
 20
   46275.590
 30
0.0
  0
VERTEX
  8
PARTICELLE
 10
   49077.108
 20
   46281.893
 30
0.0
  0
VERTEX
  8
PARTICELLE
 10
   49080.372
 20
   46289.967
 30
0.0
  0
VERTEX
  8
PARTICELLE
 10
   49080.929
 20
   46291.337
 30
0.0
  0
VERTEX
  8
PARTICELLE
 10
   49082.158
 20
   46294.199
 30
0.0
  0
VERTEX
  8
PARTICELLE
 10
   49084.370
 20
   46299.484
 30
0.0
  0
VERTEX
  8
PARTICELLE
 10
   49081.318
 20
   46300.681
 30
0.0
  0
VERTEX
  8
PARTICELLE
 10
   49072.568
 20
   46303.910
 30
0.0
  0
VERTEX
  8
PARTICELLE
 10
   49065.555
 20
   46286.522
 30
0.0
  0
VERTEX
  8
PARTICELLE
 10
   49059.710
 20
   46271.884
 30
0.0
  0
VERTEX
  8
PARTICELLE
 10
   49057.673
 20
   46267.033
 30
0.0
  0
VERTEX
  8
PARTICELLE
 10
   49066.672
 20
   46263.696
 30
0.0
  0
VERTEX
  8
PARTICELLE
 10
   49069.273
 20
   46262.632
 30
0.0
  0
VERTEX
  8
PARTICELLE
 10
   49073.344
 20
   46272.549
 30
0.0
  0
SEQEND
  8
PARTICELLE
  0
TEXT
  8
PARTICELLE
 62
7
 10
   48814.234
 20
   46540.745
 30
0.0
 40
       1.800
  1
16
 50
       0.000
  0
POLYLINE
  8
PARTICELLE
 66
1
 10
0.0
 20
0.0
 30
0.0
 70
1
  0
VERTEX
  8
PARTICELLE
 10
   48809.696
 20
   46536.773
 30
0.0
  0
VERTEX
  8
PARTICELLE
 10
   48814.993
 20
   46533.634
 30
0.0
  0
VERTEX
  8
PARTICELLE
 10
   48823.286
 20
   46545.775
 30
0.0
  0
VERTEX
  8
PARTICELLE
 10
   48825.192
 20
   46544.552
 30
0.0
  0
VERTEX
  8
PARTICELLE
 10
   48825.664
 20
   46545.350
 30
0.0
  0
VERTEX
  8
PARTICELLE
 10
   48826.298
 20
   46546.503
 30
0.0
  0
VERTEX
  8
PARTICELLE
 10
   48823.515
 20
   46548.327
 30
0.0
  0
VERTEX
  8
PARTICELLE
 10
   48822.866
 20
   46547.475
 30
0.0
  0
VERTEX
  8
PARTICELLE
 10
   48818.676
 20
   46550.244
 30
0.0
  0
VERTEX
  8
PARTICELLE
 10
   48817.933
 20
   46549.056
 30
0.0
  0
VERTEX
  8
PARTICELLE
 10
   48809.696
 20
   46536.773
 30
0.0
  0
SEQEND
  8
PARTICELLE
  0
TEXT
  8
PARTICELLE
 62
7
 10
   49048.204
 20
   46236.441
 30
0.0
 40
       1.800
  1
160
 50
       0.000
  0
POLYLINE
  8
PARTICELLE
 66
1
 10
0.0
 20
0.0
 30
0.0
 70
1
  0
VERTEX
  8
PARTICELLE
 10
   49053.410
 20
   46221.588
 30
0.0
  0
VERTEX
  8
PARTICELLE
 10
   49056.675
 20
   46230.364
 30
0.0
  0
VERTEX
  8
PARTICELLE
 10
   49058.535
 20
   46235.201
 30
0.0
  0
VERTEX
  8
PARTICELLE
 10
   49059.781
 20
   46238.329
 30
0.0
  0
VERTEX
  8
PARTICELLE
 10
   49060.633
 20
   46240.491
 30
0.0
  0
VERTEX
  8
PARTICELLE
 10
   49063.934
 20
   46248.958
 30
0.0
  0
VERTEX
  8
PARTICELLE
 10
   49065.940
 20
   46254.078
 30
0.0
  0
VERTEX
  8
PARTICELLE
 10
   49063.190
 20
   46255.117
 30
0.0
  0
VERTEX
  8
PARTICELLE
 10
   49054.084
 20
   46258.600
 30
0.0
  0
VERTEX
  8
PARTICELLE
 10
   49048.845
 20
   46245.113
 30
0.0
  0
VERTEX
  8
PARTICELLE
 10
   49042.904
 20
   46229.838
 30
0.0
  0
VERTEX
  8
PARTICELLE
 10
   49039.458
 20
   46221.004
 30
0.0
  0
VERTEX
  8
PARTICELLE
 10
   49048.995
 20
   46217.688
 30
0.0
  0
VERTEX
  8
PARTICELLE
 10
   49051.643
 20
   46216.743
 30
0.0
  0
VERTEX
  8
PARTICELLE
 10
   49053.410
 20
   46221.588
 30
0.0
  0
SEQEND
  8
PARTICELLE
  0
TEXT
  8
PARTICELLE
 62
7
 10
   49031.441
 20
   46190.123
 30
0.0
 40
       1.800
  1
161
 50
       0.000
  0
POLYLINE
  8
PARTICELLE
 66
1
 10
0.0
 20
0.0
 30
0.0
 70
1
  0
VERTEX
  8
PARTICELLE
 10
   49024.712
 20
   46180.634
 30
0.0
  0
VERTEX
  8
PARTICELLE
 10
   49022.624
 20
   46174.992
 30
0.0
  0
VERTEX
  8
PARTICELLE
 10
   49031.564
 20
   46171.355
 30
0.0
  0
VERTEX
  8
PARTICELLE
 10
   49034.254
 20
   46170.255
 30
0.0
  0
VERTEX
  8
PARTICELLE
 10
   49036.637
 20
   46176.917
 30
0.0
  0
VERTEX
  8
PARTICELLE
 10
   49037.504
 20
   46179.333
 30
0.0
  0
VERTEX
  8
PARTICELLE
 10
   49037.595
 20
   46179.590
 30
0.0
  0
VERTEX
  8
PARTICELLE
 10
   49040.805
 20
   46188.579
 30
0.0
  0
VERTEX
  8
PARTICELLE
 10
   49041.604
 20
   46190.708
 30
0.0
  0
VERTEX
  8
PARTICELLE
 10
   49042.483
 20
   46193.197
 30
0.0
  0
VERTEX
  8
PARTICELLE
 10
   49045.847
 20
   46202.364
 30
0.0
  0
VERTEX
  8
PARTICELLE
 10
   49047.485
 20
   46206.977
 30
0.0
  0
VERTEX
  8
PARTICELLE
 10
   49036.138
 20
   46211.145
 30
0.0
  0
VERTEX
  8
PARTICELLE
 10
   49034.382
 20
   46206.668
 30
0.0
  0
VERTEX
  8
PARTICELLE
 10
   49029.535
 20
   46193.676
 30
0.0
  0
VERTEX
  8
PARTICELLE
 10
   49024.712
 20
   46180.634
 30
0.0
  0
SEQEND
  8
PARTICELLE
  0
TEXT
  8
PARTICELLE
 62
7
 10
   49098.474
 20
   46269.562
 30
0.0
 40
       1.800
  1
162
 50
       0.000
  0
POLYLINE
  8
PARTICELLE
 66
1
 10
0.0
 20
0.0
 30
0.0
 70
1
  0
VERTEX
  8
PARTICELLE
 10
   49105.348
 20
   46260.343
 30
0.0
  0
VERTEX
  8
PARTICELLE
 10
   49107.091
 20
   46264.674
 30
0.0
  0
VERTEX
  8
PARTICELLE
 10
   49108.951
 20
   46269.295
 30
0.0
  0
VERTEX
  8
PARTICELLE
 10
   49109.175
 20
   46269.846
 30
0.0
  0
VERTEX
  8
PARTICELLE
 10
   49112.833
 20
   46278.820
 30
0.0
  0
VERTEX
  8
PARTICELLE
 10
   49116.105
 20
   46287.208
 30
0.0
  0
VERTEX
  8
PARTICELLE
 10
   49113.150
 20
   46288.340
 30
0.0
  0
VERTEX
  8
PARTICELLE
 10
   49104.510
 20
   46291.707
 30
0.0
  0
VERTEX
  8
PARTICELLE
 10
   49099.876
 20
   46280.062
 30
0.0
  0
VERTEX
  8
PARTICELLE
 10
   49093.219
 20
   46263.628
 30
0.0
  0
VERTEX
  8
PARTICELLE
 10
   49089.762
 20
   46254.763
 30
0.0
  0
VERTEX
  8
PARTICELLE
 10
   49098.515
 20
   46251.491
 30
0.0
  0
VERTEX
  8
PARTICELLE
 10
   49101.254
 20
   46250.272
 30
0.0
  0
VERTEX
  8
PARTICELLE
 10
   49105.348
 20
   46260.343
 30
0.0
  0
SEQEND
  8
PARTICELLE
  0
TEXT
  8
PARTICELLE
 62
7
 10
   49080.673
 20
   46225.220
 30
0.0
 40
       1.800
  1
163
 50
       0.000
  0
POLYLINE
  8
PARTICELLE
 66
1
 10
0.0
 20
0.0
 30
0.0
 70
1
  0
VERTEX
  8
PARTICELLE
 10
   49085.550
 20
   46210.712
 30
0.0
  0
VERTEX
  8
PARTICELLE
 10
   49086.715
 20
   46213.661
 30
0.0
  0
VERTEX
  8
PARTICELLE
 10
   49087.123
 20
   46214.739
 30
0.0
  0
VERTEX
  8
PARTICELLE
 10
   49087.769
 20
   46216.414
 30
0.0
  0
VERTEX
  8
PARTICELLE
 10
   49089.929
 20
   46221.820
 30
0.0
  0
VERTEX
  8
PARTICELLE
 10
   49092.129
 20
   46227.284
 30
0.0
  0
VERTEX
  8
PARTICELLE
 10
   49093.011
 20
   46229.441
 30
0.0
  0
VERTEX
  8
PARTICELLE
 10
   49093.955
 20
   46231.713
 30
0.0
  0
VERTEX
  8
PARTICELLE
 10
   49094.404
 20
   46232.909
 30
0.0
  0
VERTEX
  8
PARTICELLE
 10
   49096.061
 20
   46236.843
 30
0.0
  0
VERTEX
  8
PARTICELLE
 10
   49098.200
 20
   46242.048
 30
0.0
  0
VERTEX
  8
PARTICELLE
 10
   49095.244
 20
   46243.204
 30
0.0
  0
VERTEX
  8
PARTICELLE
 10
   49086.356
 20
   46246.673
 30
0.0
  0
VERTEX
  8
PARTICELLE
 10
   49081.760
 20
   46235.176
 30
0.0
  0
VERTEX
  8
PARTICELLE
 10
   49075.835
 20
   46220.335
 30
0.0
  0
VERTEX
  8
PARTICELLE
 10
   49071.400
 20
   46208.981
 30
0.0
  0
VERTEX
  8
PARTICELLE
 10
   49080.449
 20
   46205.615
 30
0.0
  0
VERTEX
  8
PARTICELLE
 10
   49083.191
 20
   46204.548
 30
0.0
  0
VERTEX
  8
PARTICELLE
 10
   49085.550
 20
   46210.712
 30
0.0
  0
SEQEND
  8
PARTICELLE
  0
TEXT
  8
PARTICELLE
 62
7
 10
   49065.812
 20
   46178.927
 30
0.0
 40
       1.800
  1
164
 50
       0.000
  0
POLYLINE
  8
PARTICELLE
 66
1
 10
0.0
 20
0.0
 30
0.0
 70
1
  0
VERTEX
  8
PARTICELLE
 10
   49073.154
 20
   46179.693
 30
0.0
  0
VERTEX
  8
PARTICELLE
 10
   49074.523
 20
   46183.344
 30
0.0
  0
VERTEX
  8
PARTICELLE
 10
   49077.009
 20
   46189.955
 30
0.0
  0
VERTEX
  8
PARTICELLE
 10
   49078.988
 20
   46195.006
 30
0.0
  0
VERTEX
  8
PARTICELLE
 10
   49075.615
 20
   46196.288
 30
0.0
  0
VERTEX
  8
PARTICELLE
 10
   49066.631
 20
   46199.629
 30
0.0
  0
VERTEX
  8
PARTICELLE
 10
   49064.596
 20
   46194.381
 30
0.0
  0
VERTEX
  8
PARTICELLE
 10
   49059.790
 20
   46181.636
 30
0.0
  0
VERTEX
  8
PARTICELLE
 10
   49055.596
 20
   46170.555
 30
0.0
  0
VERTEX
  8
PARTICELLE
 10
   49052.722
 20
   46162.756
 30
0.0
  0
VERTEX
  8
PARTICELLE
 10
   49061.956
 20
   46159.367
 30
0.0
  0
VERTEX
  8
PARTICELLE
 10
   49065.127
 20
   46158.256
 30
0.0
  0
VERTEX
  8
PARTICELLE
 10
   49066.285
 20
   46161.391
 30
0.0
  0
VERTEX
  8
PARTICELLE
 10
   49067.023
 20
   46163.471
 30
0.0
  0
VERTEX
  8
PARTICELLE
 10
   49067.611
 20
   46165.070
 30
0.0
  0
VERTEX
  8
PARTICELLE
 10
   49067.942
 20
   46165.972
 30
0.0
  0
VERTEX
  8
PARTICELLE
 10
   49070.237
 20
   46171.843
 30
0.0
  0
VERTEX
  8
PARTICELLE
 10
   49070.906
 20
   46173.758
 30
0.0
  0
VERTEX
  8
PARTICELLE
 10
   49071.978
 20
   46176.637
 30
0.0
  0
VERTEX
  8
PARTICELLE
 10
   49073.154
 20
   46179.693
 30
0.0
  0
SEQEND
  8
PARTICELLE
  0
TEXT
  8
PARTICELLE
 62
7
 10
   49117.377
 20
   46307.576
 30
0.0
 40
       1.800
  1
165
 50
       0.000
  0
POLYLINE
  8
PARTICELLE
 66
1
 10
0.0
 20
0.0
 30
0.0
 70
1
  0
VERTEX
  8
PARTICELLE
 10
   49106.982
 20
   46315.688
 30
0.0
  0
VERTEX
  8
PARTICELLE
 10
   49103.379
 20
   46310.381
 30
0.0
  0
VERTEX
  8
PARTICELLE
 10
   49114.548
 20
   46305.853
 30
0.0
  0
VERTEX
  8
PARTICELLE
 10
   49128.316
 20
   46300.271
 30
0.0
  0
VERTEX
  8
PARTICELLE
 10
   49136.531
 20
   46296.994
 30
0.0
  0
VERTEX
  8
PARTICELLE
 10
   49139.382
 20
   46302.747
 30
0.0
  0
VERTEX
  8
PARTICELLE
 10
   49133.790
 20
   46306.439
 30
0.0
  0
VERTEX
  8
PARTICELLE
 10
   49120.395
 20
   46315.282
 30
0.0
  0
VERTEX
  8
PARTICELLE
 10
   49110.808
 20
   46321.579
 30
0.0
  0
VERTEX
  8
PARTICELLE
 10
   49106.982
 20
   46315.688
 30
0.0
  0
SEQEND
  8
PARTICELLE
  0
TEXT
  8
PARTICELLE
 62
7
 10
   49129.577
 20
   46337.334
 30
0.0
 40
       1.800
  1
166
 50
       0.000
  0
POLYLINE
  8
PARTICELLE
 66
1
 10
0.0
 20
0.0
 30
0.0
 70
1
  0
VERTEX
  8
PARTICELLE
 10
   49172.674
 20
   46367.450
 30
0.0
  0
VERTEX
  8
PARTICELLE
 10
   49171.800
 20
   46368.013
 30
0.0
  0
VERTEX
  8
PARTICELLE
 10
   49146.251
 20
   46384.754
 30
0.0
  0
VERTEX
  8
PARTICELLE
 10
   49132.195
 20
   46394.166
 30
0.0
  0
VERTEX
  8
PARTICELLE
 10
   49125.839
 20
   46398.476
 30
0.0
  0
VERTEX
  8
PARTICELLE
 10
   49120.126
 20
   46389.787
 30
0.0
  0
VERTEX
  8
PARTICELLE
 10
   49118.857
 20
   46387.899
 30
0.0
  0
VERTEX
  8
PARTICELLE
 10
   49110.419
 20
   46375.312
 30
0.0
  0
VERTEX
  8
PARTICELLE
 10
   49102.373
 20
   46362.960
 30
0.0
  0
VERTEX
  8
PARTICELLE
 10
   49093.669
 20
   46349.844
 30
0.0
  0
VERTEX
  8
PARTICELLE
 10
   49086.255
 20
   46338.128
 30
0.0
  0
VERTEX
  8
PARTICELLE
 10
   49096.256
 20
   46331.509
 30
0.0
  0
VERTEX
  8
PARTICELLE
 10
   49108.336
 20
   46323.440
 30
0.0
  0
VERTEX
  8
PARTICELLE
 10
   49110.808
 20
   46321.579
 30
0.0
  0
VERTEX
  8
PARTICELLE
 10
   49120.395
 20
   46315.282
 30
0.0
  0
VERTEX
  8
PARTICELLE
 10
   49133.790
 20
   46306.439
 30
0.0
  0
VERTEX
  8
PARTICELLE
 10
   49139.382
 20
   46302.747
 30
0.0
  0
VERTEX
  8
PARTICELLE
 10
   49143.487
 20
   46308.386
 30
0.0
  0
VERTEX
  8
PARTICELLE
 10
   49150.674
 20
   46318.835
 30
0.0
  0
VERTEX
  8
PARTICELLE
 10
   49159.360
 20
   46331.473
 30
0.0
  0
VERTEX
  8
PARTICELLE
 10
   49167.104
 20
   46343.019
 30
0.0
  0
VERTEX
  8
PARTICELLE
 10
   49170.173
 20
   46347.477
 30
0.0
  0
VERTEX
  8
PARTICELLE
 10
   49173.577
 20
   46352.424
 30
0.0
  0
VERTEX
  8
PARTICELLE
 10
   49174.769
 20
   46354.198
 30
0.0
  0
VERTEX
  8
PARTICELLE
 10
   49180.479
 20
   46362.423
 30
0.0
  0
VERTEX
  8
PARTICELLE
 10
   49172.674
 20
   46367.450
 30
0.0
  0
SEQEND
  8
PARTICELLE
  0
TEXT
  8
PARTICELLE
 62
7
 10
   49182.206
 20
   46354.392
 30
0.0
 40
       1.800
  1
167
 50
       0.000
  0
POLYLINE
  8
PARTICELLE
 66
1
 10
0.0
 20
0.0
 30
0.0
 70
1
  0
VERTEX
  8
PARTICELLE
 10
   49190.588
 20
   46355.853
 30
0.0
  0
VERTEX
  8
PARTICELLE
 10
   49187.315
 20
   46357.976
 30
0.0
  0
VERTEX
  8
PARTICELLE
 10
   49180.888
 20
   46362.144
 30
0.0
  0
VERTEX
  8
PARTICELLE
 10
   49180.479
 20
   46362.423
 30
0.0
  0
VERTEX
  8
PARTICELLE
 10
   49174.769
 20
   46354.198
 30
0.0
  0
VERTEX
  8
PARTICELLE
 10
   49173.577
 20
   46352.424
 30
0.0
  0
VERTEX
  8
PARTICELLE
 10
   49178.566
 20
   46349.755
 30
0.0
  0
VERTEX
  8
PARTICELLE
 10
   49184.812
 20
   46346.449
 30
0.0
  0
VERTEX
  8
PARTICELLE
 10
   49190.505
 20
   46355.719
 30
0.0
  0
VERTEX
  8
PARTICELLE
 10
   49190.588
 20
   46355.853
 30
0.0
  0
SEQEND
  8
PARTICELLE
  0
TEXT
  8
PARTICELLE
 62
7
 10
   49172.842
 20
   46346.487
 30
0.0
 40
       1.800
  1
168
 50
       0.000
  0
POLYLINE
  8
PARTICELLE
 66
1
 10
0.0
 20
0.0
 30
0.0
 70
1
  0
VERTEX
  8
PARTICELLE
 10
   49175.148
 20
   46344.924
 30
0.0
  0
VERTEX
  8
PARTICELLE
 10
   49178.566
 20
   46349.755
 30
0.0
  0
VERTEX
  8
PARTICELLE
 10
   49173.577
 20
   46352.424
 30
0.0
  0
VERTEX
  8
PARTICELLE
 10
   49170.173
 20
   46347.477
 30
0.0
  0
VERTEX
  8
PARTICELLE
 10
   49167.104
 20
   46343.019
 30
0.0
  0
VERTEX
  8
PARTICELLE
 10
   49172.024
 20
   46340.522
 30
0.0
  0
VERTEX
  8
PARTICELLE
 10
   49175.148
 20
   46344.924
 30
0.0
  0
SEQEND
  8
PARTICELLE
  0
TEXT
  8
PARTICELLE
 62
7
 10
   49171.148
 20
   46325.032
 30
0.0
 40
       1.800
  1
169
 50
       0.000
  0
POLYLINE
  8
PARTICELLE
 66
1
 10
0.0
 20
0.0
 30
0.0
 70
1
  0
VERTEX
  8
PARTICELLE
 10
   49155.764
 20
   46316.747
 30
0.0
  0
VERTEX
  8
PARTICELLE
 10
   49166.249
 20
   46312.215
 30
0.0
  0
VERTEX
  8
PARTICELLE
 10
   49168.039
 20
   46311.492
 30
0.0
  0
VERTEX
  8
PARTICELLE
 10
   49179.576
 20
   46306.800
 30
0.0
  0
VERTEX
  8
PARTICELLE
 10
   49184.349
 20
   46318.049
 30
0.0
  0
VERTEX
  8
PARTICELLE
 10
   49189.940
 20
   46331.255
 30
0.0
  0
VERTEX
  8
PARTICELLE
 10
   49179.184
 20
   46337.026
 30
0.0
  0
VERTEX
  8
PARTICELLE
 10
   49173.205
 20
   46339.945
 30
0.0
  0
VERTEX
  8
PARTICELLE
 10
   49172.024
 20
   46340.522
 30
0.0
  0
VERTEX
  8
PARTICELLE
 10
   49167.104
 20
   46343.019
 30
0.0
  0
VERTEX
  8
PARTICELLE
 10
   49159.360
 20
   46331.473
 30
0.0
  0
VERTEX
  8
PARTICELLE
 10
   49150.674
 20
   46318.835
 30
0.0
  0
VERTEX
  8
PARTICELLE
 10
   49155.764
 20
   46316.747
 30
0.0
  0
SEQEND
  8
PARTICELLE
  0
TEXT
  8
PARTICELLE
 62
7
 10
   48819.426
 20
   46537.305
 30
0.0
 40
       1.800
  1
17
 50
       0.000
  0
POLYLINE
  8
PARTICELLE
 66
1
 10
0.0
 20
0.0
 30
0.0
 70
1
  0
VERTEX
  8
PARTICELLE
 10
   48814.993
 20
   46533.634
 30
0.0
  0
VERTEX
  8
PARTICELLE
 10
   48819.994
 20
   46530.381
 30
0.0
  0
VERTEX
  8
PARTICELLE
 10
   48825.756
 20
   46538.253
 30
0.0
  0
VERTEX
  8
PARTICELLE
 10
   48828.629
 20
   46542.381
 30
0.0
  0
VERTEX
  8
PARTICELLE
 10
   48829.223
 20
   46543.162
 30
0.0
  0
VERTEX
  8
PARTICELLE
 10
   48825.664
 20
   46545.350
 30
0.0
  0
VERTEX
  8
PARTICELLE
 10
   48825.192
 20
   46544.552
 30
0.0
  0
VERTEX
  8
PARTICELLE
 10
   48823.286
 20
   46545.775
 30
0.0
  0
VERTEX
  8
PARTICELLE
 10
   48814.993
 20
   46533.634
 30
0.0
  0
SEQEND
  8
PARTICELLE
  0
TEXT
  8
PARTICELLE
 62
7
 10
   49169.653
 20
   46308.028
 30
0.0
 40
       1.800
  1
170
 50
     337.554
  0
POLYLINE
  8
PARTICELLE
 66
1
 10
0.0
 20
0.0
 30
0.0
 70
1
  0
VERTEX
  8
PARTICELLE
 10
   49166.249
 20
   46312.215
 30
0.0
  0
VERTEX
  8
PARTICELLE
 10
   49164.764
 20
   46308.635
 30
0.0
  0
VERTEX
  8
PARTICELLE
 10
   49166.383
 20
   46308.000
 30
0.0
  0
VERTEX
  8
PARTICELLE
 10
   49177.636
 20
   46303.000
 30
0.0
  0
VERTEX
  8
PARTICELLE
 10
   49179.576
 20
   46306.800
 30
0.0
  0
VERTEX
  8
PARTICELLE
 10
   49168.039
 20
   46311.492
 30
0.0
  0
VERTEX
  8
PARTICELLE
 10
   49166.249
 20
   46312.215
 30
0.0
  0
SEQEND
  8
PARTICELLE
  0
TEXT
  8
PARTICELLE
 62
7
 10
   49140.510
 20
   46299.631
 30
0.0
 40
       1.800
  1
171
 50
       0.000
  0
POLYLINE
  8
PARTICELLE
 66
1
 10
0.0
 20
0.0
 30
0.0
 70
1
  0
VERTEX
  8
PARTICELLE
 10
   49139.382
 20
   46302.747
 30
0.0
  0
VERTEX
  8
PARTICELLE
 10
   49136.531
 20
   46296.994
 30
0.0
  0
VERTEX
  8
PARTICELLE
 10
   49143.596
 20
   46293.858
 30
0.0
  0
VERTEX
  8
PARTICELLE
 10
   49152.938
 20
   46290.270
 30
0.0
  0
VERTEX
  8
PARTICELLE
 10
   49156.878
 20
   46299.555
 30
0.0
  0
VERTEX
  8
PARTICELLE
 10
   49159.589
 20
   46305.914
 30
0.0
  0
VERTEX
  8
PARTICELLE
 10
   49164.214
 20
   46304.035
 30
0.0
  0
VERTEX
  8
PARTICELLE
 10
   49164.314
 20
   46304.514
 30
0.0
  0
VERTEX
  8
PARTICELLE
 10
   49163.256
 20
   46305.001
 30
0.0
  0
VERTEX
  8
PARTICELLE
 10
   49164.764
 20
   46308.635
 30
0.0
  0
VERTEX
  8
PARTICELLE
 10
   49166.249
 20
   46312.215
 30
0.0
  0
VERTEX
  8
PARTICELLE
 10
   49155.764
 20
   46316.747
 30
0.0
  0
VERTEX
  8
PARTICELLE
 10
   49150.674
 20
   46318.835
 30
0.0
  0
VERTEX
  8
PARTICELLE
 10
   49143.487
 20
   46308.386
 30
0.0
  0
VERTEX
  8
PARTICELLE
 10
   49139.382
 20
   46302.747
 30
0.0
  0
SEQEND
  8
PARTICELLE
  0
TEXT
  8
PARTICELLE
 62
7
 10
   49133.066
 20
   46262.416
 30
0.0
 40
       1.800
  1
172
 50
       0.000
  0
POLYLINE
  8
PARTICELLE
 66
1
 10
0.0
 20
0.0
 30
0.0
 70
1
  0
VERTEX
  8
PARTICELLE
 10
   49130.094
 20
   46267.683
 30
0.0
  0
VERTEX
  8
PARTICELLE
 10
   49126.148
 20
   46257.796
 30
0.0
  0
VERTEX
  8
PARTICELLE
 10
   49134.539
 20
   46254.003
 30
0.0
  0
VERTEX
  8
PARTICELLE
 10
   49133.827
 20
   46252.340
 30
0.0
  0
VERTEX
  8
PARTICELLE
 10
   49133.488
 20
   46251.354
 30
0.0
  0
VERTEX
  8
PARTICELLE
 10
   49129.234
 20
   46239.832
 30
0.0
  0
VERTEX
  8
PARTICELLE
 10
   49136.635
 20
   46237.017
 30
0.0
  0
VERTEX
  8
PARTICELLE
 10
   49141.635
 20
   46248.763
 30
0.0
  0
VERTEX
  8
PARTICELLE
 10
   49142.464
 20
   46250.685
 30
0.0
  0
VERTEX
  8
PARTICELLE
 10
   49153.426
 20
   46245.839
 30
0.0
  0
VERTEX
  8
PARTICELLE
 10
   49154.078
 20
   46247.480
 30
0.0
  0
VERTEX
  8
PARTICELLE
 10
   49161.405
 20
   46264.476
 30
0.0
  0
VERTEX
  8
PARTICELLE
 10
   49163.509
 20
   46269.254
 30
0.0
  0
VERTEX
  8
PARTICELLE
 10
   49162.339
 20
   46271.813
 30
0.0
  0
VERTEX
  8
PARTICELLE
 10
   49161.704
 20
   46272.141
 30
0.0
  0
VERTEX
  8
PARTICELLE
 10
   49146.938
 20
   46277.533
 30
0.0
  0
VERTEX
  8
PARTICELLE
 10
   49136.255
 20
   46281.636
 30
0.0
  0
VERTEX
  8
PARTICELLE
 10
   49130.094
 20
   46267.683
 30
0.0
  0
SEQEND
  8
PARTICELLE
  0
TEXT
  8
PARTICELLE
 62
7
 10
   49141.465
 20
   46240.697
 30
0.0
 40
       1.800
  1
173
 50
       0.000
  0
POLYLINE
  8
PARTICELLE
 66
1
 10
0.0
 20
0.0
 30
0.0
 70
1
  0
VERTEX
  8
PARTICELLE
 10
   49141.635
 20
   46248.763
 30
0.0
  0
VERTEX
  8
PARTICELLE
 10
   49136.635
 20
   46237.017
 30
0.0
  0
VERTEX
  8
PARTICELLE
 10
   49145.000
 20
   46233.623
 30
0.0
  0
VERTEX
  8
PARTICELLE
 10
   49147.635
 20
   46232.635
 30
0.0
  0
VERTEX
  8
PARTICELLE
 10
   49149.307
 20
   46236.525
 30
0.0
  0
VERTEX
  8
PARTICELLE
 10
   49153.426
 20
   46245.839
 30
0.0
  0
VERTEX
  8
PARTICELLE
 10
   49142.464
 20
   46250.685
 30
0.0
  0
VERTEX
  8
PARTICELLE
 10
   49141.635
 20
   46248.763
 30
0.0
  0
SEQEND
  8
PARTICELLE
  0
TEXT
  8
PARTICELLE
 62
7
 10
   49125.733
 20
   46247.874
 30
0.0
 40
       1.800
  1
175
 50
       0.000
  0
POLYLINE
  8
PARTICELLE
 66
1
 10
0.0
 20
0.0
 30
0.0
 70
1
  0
VERTEX
  8
PARTICELLE
 10
   49123.813
 20
   46251.945
 30
0.0
  0
VERTEX
  8
PARTICELLE
 10
   49120.635
 20
   46243.255
 30
0.0
  0
VERTEX
  8
PARTICELLE
 10
   49129.234
 20
   46239.832
 30
0.0
  0
VERTEX
  8
PARTICELLE
 10
   49133.488
 20
   46251.354
 30
0.0
  0
VERTEX
  8
PARTICELLE
 10
   49133.827
 20
   46252.340
 30
0.0
  0
VERTEX
  8
PARTICELLE
 10
   49134.539
 20
   46254.003
 30
0.0
  0
VERTEX
  8
PARTICELLE
 10
   49126.148
 20
   46257.796
 30
0.0
  0
VERTEX
  8
PARTICELLE
 10
   49125.429
 20
   46256.098
 30
0.0
  0
VERTEX
  8
PARTICELLE
 10
   49123.813
 20
   46251.945
 30
0.0
  0
SEQEND
  8
PARTICELLE
  0
TEXT
  8
PARTICELLE
 62
7
 10
   49110.859
 20
   46211.858
 30
0.0
 40
       1.800
  1
176
 50
       0.000
  0
POLYLINE
  8
PARTICELLE
 66
1
 10
0.0
 20
0.0
 30
0.0
 70
1
  0
VERTEX
  8
PARTICELLE
 10
   49116.108
 20
   46197.939
 30
0.0
  0
VERTEX
  8
PARTICELLE
 10
   49119.476
 20
   46206.135
 30
0.0
  0
VERTEX
  8
PARTICELLE
 10
   49121.600
 20
   46211.253
 30
0.0
  0
VERTEX
  8
PARTICELLE
 10
   49123.793
 20
   46216.539
 30
0.0
  0
VERTEX
  8
PARTICELLE
 10
   49126.185
 20
   46222.395
 30
0.0
  0
VERTEX
  8
PARTICELLE
 10
   49127.281
 20
   46225.000
 30
0.0
  0
VERTEX
  8
PARTICELLE
 10
   49127.745
 20
   46226.195
 30
0.0
  0
VERTEX
  8
PARTICELLE
 10
   49128.491
 20
   46227.968
 30
0.0
  0
VERTEX
  8
PARTICELLE
 10
   49129.291
 20
   46230.104
 30
0.0
  0
VERTEX
  8
PARTICELLE
 10
   49126.652
 20
   46231.115
 30
0.0
  0
VERTEX
  8
PARTICELLE
 10
   49117.753
 20
   46234.651
 30
0.0
  0
VERTEX
  8
PARTICELLE
 10
   49112.842
 20
   46223.109
 30
0.0
  0
VERTEX
  8
PARTICELLE
 10
   49106.925
 20
   46208.434
 30
0.0
  0
VERTEX
  8
PARTICELLE
 10
   49102.535
 20
   46197.407
 30
0.0
  0
VERTEX
  8
PARTICELLE
 10
   49111.214
 20
   46193.778
 30
0.0
  0
VERTEX
  8
PARTICELLE
 10
   49113.942
 20
   46192.671
 30
0.0
  0
VERTEX
  8
PARTICELLE
 10
   49114.609
 20
   46194.276
 30
0.0
  0
VERTEX
  8
PARTICELLE
 10
   49115.634
 20
   46196.726
 30
0.0
  0
VERTEX
  8
PARTICELLE
 10
   49116.108
 20
   46197.939
 30
0.0
  0
SEQEND
  8
PARTICELLE
  0
TEXT
  8
PARTICELLE
 62
7
 10
   49093.281
 20
   46166.359
 30
0.0
 40
       1.800
  1
177
 50
       0.000
  0
POLYLINE
  8
PARTICELLE
 66
1
 10
0.0
 20
0.0
 30
0.0
 70
1
  0
VERTEX
  8
PARTICELLE
 10
   49097.958
 20
   46151.062
 30
0.0
  0
VERTEX
  8
PARTICELLE
 10
   49098.954
 20
   46153.707
 30
0.0
  0
VERTEX
  8
PARTICELLE
 10
   49099.790
 20
   46155.904
 30
0.0
  0
VERTEX
  8
PARTICELLE
 10
   49101.208
 20
   46159.667
 30
0.0
  0
VERTEX
  8
PARTICELLE
 10
   49101.397
 20
   46160.146
 30
0.0
  0
VERTEX
  8
PARTICELLE
 10
   49101.923
 20
   46161.494
 30
0.0
  0
VERTEX
  8
PARTICELLE
 10
   49102.822
 20
   46163.901
 30
0.0
  0
VERTEX
  8
PARTICELLE
 10
   49103.098
 20
   46164.700
 30
0.0
  0
VERTEX
  8
PARTICELLE
 10
   49103.121
 20
   46164.756
 30
0.0
  0
VERTEX
  8
PARTICELLE
 10
   49103.307
 20
   46165.191
 30
0.0
  0
VERTEX
  8
PARTICELLE
 10
   49104.248
 20
   46167.650
 30
0.0
  0
VERTEX
  8
PARTICELLE
 10
   49105.090
 20
   46170.058
 30
0.0
  0
VERTEX
  8
PARTICELLE
 10
   49105.684
 20
   46171.587
 30
0.0
  0
VERTEX
  8
PARTICELLE
 10
   49106.623
 20
   46174.112
 30
0.0
  0
VERTEX
  8
PARTICELLE
 10
   49106.657
 20
   46174.198
 30
0.0
  0
VERTEX
  8
PARTICELLE
 10
   49107.475
 20
   46176.329
 30
0.0
  0
VERTEX
  8
PARTICELLE
 10
   49108.179
 20
   46178.256
 30
0.0
  0
VERTEX
  8
PARTICELLE
 10
   49109.003
 20
   46180.422
 30
0.0
  0
VERTEX
  8
PARTICELLE
 10
   49110.219
 20
   46183.473
 30
0.0
  0
VERTEX
  8
PARTICELLE
 10
   49107.389
 20
   46184.559
 30
0.0
  0
VERTEX
  8
PARTICELLE
 10
   49098.445
 20
   46187.836
 30
0.0
  0
VERTEX
  8
PARTICELLE
 10
   49094.156
 20
   46177.029
 30
0.0
  0
VERTEX
  8
PARTICELLE
 10
   49086.996
 20
   46158.442
 30
0.0
  0
VERTEX
  8
PARTICELLE
 10
   49083.938
 20
   46150.826
 30
0.0
  0
VERTEX
  8
PARTICELLE
 10
   49093.069
 20
   46147.172
 30
0.0
  0
VERTEX
  8
PARTICELLE
 10
   49096.104
 20
   46145.971
 30
0.0
  0
VERTEX
  8
PARTICELLE
 10
   49097.958
 20
   46151.062
 30
0.0
  0
SEQEND
  8
PARTICELLE
  0
TEXT
  8
PARTICELLE
 62
7
 10
   49133.599
 20
   45985.899
 30
0.0
 40
       1.800
  1
179
 50
      68.474
  0
POLYLINE
  8
PARTICELLE
 66
1
 10
0.0
 20
0.0
 30
0.0
 70
1
  0
VERTEX
  8
PARTICELLE
 10
   49131.280
 20
   45974.713
 30
0.0
  0
VERTEX
  8
PARTICELLE
 10
   49133.882
 20
   45981.177
 30
0.0
  0
VERTEX
  8
PARTICELLE
 10
   49135.167
 20
   45984.355
 30
0.0
  0
VERTEX
  8
PARTICELLE
 10
   49141.177
 20
   45999.223
 30
0.0
  0
VERTEX
  8
PARTICELLE
 10
   49136.541
 20
   46001.191
 30
0.0
  0
VERTEX
  8
PARTICELLE
 10
   49126.571
 20
   45976.808
 30
0.0
  0
VERTEX
  8
PARTICELLE
 10
   49131.280
 20
   45974.713
 30
0.0
  0
SEQEND
  8
PARTICELLE
  0
TEXT
  8
PARTICELLE
 62
7
 10
   48830.435
 20
   46556.091
 30
0.0
 40
       1.800
  1
18
 50
       0.000
  0
POLYLINE
  8
PARTICELLE
 66
1
 10
0.0
 20
0.0
 30
0.0
 70
1
  0
VERTEX
  8
PARTICELLE
 10
   48824.504
 20
   46550.628
 30
0.0
  0
VERTEX
  8
PARTICELLE
 10
   48826.697
 20
   46549.322
 30
0.0
  0
VERTEX
  8
PARTICELLE
 10
   48828.660
 20
   46548.138
 30
0.0
  0
VERTEX
  8
PARTICELLE
 10
   48831.457
 20
   46552.092
 30
0.0
  0
VERTEX
  8
PARTICELLE
 10
   48837.495
 20
   46560.951
 30
0.0
  0
VERTEX
  8
PARTICELLE
 10
   48833.882
 20
   46563.381
 30
0.0
  0
VERTEX
  8
PARTICELLE
 10
   48824.504
 20
   46550.628
 30
0.0
  0
SEQEND
  8
PARTICELLE
  0
TEXT
  8
PARTICELLE
 62
7
 10
   49086.977
 20
   46129.224
 30
0.0
 40
       1.800
  1
182
 50
       0.000
  0
POLYLINE
  8
PARTICELLE
 66
1
 10
0.0
 20
0.0
 30
0.0
 70
1
  0
VERTEX
  8
PARTICELLE
 10
   49071.144
 20
   46125.636
 30
0.0
  0
VERTEX
  8
PARTICELLE
 10
   49073.720
 20
   46124.451
 30
0.0
  0
VERTEX
  8
PARTICELLE
 10
   49082.096
 20
   46120.791
 30
0.0
  0
VERTEX
  8
PARTICELLE
 10
   49089.888
 20
   46117.382
 30
0.0
  0
VERTEX
  8
PARTICELLE
 10
   49091.270
 20
   46119.636
 30
0.0
  0
VERTEX
  8
PARTICELLE
 10
   49100.111
 20
   46115.635
 30
0.0
  0
VERTEX
  8
PARTICELLE
 10
   49102.520
 20
   46122.214
 30
0.0
  0
VERTEX
  8
PARTICELLE
 10
   49107.624
 20
   46135.828
 30
0.0
  0
VERTEX
  8
PARTICELLE
 10
   49104.397
 20
   46137.059
 30
0.0
  0
VERTEX
  8
PARTICELLE
 10
   49090.949
 20
   46142.657
 30
0.0
  0
VERTEX
  8
PARTICELLE
 10
   49088.475
 20
   46143.662
 30
0.0
  0
VERTEX
  8
PARTICELLE
 10
   49081.639
 20
   46146.562
 30
0.0
  0
VERTEX
  8
PARTICELLE
 10
   49079.771
 20
   46142.846
 30
0.0
  0
VERTEX
  8
PARTICELLE
 10
   49075.436
 20
   46134.187
 30
0.0
  0
VERTEX
  8
PARTICELLE
 10
   49073.897
 20
   46131.024
 30
0.0
  0
VERTEX
  8
PARTICELLE
 10
   49071.144
 20
   46125.636
 30
0.0
  0
SEQEND
  8
PARTICELLE
  0
TEXT
  8
PARTICELLE
 62
7
 10
   49069.921
 20
   46091.380
 30
0.0
 40
       1.800
  1
184
 50
       0.000
  0
POLYLINE
  8
PARTICELLE
 66
1
 10
0.0
 20
0.0
 30
0.0
 70
1
  0
VERTEX
  8
PARTICELLE
 10
   49059.251
 20
   46083.431
 30
0.0
  0
VERTEX
  8
PARTICELLE
 10
   49062.122
 20
   46080.026
 30
0.0
  0
VERTEX
  8
PARTICELLE
 10
   49067.331
 20
   46073.992
 30
0.0
  0
VERTEX
  8
PARTICELLE
 10
   49072.323
 20
   46067.956
 30
0.0
  0
VERTEX
  8
PARTICELLE
 10
   49073.265
 20
   46068.825
 30
0.0
  0
VERTEX
  8
PARTICELLE
 10
   49080.639
 20
   46074.461
 30
0.0
  0
VERTEX
  8
PARTICELLE
 10
   49080.960
 20
   46074.592
 30
0.0
  0
VERTEX
  8
PARTICELLE
 10
   49083.107
 20
   46079.378
 30
0.0
  0
VERTEX
  8
PARTICELLE
 10
   49084.961
 20
   46082.963
 30
0.0
  0
VERTEX
  8
PARTICELLE
 10
   49087.925
 20
   46088.966
 30
0.0
  0
VERTEX
  8
PARTICELLE
 10
   49077.265
 20
   46098.452
 30
0.0
  0
VERTEX
  8
PARTICELLE
 10
   49079.889
 20
   46101.510
 30
0.0
  0
VERTEX
  8
PARTICELLE
 10
   49072.185
 20
   46109.206
 30
0.0
  0
VERTEX
  8
PARTICELLE
 10
   49070.552
 20
   46111.012
 30
0.0
  0
VERTEX
  8
PARTICELLE
 10
   49071.684
 20
   46112.488
 30
0.0
  0
VERTEX
  8
PARTICELLE
 10
   49069.304
 20
   46115.277
 30
0.0
  0
VERTEX
  8
PARTICELLE
 10
   49067.195
 20
   46117.267
 30
0.0
  0
VERTEX
  8
PARTICELLE
 10
   49066.923
 20
   46116.669
 30
0.0
  0
VERTEX
  8
PARTICELLE
 10
   49066.867
 20
   46116.274
 30
0.0
  0
VERTEX
  8
PARTICELLE
 10
   49061.685
 20
   46106.310
 30
0.0
  0
VERTEX
  8
PARTICELLE
 10
   49058.545
 20
   46100.167
 30
0.0
  0
VERTEX
  8
PARTICELLE
 10
   49054.891
 20
   46096.573
 30
0.0
  0
VERTEX
  8
PARTICELLE
 10
   49053.603
 20
   46095.548
 30
0.0
  0
VERTEX
  8
PARTICELLE
 10
   49052.739
 20
   46094.966
 30
0.0
  0
VERTEX
  8
PARTICELLE
 10
   49050.633
 20
   46093.560
 30
0.0
  0
VERTEX
  8
PARTICELLE
 10
   49053.939
 20
   46089.670
 30
0.0
  0
VERTEX
  8
PARTICELLE
 10
   49055.869
 20
   46087.401
 30
0.0
  0
VERTEX
  8
PARTICELLE
 10
   49059.251
 20
   46083.431
 30
0.0
  0
SEQEND
  8
PARTICELLE
  0
TEXT
  8
PARTICELLE
 62
7
 10
   49060.127
 20
   46073.609
 30
0.0
 40
       1.800
  1
185
 50
       0.000
  0
POLYLINE
  8
PARTICELLE
 66
1
 10
0.0
 20
0.0
 30
0.0
 70
1
  0
VERTEX
  8
PARTICELLE
 10
   49058.076
 20
   46080.372
 30
0.0
  0
VERTEX
  8
PARTICELLE
 10
   49052.822
 20
   46074.586
 30
0.0
  0
VERTEX
  8
PARTICELLE
 10
   49058.651
 20
   46069.146
 30
0.0
  0
VERTEX
  8
PARTICELLE
 10
   49063.196
 20
   46063.905
 30
0.0
  0
VERTEX
  8
PARTICELLE
 10
   49065.211
 20
   46064.846
 30
0.0
  0
VERTEX
  8
PARTICELLE
 10
   49068.999
 20
   46066.483
 30
0.0
  0
VERTEX
  8
PARTICELLE
 10
   49072.323
 20
   46067.956
 30
0.0
  0
VERTEX
  8
PARTICELLE
 10
   49067.331
 20
   46073.992
 30
0.0
  0
VERTEX
  8
PARTICELLE
 10
   49062.122
 20
   46080.026
 30
0.0
  0
VERTEX
  8
PARTICELLE
 10
   49060.220
 20
   46078.246
 30
0.0
  0
VERTEX
  8
PARTICELLE
 10
   49058.076
 20
   46080.372
 30
0.0
  0
SEQEND
  8
PARTICELLE
  0
TEXT
  8
PARTICELLE
 62
7
 10
   49048.335
 20
   46066.254
 30
0.0
 40
       1.800
  1
187
 50
       0.000
  0
POLYLINE
  8
PARTICELLE
 66
1
 10
0.0
 20
0.0
 30
0.0
 70
1
  0
VERTEX
  8
PARTICELLE
 10
   49042.000
 20
   46066.888
 30
0.0
  0
VERTEX
  8
PARTICELLE
 10
   49041.316
 20
   46066.079
 30
0.0
  0
VERTEX
  8
PARTICELLE
 10
   49050.632
 20
   46060.504
 30
0.0
  0
VERTEX
  8
PARTICELLE
 10
   49052.360
 20
   46059.466
 30
0.0
  0
VERTEX
  8
PARTICELLE
 10
   49053.398
 20
   46058.763
 30
0.0
  0
VERTEX
  8
PARTICELLE
 10
   49063.196
 20
   46063.905
 30
0.0
  0
VERTEX
  8
PARTICELLE
 10
   49058.651
 20
   46069.146
 30
0.0
  0
VERTEX
  8
PARTICELLE
 10
   49052.822
 20
   46074.586
 30
0.0
  0
VERTEX
  8
PARTICELLE
 10
   49052.349
 20
   46075.019
 30
0.0
  0
VERTEX
  8
PARTICELLE
 10
   49050.169
 20
   46077.333
 30
0.0
  0
VERTEX
  8
PARTICELLE
 10
   49048.411
 20
   46075.104
 30
0.0
  0
VERTEX
  8
PARTICELLE
 10
   49046.967
 20
   46073.235
 30
0.0
  0
VERTEX
  8
PARTICELLE
 10
   49042.000
 20
   46066.888
 30
0.0
  0
SEQEND
  8
PARTICELLE
  0
TEXT
  8
PARTICELLE
 62
7
 10
   49190.133
 20
   46347.214
 30
0.0
 40
       1.800
  1
189
 50
       0.000
  0
POLYLINE
  8
PARTICELLE
 66
1
 10
0.0
 20
0.0
 30
0.0
 70
1
  0
VERTEX
  8
PARTICELLE
 10
   49198.247
 20
   46350.894
 30
0.0
  0
VERTEX
  8
PARTICELLE
 10
   49197.441
 20
   46351.410
 30
0.0
  0
VERTEX
  8
PARTICELLE
 10
   49190.588
 20
   46355.853
 30
0.0
  0
VERTEX
  8
PARTICELLE
 10
   49190.505
 20
   46355.719
 30
0.0
  0
VERTEX
  8
PARTICELLE
 10
   49184.812
 20
   46346.449
 30
0.0
  0
VERTEX
  8
PARTICELLE
 10
   49184.558
 20
   46345.929
 30
0.0
  0
VERTEX
  8
PARTICELLE
 10
   49185.252
 20
   46345.657
 30
0.0
  0
VERTEX
  8
PARTICELLE
 10
   49194.249
 20
   46341.520
 30
0.0
  0
VERTEX
  8
PARTICELLE
 10
   49198.163
 20
   46350.697
 30
0.0
  0
VERTEX
  8
PARTICELLE
 10
   49198.247
 20
   46350.894
 30
0.0
  0
SEQEND
  8
PARTICELLE
  0
TEXT
  8
PARTICELLE
 62
7
 10
   48834.247
 20
   46552.716
 30
0.0
 40
       1.800
  1
19
 50
       0.000
  0
POLYLINE
  8
PARTICELLE
 66
1
 10
0.0
 20
0.0
 30
0.0
 70
1
  0
VERTEX
  8
PARTICELLE
 10
   48831.457
 20
   46552.092
 30
0.0
  0
VERTEX
  8
PARTICELLE
 10
   48828.660
 20
   46548.138
 30
0.0
  0
VERTEX
  8
PARTICELLE
 10
   48833.684
 20
   46545.100
 30
0.0
  0
VERTEX
  8
PARTICELLE
 10
   48842.248
 20
   46557.762
 30
0.0
  0
VERTEX
  8
PARTICELLE
 10
   48837.495
 20
   46560.951
 30
0.0
  0
VERTEX
  8
PARTICELLE
 10
   48831.457
 20
   46552.092
 30
0.0
  0
SEQEND
  8
PARTICELLE
  0
TEXT
  8
PARTICELLE
 62
7
 10
   49211.514
 20
   46330.937
 30
0.0
 40
       1.800
  1
190
 50
       0.000
  0
POLYLINE
  8
PARTICELLE
 66
1
 10
0.0
 20
0.0
 30
0.0
 70
1
  0
VERTEX
  8
PARTICELLE
 10
   49204.712
 20
   46336.647
 30
0.0
  0
VERTEX
  8
PARTICELLE
 10
   49199.891
 20
   46325.381
 30
0.0
  0
VERTEX
  8
PARTICELLE
 10
   49209.892
 20
   46321.126
 30
0.0
  0
VERTEX
  8
PARTICELLE
 10
   49222.019
 20
   46316.126
 30
0.0
  0
VERTEX
  8
PARTICELLE
 10
   49224.510
 20
   46319.887
 30
0.0
  0
VERTEX
  8
PARTICELLE
 10
   49231.101
 20
   46329.437
 30
0.0
  0
VERTEX
  8
PARTICELLE
 10
   49224.086
 20
   46334.297
 30
0.0
  0
VERTEX
  8
PARTICELLE
 10
   49219.107
 20
   46337.451
 30
0.0
  0
VERTEX
  8
PARTICELLE
 10
   49209.040
 20
   46344.012
 30
0.0
  0
VERTEX
  8
PARTICELLE
 10
   49208.805
 20
   46344.164
 30
0.0
  0
VERTEX
  8
PARTICELLE
 10
   49208.151
 20
   46344.592
 30
0.0
  0
VERTEX
  8
PARTICELLE
 10
   49204.712
 20
   46336.647
 30
0.0
  0
SEQEND
  8
PARTICELLE
  0
TEXT
  8
PARTICELLE
 62
7
 10
   49229.069
 20
   46319.729
 30
0.0
 40
       1.800
  1
191
 50
       0.000
  0
POLYLINE
  8
PARTICELLE
 66
1
 10
0.0
 20
0.0
 30
0.0
 70
1
  0
VERTEX
  8
PARTICELLE
 10
   49222.019
 20
   46316.126
 30
0.0
  0
VERTEX
  8
PARTICELLE
 10
   49224.409
 20
   46315.114
 30
0.0
  0
VERTEX
  8
PARTICELLE
 10
   49233.174
 20
   46311.445
 30
0.0
  0
VERTEX
  8
PARTICELLE
 10
   49240.618
 20
   46323.258
 30
0.0
  0
VERTEX
  8
PARTICELLE
 10
   49237.846
 20
   46325.075
 30
0.0
  0
VERTEX
  8
PARTICELLE
 10
   49231.101
 20
   46329.437
 30
0.0
  0
VERTEX
  8
PARTICELLE
 10
   49224.510
 20
   46319.887
 30
0.0
  0
VERTEX
  8
PARTICELLE
 10
   49222.019
 20
   46316.126
 30
0.0
  0
SEQEND
  8
PARTICELLE
  0
TEXT
  8
PARTICELLE
 62
7
 10
   49241.561
 20
   46310.906
 30
0.0
 40
       1.800
  1
192
 50
       0.000
  0
POLYLINE
  8
PARTICELLE
 66
1
 10
0.0
 20
0.0
 30
0.0
 70
1
  0
VERTEX
  8
PARTICELLE
 10
   49249.006
 20
   46314.886
 30
0.0
  0
VERTEX
  8
PARTICELLE
 10
   49246.837
 20
   46317.587
 30
0.0
  0
VERTEX
  8
PARTICELLE
 10
   49240.618
 20
   46323.258
 30
0.0
  0
VERTEX
  8
PARTICELLE
 10
   49233.174
 20
   46311.445
 30
0.0
  0
VERTEX
  8
PARTICELLE
 10
   49233.730
 20
   46310.987
 30
0.0
  0
VERTEX
  8
PARTICELLE
 10
   49239.012
 20
   46307.946
 30
0.0
  0
VERTEX
  8
PARTICELLE
 10
   49242.433
 20
   46304.259
 30
0.0
  0
VERTEX
  8
PARTICELLE
 10
   49242.812
 20
   46302.085
 30
0.0
  0
VERTEX
  8
PARTICELLE
 10
   49246.860
 20
   46304.088
 30
0.0
  0
VERTEX
  8
PARTICELLE
 10
   49253.566
 20
   46307.616
 30
0.0
  0
VERTEX
  8
PARTICELLE
 10
   49252.953
 20
   46308.949
 30
0.0
  0
VERTEX
  8
PARTICELLE
 10
   49251.144
 20
   46312.109
 30
0.0
  0
VERTEX
  8
PARTICELLE
 10
   49249.535
 20
   46314.225
 30
0.0
  0
VERTEX
  8
PARTICELLE
 10
   49249.006
 20
   46314.886
 30
0.0
  0
SEQEND
  8
PARTICELLE
  0
TEXT
  8
PARTICELLE
 62
7
 10
   49234.846
 20
   46297.589
 30
0.0
 40
       1.800
  1
193
 50
       0.000
  0
POLYLINE
  8
PARTICELLE
 66
1
 10
0.0
 20
0.0
 30
0.0
 70
1
  0
VERTEX
  8
PARTICELLE
 10
   49194.352
 20
   46312.844
 30
0.0
  0
VERTEX
  8
PARTICELLE
 10
   49189.216
 20
   46301.116
 30
0.0
  0
VERTEX
  8
PARTICELLE
 10
   49202.810
 20
   46295.065
 30
0.0
  0
VERTEX
  8
PARTICELLE
 10
   49226.256
 20
   46284.888
 30
0.0
  0
VERTEX
  8
PARTICELLE
 10
   49228.464
 20
   46293.143
 30
0.0
  0
VERTEX
  8
PARTICELLE
 10
   49228.944
 20
   46292.973
 30
0.0
  0
VERTEX
  8
PARTICELLE
 10
   49234.864
 20
   46291.217
 30
0.0
  0
VERTEX
  8
PARTICELLE
 10
   49242.489
 20
   46288.697
 30
0.0
  0
VERTEX
  8
PARTICELLE
 10
   49247.057
 20
   46302.947
 30
0.0
  0
VERTEX
  8
PARTICELLE
 10
   49246.860
 20
   46304.088
 30
0.0
  0
VERTEX
  8
PARTICELLE
 10
   49242.812
 20
   46302.085
 30
0.0
  0
VERTEX
  8
PARTICELLE
 10
   49242.433
 20
   46304.259
 30
0.0
  0
VERTEX
  8
PARTICELLE
 10
   49239.012
 20
   46307.946
 30
0.0
  0
VERTEX
  8
PARTICELLE
 10
   49233.730
 20
   46310.987
 30
0.0
  0
VERTEX
  8
PARTICELLE
 10
   49233.174
 20
   46311.445
 30
0.0
  0
VERTEX
  8
PARTICELLE
 10
   49224.409
 20
   46315.114
 30
0.0
  0
VERTEX
  8
PARTICELLE
 10
   49222.019
 20
   46316.126
 30
0.0
  0
VERTEX
  8
PARTICELLE
 10
   49209.892
 20
   46321.126
 30
0.0
  0
VERTEX
  8
PARTICELLE
 10
   49199.891
 20
   46325.381
 30
0.0
  0
VERTEX
  8
PARTICELLE
 10
   49194.352
 20
   46312.844
 30
0.0
  0
SEQEND
  8
PARTICELLE
  0
TEXT
  8
PARTICELLE
 62
7
 10
   49236.972
 20
   46280.499
 30
0.0
 40
       1.800
  1
194
 50
       0.000
  0
POLYLINE
  8
PARTICELLE
 66
1
 10
0.0
 20
0.0
 30
0.0
 70
1
  0
VERTEX
  8
PARTICELLE
 10
   49234.864
 20
   46291.217
 30
0.0
  0
VERTEX
  8
PARTICELLE
 10
   49228.944
 20
   46292.973
 30
0.0
  0
VERTEX
  8
PARTICELLE
 10
   49228.464
 20
   46293.143
 30
0.0
  0
VERTEX
  8
PARTICELLE
 10
   49226.256
 20
   46284.888
 30
0.0
  0
VERTEX
  8
PARTICELLE
 10
   49223.281
 20
   46272.519
 30
0.0
  0
VERTEX
  8
PARTICELLE
 10
   49197.988
 20
   46282.799
 30
0.0
  0
VERTEX
  8
PARTICELLE
 10
   49202.810
 20
   46295.065
 30
0.0
  0
VERTEX
  8
PARTICELLE
 10
   49189.216
 20
   46301.116
 30
0.0
  0
VERTEX
  8
PARTICELLE
 10
   49188.067
 20
   46298.830
 30
0.0
  0
VERTEX
  8
PARTICELLE
 10
   49183.069
 20
   46285.954
 30
0.0
  0
VERTEX
  8
PARTICELLE
 10
   49180.637
 20
   46279.508
 30
0.0
  0
VERTEX
  8
PARTICELLE
 10
   49184.425
 20
   46277.823
 30
0.0
  0
VERTEX
  8
PARTICELLE
 10
   49189.618
 20
   46275.719
 30
0.0
  0
VERTEX
  8
PARTICELLE
 10
   49210.839
 20
   46267.097
 30
0.0
  0
VERTEX
  8
PARTICELLE
 10
   49232.100
 20
   46258.387
 30
0.0
  0
VERTEX
  8
PARTICELLE
 10
   49243.889
 20
   46253.638
 30
0.0
  0
VERTEX
  8
PARTICELLE
 10
   49248.598
 20
   46265.511
 30
0.0
  0
VERTEX
  8
PARTICELLE
 10
   49252.001
 20
   46274.379
 30
0.0
  0
VERTEX
  8
PARTICELLE
 10
   49253.594
 20
   46278.287
 30
0.0
  0
VERTEX
  8
PARTICELLE
 10
   49254.430
 20
   46280.414
 30
0.0
  0
VERTEX
  8
PARTICELLE
 10
   49256.142
 20
   46284.996
 30
0.0
  0
VERTEX
  8
PARTICELLE
 10
   49252.486
 20
   46285.992
 30
0.0
  0
VERTEX
  8
PARTICELLE
 10
   49254.299
 20
   46291.601
 30
0.0
  0
VERTEX
  8
PARTICELLE
 10
   49256.969
 20
   46299.868
 30
0.0
  0
VERTEX
  8
PARTICELLE
 10
   49257.397
 20
   46300.910
 30
0.0
  0
VERTEX
  8
PARTICELLE
 10
   49255.751
 20
   46301.245
 30
0.0
  0
VERTEX
  8
PARTICELLE
 10
   49255.210
 20
   46303.119
 30
0.0
  0
VERTEX
  8
PARTICELLE
 10
   49254.109
 20
   46306.117
 30
0.0
  0
VERTEX
  8
PARTICELLE
 10
   49253.566
 20
   46307.616
 30
0.0
  0
VERTEX
  8
PARTICELLE
 10
   49246.860
 20
   46304.088
 30
0.0
  0
VERTEX
  8
PARTICELLE
 10
   49247.057
 20
   46302.947
 30
0.0
  0
VERTEX
  8
PARTICELLE
 10
   49242.489
 20
   46288.697
 30
0.0
  0
VERTEX
  8
PARTICELLE
 10
   49234.864
 20
   46291.217
 30
0.0
  0
SEQEND
  8
PARTICELLE
  0
TEXT
  8
PARTICELLE
 62
7
 10
   49209.946
 20
   46283.541
 30
0.0
 40
       1.800
  1
197
 50
       0.000
  0
POLYLINE
  8
PARTICELLE
 66
1
 10
0.0
 20
0.0
 30
0.0
 70
1
  0
VERTEX
  8
PARTICELLE
 10
   49202.810
 20
   46295.065
 30
0.0
  0
VERTEX
  8
PARTICELLE
 10
   49197.988
 20
   46282.799
 30
0.0
  0
VERTEX
  8
PARTICELLE
 10
   49223.281
 20
   46272.519
 30
0.0
  0
VERTEX
  8
PARTICELLE
 10
   49226.256
 20
   46284.888
 30
0.0
  0
VERTEX
  8
PARTICELLE
 10
   49202.810
 20
   46295.065
 30
0.0
  0
SEQEND
  8
PARTICELLE
  0
TEXT
  8
PARTICELLE
 62
7
 10
   49174.421
 20
   46188.020
 30
0.0
 40
       1.800
  1
198
 50
       0.000
  0
POLYLINE
  8
PARTICELLE
 66
1
 10
0.0
 20
0.0
 30
0.0
 70
1
  0
VERTEX
  8
PARTICELLE
 10
   49115.741
 20
   46124.038
 30
0.0
  0
VERTEX
  8
PARTICELLE
 10
   49114.547
 20
   46120.904
 30
0.0
  0
VERTEX
  8
PARTICELLE
 10
   49120.361
 20
   46118.444
 30
0.0
  0
VERTEX
  8
PARTICELLE
 10
   49140.644
 20
   46110.044
 30
0.0
  0
VERTEX
  8
PARTICELLE
 10
   49154.996
 20
   46104.116
 30
0.0
  0
VERTEX
  8
PARTICELLE
 10
   49169.536
 20
   46098.222
 30
0.0
  0
VERTEX
  8
PARTICELLE
 10
   49178.742
 20
   46094.400
 30
0.0
  0
VERTEX
  8
PARTICELLE
 10
   49179.795
 20
   46093.948
 30
0.0
  0
VERTEX
  8
PARTICELLE
 10
   49180.224
 20
   46093.763
 30
0.0
  0
VERTEX
  8
PARTICELLE
 10
   49183.361
 20
   46101.341
 30
0.0
  0
VERTEX
  8
PARTICELLE
 10
   49189.338
 20
   46116.099
 30
0.0
  0
VERTEX
  8
PARTICELLE
 10
   49190.460
 20
   46118.916
 30
0.0
  0
VERTEX
  8
PARTICELLE
 10
   49190.172
 20
   46119.044
 30
0.0
  0
VERTEX
  8
PARTICELLE
 10
   49193.558
 20
   46126.700
 30
0.0
  0
VERTEX
  8
PARTICELLE
 10
   49196.822
 20
   46134.901
 30
0.0
  0
VERTEX
  8
PARTICELLE
 10
   49203.891
 20
   46152.951
 30
0.0
  0
VERTEX
  8
PARTICELLE
 10
   49210.252
 20
   46169.054
 30
0.0
  0
VERTEX
  8
PARTICELLE
 10
   49217.525
 20
   46187.285
 30
0.0
  0
VERTEX
  8
PARTICELLE
 10
   49222.407
 20
   46199.596
 30
0.0
  0
VERTEX
  8
PARTICELLE
 10
   49224.453
 20
   46204.525
 30
0.0
  0
VERTEX
  8
PARTICELLE
 10
   49231.868
 20
   46223.148
 30
0.0
  0
VERTEX
  8
PARTICELLE
 10
   49239.342
 20
   46242.184
 30
0.0
  0
VERTEX
  8
PARTICELLE
 10
   49238.858
 20
   46242.410
 30
0.0
  0
VERTEX
  8
PARTICELLE
 10
   49228.274
 20
   46246.413
 30
0.0
  0
VERTEX
  8
PARTICELLE
 10
   49226.558
 20
   46247.045
 30
0.0
  0
VERTEX
  8
PARTICELLE
 10
   49205.200
 20
   46255.246
 30
0.0
  0
VERTEX
  8
PARTICELLE
 10
   49192.096
 20
   46260.319
 30
0.0
  0
VERTEX
  8
PARTICELLE
 10
   49184.645
 20
   46262.980
 30
0.0
  0
VERTEX
  8
PARTICELLE
 10
   49174.540
 20
   46266.853
 30
0.0
  0
VERTEX
  8
PARTICELLE
 10
   49173.313
 20
   46264.031
 30
0.0
  0
VERTEX
  8
PARTICELLE
 10
   49171.209
 20
   46258.900
 30
0.0
  0
VERTEX
  8
PARTICELLE
 10
   49168.676
 20
   46253.073
 30
0.0
  0
VERTEX
  8
PARTICELLE
 10
   49165.489
 20
   46245.934
 30
0.0
  0
VERTEX
  8
PARTICELLE
 10
   49163.309
 20
   46240.805
 30
0.0
  0
VERTEX
  8
PARTICELLE
 10
   49160.093
 20
   46233.205
 30
0.0
  0
VERTEX
  8
PARTICELLE
 10
   49159.398
 20
   46231.433
 30
0.0
  0
VERTEX
  8
PARTICELLE
 10
   49153.928
 20
   46218.465
 30
0.0
  0
VERTEX
  8
PARTICELLE
 10
   49150.721
 20
   46210.968
 30
0.0
  0
VERTEX
  8
PARTICELLE
 10
   49148.366
 20
   46205.324
 30
0.0
  0
VERTEX
  8
PARTICELLE
 10
   49142.815
 20
   46192.592
 30
0.0
  0
VERTEX
  8
PARTICELLE
 10
   49137.547
 20
   46180.145
 30
0.0
  0
VERTEX
  8
PARTICELLE
 10
   49135.362
 20
   46174.443
 30
0.0
  0
VERTEX
  8
PARTICELLE
 10
   49131.526
 20
   46164.676
 30
0.0
  0
VERTEX
  8
PARTICELLE
 10
   49128.560
 20
   46157.496
 30
0.0
  0
VERTEX
  8
PARTICELLE
 10
   49127.734
 20
   46155.005
 30
0.0
  0
VERTEX
  8
PARTICELLE
 10
   49125.979
 20
   46150.378
 30
0.0
  0
VERTEX
  8
PARTICELLE
 10
   49121.507
 20
   46138.750
 30
0.0
  0
VERTEX
  8
PARTICELLE
 10
   49119.568
 20
   46133.934
 30
0.0
  0
VERTEX
  8
PARTICELLE
 10
   49118.276
 20
   46130.384
 30
0.0
  0
VERTEX
  8
PARTICELLE
 10
   49115.741
 20
   46124.038
 30
0.0
  0
SEQEND
  8
PARTICELLE
  0
TEXT
  8
PARTICELLE
 62
7
 10
   49166.630
 20
   46077.989
 30
0.0
 40
       1.800
  1
199
 50
       0.000
  0
POLYLINE
  8
PARTICELLE
 66
1
 10
0.0
 20
0.0
 30
0.0
 70
1
  0
VERTEX
  8
PARTICELLE
 10
   49173.155
 20
   46078.137
 30
0.0
  0
VERTEX
  8
PARTICELLE
 10
   49175.477
 20
   46083.637
 30
0.0
  0
VERTEX
  8
PARTICELLE
 10
   49172.899
 20
   46084.760
 30
0.0
  0
VERTEX
  8
PARTICELLE
 10
   49167.297
 20
   46086.733
 30
0.0
  0
VERTEX
  8
PARTICELLE
 10
   49165.055
 20
   46080.869
 30
0.0
  0
VERTEX
  8
PARTICELLE
 10
   49164.121
 20
   46078.404
 30
0.0
  0
VERTEX
  8
PARTICELLE
 10
   49162.667
 20
   46074.359
 30
0.0
  0
VERTEX
  8
PARTICELLE
 10
   49170.557
 20
   46071.472
 30
0.0
  0
VERTEX
  8
PARTICELLE
 10
   49173.155
 20
   46078.137
 30
0.0
  0
SEQEND
  8
PARTICELLE
  0
TEXT
  8
PARTICELLE
 62
7
 10
   48779.401
 20
   46584.451
 30
0.0
 40
       1.800
  1
2
 50
       0.000
  0
POLYLINE
  8
PARTICELLE
 66
1
 10
0.0
 20
0.0
 30
0.0
 70
1
  0
VERTEX
  8
PARTICELLE
 10
   48770.896
 20
   46596.862
 30
0.0
  0
VERTEX
  8
PARTICELLE
 10
   48770.466
 20
   46593.756
 30
0.0
  0
VERTEX
  8
PARTICELLE
 10
   48770.938
 20
   46592.181
 30
0.0
  0
VERTEX
  8
PARTICELLE
 10
   48774.506
 20
   46583.099
 30
0.0
  0
VERTEX
  8
PARTICELLE
 10
   48778.934
 20
   46571.889
 30
0.0
  0
VERTEX
  8
PARTICELLE
 10
   48782.167
 20
   46563.671
 30
0.0
  0
VERTEX
  8
PARTICELLE
 10
   48782.373
 20
   46562.888
 30
0.0
  0
VERTEX
  8
PARTICELLE
 10
   48788.991
 20
   46568.761
 30
0.0
  0
VERTEX
  8
PARTICELLE
 10
   48786.337
 20
   46571.395
 30
0.0
  0
VERTEX
  8
PARTICELLE
 10
   48788.511
 20
   46574.890
 30
0.0
  0
VERTEX
  8
PARTICELLE
 10
   48790.018
 20
   46577.372
 30
0.0
  0
VERTEX
  8
PARTICELLE
 10
   48792.961
 20
   46582.130
 30
0.0
  0
VERTEX
  8
PARTICELLE
 10
   48794.341
 20
   46584.307
 30
0.0
  0
VERTEX
  8
PARTICELLE
 10
   48788.307
 20
   46586.362
 30
0.0
  0
VERTEX
  8
PARTICELLE
 10
   48788.780
 20
   46590.930
 30
0.0
  0
VERTEX
  8
PARTICELLE
 10
   48789.035
 20
   46593.507
 30
0.0
  0
VERTEX
  8
PARTICELLE
 10
   48781.062
 20
   46598.567
 30
0.0
  0
VERTEX
  8
PARTICELLE
 10
   48774.525
 20
   46602.808
 30
0.0
  0
VERTEX
  8
PARTICELLE
 10
   48770.896
 20
   46596.862
 30
0.0
  0
SEQEND
  8
PARTICELLE
  0
TEXT
  8
PARTICELLE
 62
7
 10
   48839.205
 20
   46550.279
 30
0.0
 40
       1.800
  1
20
 50
       0.000
  0
POLYLINE
  8
PARTICELLE
 66
1
 10
0.0
 20
0.0
 30
0.0
 70
1
  0
VERTEX
  8
PARTICELLE
 10
   48833.684
 20
   46545.100
 30
0.0
  0
VERTEX
  8
PARTICELLE
 10
   48837.943
 20
   46542.484
 30
0.0
  0
VERTEX
  8
PARTICELLE
 10
   48846.376
 20
   46555.017
 30
0.0
  0
VERTEX
  8
PARTICELLE
 10
   48842.248
 20
   46557.762
 30
0.0
  0
VERTEX
  8
PARTICELLE
 10
   48833.684
 20
   46545.100
 30
0.0
  0
SEQEND
  8
PARTICELLE
  0
TEXT
  8
PARTICELLE
 62
7
 10
   49148.904
 20
   46085.175
 30
0.0
 40
       1.200
  1
201
 50
       0.000
  0
POLYLINE
  8
PARTICELLE
 66
1
 10
0.0
 20
0.0
 30
0.0
 70
1
  0
VERTEX
  8
PARTICELLE
 10
   49161.878
 20
   46074.654
 30
0.0
  0
VERTEX
  8
PARTICELLE
 10
   49162.667
 20
   46074.359
 30
0.0
  0
VERTEX
  8
PARTICELLE
 10
   49164.121
 20
   46078.404
 30
0.0
  0
VERTEX
  8
PARTICELLE
 10
   49165.055
 20
   46080.869
 30
0.0
  0
VERTEX
  8
PARTICELLE
 10
   49167.297
 20
   46086.733
 30
0.0
  0
VERTEX
  8
PARTICELLE
 10
   49165.507
 20
   46087.383
 30
0.0
  0
VERTEX
  8
PARTICELLE
 10
   49162.319
 20
   46088.533
 30
0.0
  0
VERTEX
  8
PARTICELLE
 10
   49157.384
 20
   46090.452
 30
0.0
  0
VERTEX
  8
PARTICELLE
 10
   49139.744
 20
   46097.198
 30
0.0
  0
VERTEX
  8
PARTICELLE
 10
   49137.182
 20
   46089.428
 30
0.0
  0
VERTEX
  8
PARTICELLE
 10
   49136.611
 20
   46087.801
 30
0.0
  0
VERTEX
  8
PARTICELLE
 10
   49134.659
 20
   46082.522
 30
0.0
  0
VERTEX
  8
PARTICELLE
 10
   49138.208
 20
   46080.463
 30
0.0
  0
VERTEX
  8
PARTICELLE
 10
   49141.264
 20
   46078.692
 30
0.0
  0
VERTEX
  8
PARTICELLE
 10
   49145.208
 20
   46076.404
 30
0.0
  0
VERTEX
  8
PARTICELLE
 10
   49150.003
 20
   46073.577
 30
0.0
  0
VERTEX
  8
PARTICELLE
 10
   49151.632
 20
   46072.616
 30
0.0
  0
VERTEX
  8
PARTICELLE
 10
   49155.887
 20
   46070.254
 30
0.0
  0
VERTEX
  8
PARTICELLE
 10
   49157.637
 20
   46069.228
 30
0.0
  0
VERTEX
  8
PARTICELLE
 10
   49159.348
 20
   46068.239
 30
0.0
  0
VERTEX
  8
PARTICELLE
 10
   49159.714
 20
   46069.106
 30
0.0
  0
VERTEX
  8
PARTICELLE
 10
   49161.878
 20
   46074.654
 30
0.0
  0
SEQEND
  8
PARTICELLE
  0
TEXT
  8
PARTICELLE
 62
7
 10
   49163.065
 20
   46069.755
 30
0.0
 40
       1.800
  1
202
 50
       0.000
  0
POLYLINE
  8
PARTICELLE
 66
1
 10
0.0
 20
0.0
 30
0.0
 70
1
  0
VERTEX
  8
PARTICELLE
 10
   49161.878
 20
   46074.654
 30
0.0
  0
VERTEX
  8
PARTICELLE
 10
   49159.714
 20
   46069.106
 30
0.0
  0
VERTEX
  8
PARTICELLE
 10
   49168.378
 20
   46066.000
 30
0.0
  0
VERTEX
  8
PARTICELLE
 10
   49170.557
 20
   46071.472
 30
0.0
  0
VERTEX
  8
PARTICELLE
 10
   49162.667
 20
   46074.359
 30
0.0
  0
VERTEX
  8
PARTICELLE
 10
   49161.878
 20
   46074.654
 30
0.0
  0
SEQEND
  8
PARTICELLE
  0
TEXT
  8
PARTICELLE
 62
7
 10
   49157.876
 20
   46057.118
 30
0.0
 40
       1.800
  1
203
 50
       0.000
  0
POLYLINE
  8
PARTICELLE
 66
1
 10
0.0
 20
0.0
 30
0.0
 70
1
  0
VERTEX
  8
PARTICELLE
 10
   49157.310
 20
   46063.382
 30
0.0
  0
VERTEX
  8
PARTICELLE
 10
   49152.055
 20
   46051.446
 30
0.0
  0
VERTEX
  8
PARTICELLE
 10
   49160.998
 20
   46047.862
 30
0.0
  0
VERTEX
  8
PARTICELLE
 10
   49164.165
 20
   46055.647
 30
0.0
  0
VERTEX
  8
PARTICELLE
 10
   49168.378
 20
   46066.000
 30
0.0
  0
VERTEX
  8
PARTICELLE
 10
   49159.714
 20
   46069.106
 30
0.0
  0
VERTEX
  8
PARTICELLE
 10
   49159.348
 20
   46068.239
 30
0.0
  0
VERTEX
  8
PARTICELLE
 10
   49157.310
 20
   46063.382
 30
0.0
  0
SEQEND
  8
PARTICELLE
  0
TEXT
  8
PARTICELLE
 62
7
 10
   49153.306
 20
   46047.135
 30
0.0
 40
       1.800
  1
204
 50
       0.000
  0
POLYLINE
  8
PARTICELLE
 66
1
 10
0.0
 20
0.0
 30
0.0
 70
1
  0
VERTEX
  8
PARTICELLE
 10
   49152.055
 20
   46051.446
 30
0.0
  0
VERTEX
  8
PARTICELLE
 10
   49150.719
 20
   46046.930
 30
0.0
  0
VERTEX
  8
PARTICELLE
 10
   49159.163
 20
   46043.599
 30
0.0
  0
VERTEX
  8
PARTICELLE
 10
   49160.998
 20
   46047.862
 30
0.0
  0
VERTEX
  8
PARTICELLE
 10
   49152.055
 20
   46051.446
 30
0.0
  0
SEQEND
  8
PARTICELLE
  0
TEXT
  8
PARTICELLE
 62
7
 10
   49152.752
 20
   46042.496
 30
0.0
 40
       1.800
  1
205
 50
       0.000
  0
POLYLINE
  8
PARTICELLE
 66
1
 10
0.0
 20
0.0
 30
0.0
 70
1
  0
VERTEX
  8
PARTICELLE
 10
   49150.719
 20
   46046.930
 30
0.0
  0
VERTEX
  8
PARTICELLE
 10
   49149.559
 20
   46042.928
 30
0.0
  0
VERTEX
  8
PARTICELLE
 10
   49157.511
 20
   46039.976
 30
0.0
  0
VERTEX
  8
PARTICELLE
 10
   49157.732
 20
   46040.472
 30
0.0
  0
VERTEX
  8
PARTICELLE
 10
   49159.163
 20
   46043.599
 30
0.0
  0
VERTEX
  8
PARTICELLE
 10
   49150.719
 20
   46046.930
 30
0.0
  0
SEQEND
  8
PARTICELLE
  0
TEXT
  8
PARTICELLE
 62
7
 10
   49149.064
 20
   46032.412
 30
0.0
 40
       1.800
  1
206
 50
       0.000
  0
POLYLINE
  8
PARTICELLE
 66
1
 10
0.0
 20
0.0
 30
0.0
 70
1
  0
VERTEX
  8
PARTICELLE
 10
   49147.221
 20
   46034.918
 30
0.0
  0
VERTEX
  8
PARTICELLE
 10
   49144.054
 20
   46028.318
 30
0.0
  0
VERTEX
  8
PARTICELLE
 10
   49148.557
 20
   46025.958
 30
0.0
  0
VERTEX
  8
PARTICELLE
 10
   49150.990
 20
   46024.839
 30
0.0
  0
VERTEX
  8
PARTICELLE
 10
   49156.234
 20
   46036.987
 30
0.0
  0
VERTEX
  8
PARTICELLE
 10
   49156.999
 20
   46038.760
 30
0.0
  0
VERTEX
  8
PARTICELLE
 10
   49157.351
 20
   46039.574
 30
0.0
  0
VERTEX
  8
PARTICELLE
 10
   49157.511
 20
   46039.976
 30
0.0
  0
VERTEX
  8
PARTICELLE
 10
   49149.559
 20
   46042.928
 30
0.0
  0
VERTEX
  8
PARTICELLE
 10
   49147.221
 20
   46034.918
 30
0.0
  0
SEQEND
  8
PARTICELLE
  0
TEXT
  8
PARTICELLE
 62
7
 10
   49134.399
 20
   46055.568
 30
0.0
 40
       1.200
  1
207
 50
       0.000
  0
POLYLINE
  8
PARTICELLE
 66
1
 10
0.0
 20
0.0
 30
0.0
 70
1
  0
VERTEX
  8
PARTICELLE
 10
   49104.856
 20
   46071.411
 30
0.0
  0
VERTEX
  8
PARTICELLE
 10
   49101.998
 20
   46069.128
 30
0.0
  0
VERTEX
  8
PARTICELLE
 10
   49111.408
 20
   46055.077
 30
0.0
  0
VERTEX
  8
PARTICELLE
 10
   49115.473
 20
   46049.073
 30
0.0
  0
VERTEX
  8
PARTICELLE
 10
   49116.075
 20
   46050.300
 30
0.0
  0
VERTEX
  8
PARTICELLE
 10
   49117.102
 20
   46052.918
 30
0.0
  0
VERTEX
  8
PARTICELLE
 10
   49125.671
 20
   46047.758
 30
0.0
  0
VERTEX
  8
PARTICELLE
 10
   49139.504
 20
   46039.527
 30
0.0
  0
VERTEX
  8
PARTICELLE
 10
   49144.345
 20
   46036.677
 30
0.0
  0
VERTEX
  8
PARTICELLE
 10
   49147.221
 20
   46034.918
 30
0.0
  0
VERTEX
  8
PARTICELLE
 10
   49149.559
 20
   46042.928
 30
0.0
  0
VERTEX
  8
PARTICELLE
 10
   49150.719
 20
   46046.930
 30
0.0
  0
VERTEX
  8
PARTICELLE
 10
   49152.055
 20
   46051.446
 30
0.0
  0
VERTEX
  8
PARTICELLE
 10
   49157.310
 20
   46063.382
 30
0.0
  0
VERTEX
  8
PARTICELLE
 10
   49159.348
 20
   46068.239
 30
0.0
  0
VERTEX
  8
PARTICELLE
 10
   49157.637
 20
   46069.228
 30
0.0
  0
VERTEX
  8
PARTICELLE
 10
   49155.887
 20
   46070.254
 30
0.0
  0
VERTEX
  8
PARTICELLE
 10
   49151.632
 20
   46072.616
 30
0.0
  0
VERTEX
  8
PARTICELLE
 10
   49150.003
 20
   46073.577
 30
0.0
  0
VERTEX
  8
PARTICELLE
 10
   49145.208
 20
   46076.404
 30
0.0
  0
VERTEX
  8
PARTICELLE
 10
   49141.264
 20
   46078.692
 30
0.0
  0
VERTEX
  8
PARTICELLE
 10
   49138.208
 20
   46080.463
 30
0.0
  0
VERTEX
  8
PARTICELLE
 10
   49134.659
 20
   46082.522
 30
0.0
  0
VERTEX
  8
PARTICELLE
 10
   49133.106
 20
   46083.439
 30
0.0
  0
VERTEX
  8
PARTICELLE
 10
   49124.506
 20
   46088.524
 30
0.0
  0
VERTEX
  8
PARTICELLE
 10
   49123.019
 20
   46087.296
 30
0.0
  0
VERTEX
  8
PARTICELLE
 10
   49108.888
 20
   46074.882
 30
0.0
  0
VERTEX
  8
PARTICELLE
 10
   49104.856
 20
   46071.411
 30
0.0
  0
SEQEND
  8
PARTICELLE
  0
TEXT
  8
PARTICELLE
 62
7
 10
   49104.876
 20
   46089.301
 30
0.0
 40
       1.800
  1
209
 50
       0.000
  0
POLYLINE
  8
PARTICELLE
 66
1
 10
0.0
 20
0.0
 30
0.0
 70
1
  0
VERTEX
  8
PARTICELLE
 10
   49102.395
 20
   46091.654
 30
0.0
  0
VERTEX
  8
PARTICELLE
 10
   49099.755
 20
   46085.744
 30
0.0
  0
VERTEX
  8
PARTICELLE
 10
   49105.702
 20
   46080.473
 30
0.0
  0
VERTEX
  8
PARTICELLE
 10
   49108.399
 20
   46082.764
 30
0.0
  0
VERTEX
  8
PARTICELLE
 10
   49112.983
 20
   46087.041
 30
0.0
  0
VERTEX
  8
PARTICELLE
 10
   49115.399
 20
   46089.976
 30
0.0
  0
VERTEX
  8
PARTICELLE
 10
   49116.621
 20
   46091.944
 30
0.0
  0
VERTEX
  8
PARTICELLE
 10
   49123.449
 20
   46104.075
 30
0.0
  0
VERTEX
  8
PARTICELLE
 10
   49110.133
 20
   46109.488
 30
0.0
  0
VERTEX
  8
PARTICELLE
 10
   49104.854
 20
   46097.198
 30
0.0
  0
VERTEX
  8
PARTICELLE
 10
   49102.395
 20
   46091.654
 30
0.0
  0
SEQEND
  8
PARTICELLE
  0
TEXT
  8
PARTICELLE
 62
7
 10
   48826.522
 20
   46528.982
 30
0.0
 40
       1.800
  1
21
 50
       0.000
  0
POLYLINE
  8
PARTICELLE
 66
1
 10
0.0
 20
0.0
 30
0.0
 70
1
  0
VERTEX
  8
PARTICELLE
 10
   48819.994
 20
   46530.381
 30
0.0
  0
VERTEX
  8
PARTICELLE
 10
   48818.994
 20
   46528.635
 30
0.0
  0
VERTEX
  8
PARTICELLE
 10
   48830.756
 20
   46521.508
 30
0.0
  0
VERTEX
  8
PARTICELLE
 10
   48837.565
 20
   46530.867
 30
0.0
  0
VERTEX
  8
PARTICELLE
 10
   48840.635
 20
   46535.136
 30
0.0
  0
VERTEX
  8
PARTICELLE
 10
   48837.044
 20
   46537.362
 30
0.0
  0
VERTEX
  8
PARTICELLE
 10
   48828.629
 20
   46542.381
 30
0.0
  0
VERTEX
  8
PARTICELLE
 10
   48825.756
 20
   46538.253
 30
0.0
  0
VERTEX
  8
PARTICELLE
 10
   48819.994
 20
   46530.381
 30
0.0
  0
SEQEND
  8
PARTICELLE
  0
TEXT
  8
PARTICELLE
 62
7
 10
   49092.425
 20
   45899.328
 30
0.0
 40
       1.200
  1
210
 50
       0.000
  0
POLYLINE
  8
PARTICELLE
 66
1
 10
0.0
 20
0.0
 30
0.0
 70
1
  0
VERTEX
  8
PARTICELLE
 10
   49096.003
 20
   45888.298
 30
0.0
  0
VERTEX
  8
PARTICELLE
 10
   49096.037
 20
   45888.286
 30
0.0
  0
VERTEX
  8
PARTICELLE
 10
   49099.685
 20
   45897.731
 30
0.0
  0
VERTEX
  8
PARTICELLE
 10
   49102.575
 20
   45905.186
 30
0.0
  0
VERTEX
  8
PARTICELLE
 10
   49102.994
 20
   45905.074
 30
0.0
  0
VERTEX
  8
PARTICELLE
 10
   49102.588
 20
   45905.268
 30
0.0
  0
VERTEX
  8
PARTICELLE
 10
   49102.202
 20
   45905.452
 30
0.0
  0
VERTEX
  8
PARTICELLE
 10
   49099.424
 20
   45906.503
 30
0.0
  0
VERTEX
  8
PARTICELLE
 10
   49092.826
 20
   45908.920
 30
0.0
  0
VERTEX
  8
PARTICELLE
 10
   49088.799
 20
   45910.377
 30
0.0
  0
VERTEX
  8
PARTICELLE
 10
   49085.601
 20
   45902.137
 30
0.0
  0
VERTEX
  8
PARTICELLE
 10
   49082.357
 20
   45893.182
 30
0.0
  0
VERTEX
  8
PARTICELLE
 10
   49096.003
 20
   45888.298
 30
0.0
  0
SEQEND
  8
PARTICELLE
  0
TEXT
  8
PARTICELLE
 62
7
 10
   49093.223
 20
   46046.201
 30
0.0
 40
       1.800
  1
211
 50
       0.000
  0
POLYLINE
  8
PARTICELLE
 66
1
 10
0.0
 20
0.0
 30
0.0
 70
1
  0
VERTEX
  8
PARTICELLE
 10
   49062.927
 20
   46046.210
 30
0.0
  0
VERTEX
  8
PARTICELLE
 10
   49058.999
 20
   46043.891
 30
0.0
  0
VERTEX
  8
PARTICELLE
 10
   49062.889
 20
   46042.228
 30
0.0
  0
VERTEX
  8
PARTICELLE
 10
   49064.807
 20
   46041.408
 30
0.0
  0
VERTEX
  8
PARTICELLE
 10
   49077.252
 20
   46036.128
 30
0.0
  0
VERTEX
  8
PARTICELLE
 10
   49087.689
 20
   46031.936
 30
0.0
  0
VERTEX
  8
PARTICELLE
 10
   49106.008
 20
   46024.149
 30
0.0
  0
VERTEX
  8
PARTICELLE
 10
   49111.950
 20
   46032.577
 30
0.0
  0
VERTEX
  8
PARTICELLE
 10
   49116.578
 20
   46041.801
 30
0.0
  0
VERTEX
  8
PARTICELLE
 10
   49117.962
 20
   46045.413
 30
0.0
  0
VERTEX
  8
PARTICELLE
 10
   49116.409
 20
   46047.623
 30
0.0
  0
VERTEX
  8
PARTICELLE
 10
   49115.473
 20
   46049.073
 30
0.0
  0
VERTEX
  8
PARTICELLE
 10
   49111.408
 20
   46055.077
 30
0.0
  0
VERTEX
  8
PARTICELLE
 10
   49101.998
 20
   46069.128
 30
0.0
  0
VERTEX
  8
PARTICELLE
 10
   49101.081
 20
   46068.638
 30
0.0
  0
VERTEX
  8
PARTICELLE
 10
   49093.511
 20
   46064.217
 30
0.0
  0
VERTEX
  8
PARTICELLE
 10
   49074.722
 20
   46053.244
 30
0.0
  0
VERTEX
  8
PARTICELLE
 10
   49062.927
 20
   46046.210
 30
0.0
  0
SEQEND
  8
PARTICELLE
  0
TEXT
  8
PARTICELLE
 62
7
 10
   49132.446
 20
   46025.411
 30
0.0
 40
       1.800
  1
212
 50
       0.000
  0
POLYLINE
  8
PARTICELLE
 66
1
 10
0.0
 20
0.0
 30
0.0
 70
1
  0
VERTEX
  8
PARTICELLE
 10
   49111.950
 20
   46032.577
 30
0.0
  0
VERTEX
  8
PARTICELLE
 10
   49106.008
 20
   46024.149
 30
0.0
  0
VERTEX
  8
PARTICELLE
 10
   49123.460
 20
   46016.861
 30
0.0
  0
VERTEX
  8
PARTICELLE
 10
   49134.781
 20
   46012.163
 30
0.0
  0
VERTEX
  8
PARTICELLE
 10
   49144.816
 20
   46008.081
 30
0.0
  0
VERTEX
  8
PARTICELLE
 10
   49147.376
 20
   46013.585
 30
0.0
  0
VERTEX
  8
PARTICELLE
 10
   49152.304
 20
   46024.192
 30
0.0
  0
VERTEX
  8
PARTICELLE
 10
   49150.990
 20
   46024.839
 30
0.0
  0
VERTEX
  8
PARTICELLE
 10
   49148.557
 20
   46025.958
 30
0.0
  0
VERTEX
  8
PARTICELLE
 10
   49144.054
 20
   46028.318
 30
0.0
  0
VERTEX
  8
PARTICELLE
 10
   49147.221
 20
   46034.918
 30
0.0
  0
VERTEX
  8
PARTICELLE
 10
   49144.345
 20
   46036.677
 30
0.0
  0
VERTEX
  8
PARTICELLE
 10
   49139.504
 20
   46039.527
 30
0.0
  0
VERTEX
  8
PARTICELLE
 10
   49125.671
 20
   46047.758
 30
0.0
  0
VERTEX
  8
PARTICELLE
 10
   49117.102
 20
   46052.918
 30
0.0
  0
VERTEX
  8
PARTICELLE
 10
   49116.075
 20
   46050.300
 30
0.0
  0
VERTEX
  8
PARTICELLE
 10
   49115.473
 20
   46049.073
 30
0.0
  0
VERTEX
  8
PARTICELLE
 10
   49116.409
 20
   46047.623
 30
0.0
  0
VERTEX
  8
PARTICELLE
 10
   49117.962
 20
   46045.413
 30
0.0
  0
VERTEX
  8
PARTICELLE
 10
   49116.578
 20
   46041.801
 30
0.0
  0
VERTEX
  8
PARTICELLE
 10
   49111.950
 20
   46032.577
 30
0.0
  0
SEQEND
  8
PARTICELLE
  0
TEXT
  8
PARTICELLE
 62
7
 10
   48873.973
 20
   46516.484
 30
0.0
 40
       1.800
  1
213
 50
      53.174
  0
POLYLINE
  8
PARTICELLE
 66
1
 10
0.0
 20
0.0
 30
0.0
 70
1
  0
VERTEX
  8
PARTICELLE
 10
   48867.262
 20
   46512.251
 30
0.0
  0
VERTEX
  8
PARTICELLE
 10
   48869.252
 20
   46506.771
 30
0.0
  0
VERTEX
  8
PARTICELLE
 10
   48884.653
 20
   46529.226
 30
0.0
  0
VERTEX
  8
PARTICELLE
 10
   48881.459
 20
   46531.398
 30
0.0
  0
VERTEX
  8
PARTICELLE
 10
   48867.262
 20
   46512.251
 30
0.0
  0
SEQEND
  8
PARTICELLE
  0
TEXT
  8
PARTICELLE
 62
7
 10
   48908.126
 20
   46529.376
 30
0.0
 40
       1.200
  1
214
 50
       0.000
  0
POLYLINE
  8
PARTICELLE
 66
1
 10
0.0
 20
0.0
 30
0.0
 70
1
  0
VERTEX
  8
PARTICELLE
 10
   48900.510
 20
   46525.464
 30
0.0
  0
VERTEX
  8
PARTICELLE
 10
   48908.579
 20
   46519.987
 30
0.0
  0
VERTEX
  8
PARTICELLE
 10
   48916.431
 20
   46531.785
 30
0.0
  0
VERTEX
  8
PARTICELLE
 10
   48920.000
 20
   46536.794
 30
0.0
  0
VERTEX
  8
PARTICELLE
 10
   48915.307
 20
   46540.015
 30
0.0
  0
VERTEX
  8
PARTICELLE
 10
   48911.756
 20
   46542.371
 30
0.0
  0
VERTEX
  8
PARTICELLE
 10
   48908.369
 20
   46537.273
 30
0.0
  0
VERTEX
  8
PARTICELLE
 10
   48900.510
 20
   46525.464
 30
0.0
  0
SEQEND
  8
PARTICELLE
  0
TEXT
  8
PARTICELLE
 62
7
 10
   48855.299
 20
   46478.911
 30
0.0
 40
       1.200
  1
215
 50
       0.000
  0
POLYLINE
  8
PARTICELLE
 66
1
 10
0.0
 20
0.0
 30
0.0
 70
1
  0
VERTEX
  8
PARTICELLE
 10
   48852.364
 20
   46472.540
 30
0.0
  0
VERTEX
  8
PARTICELLE
 10
   48852.332
 20
   46472.030
 30
0.0
  0
VERTEX
  8
PARTICELLE
 10
   48855.238
 20
   46470.315
 30
0.0
  0
VERTEX
  8
PARTICELLE
 10
   48862.601
 20
   46480.095
 30
0.0
  0
VERTEX
  8
PARTICELLE
 10
   48871.885
 20
   46492.763
 30
0.0
  0
VERTEX
  8
PARTICELLE
 10
   48867.131
 20
   46495.629
 30
0.0
  0
VERTEX
  8
PARTICELLE
 10
   48865.734
 20
   46495.549
 30
0.0
  0
VERTEX
  8
PARTICELLE
 10
   48862.808
 20
   46492.037
 30
0.0
  0
VERTEX
  8
PARTICELLE
 10
   48855.846
 20
   46488.274
 30
0.0
  0
VERTEX
  8
PARTICELLE
 10
   48855.285
 20
   46487.494
 30
0.0
  0
VERTEX
  8
PARTICELLE
 10
   48854.905
 20
   46486.843
 30
0.0
  0
VERTEX
  8
PARTICELLE
 10
   48852.364
 20
   46472.540
 30
0.0
  0
SEQEND
  8
PARTICELLE
  0
TEXT
  8
PARTICELLE
 62
7
 10
   48791.815
 20
   46553.133
 30
0.0
 40
       1.800
  1
216
 50
      42.402
  0
POLYLINE
  8
PARTICELLE
 66
1
 10
0.0
 20
0.0
 30
0.0
 70
1
  0
VERTEX
  8
PARTICELLE
 10
   48787.929
 20
   46553.843
 30
0.0
  0
VERTEX
  8
PARTICELLE
 10
   48790.501
 20
   46549.761
 30
0.0
  0
VERTEX
  8
PARTICELLE
 10
   48794.836
 20
   46553.610
 30
0.0
  0
VERTEX
  8
PARTICELLE
 10
   48798.287
 20
   46556.883
 30
0.0
  0
VERTEX
  8
PARTICELLE
 10
   48795.011
 20
   46560.232
 30
0.0
  0
VERTEX
  8
PARTICELLE
 10
   48793.841
 20
   46559.242
 30
0.0
  0
VERTEX
  8
PARTICELLE
 10
   48787.929
 20
   46553.843
 30
0.0
  0
SEQEND
  8
PARTICELLE
  0
TEXT
  8
PARTICELLE
 62
7
 10
   48799.588
 20
   46550.715
 30
0.0
 40
       1.800
  1
217
 50
     315.437
  0
POLYLINE
  8
PARTICELLE
 66
1
 10
0.0
 20
0.0
 30
0.0
 70
1
  0
VERTEX
  8
PARTICELLE
 10
   48798.287
 20
   46556.883
 30
0.0
  0
VERTEX
  8
PARTICELLE
 10
   48794.836
 20
   46553.610
 30
0.0
  0
VERTEX
  8
PARTICELLE
 10
   48797.965
 20
   46550.007
 30
0.0
  0
VERTEX
  8
PARTICELLE
 10
   48797.054
 20
   46549.033
 30
0.0
  0
VERTEX
  8
PARTICELLE
 10
   48801.739
 20
   46543.381
 30
0.0
  0
VERTEX
  8
PARTICELLE
 10
   48802.993
 20
   46544.872
 30
0.0
  0
VERTEX
  8
PARTICELLE
 10
   48804.247
 20
   46543.618
 30
0.0
  0
VERTEX
  8
PARTICELLE
 10
   48807.502
 20
   46547.253
 30
0.0
  0
VERTEX
  8
PARTICELLE
 10
   48798.287
 20
   46556.883
 30
0.0
  0
SEQEND
  8
PARTICELLE
  0
TEXT
  8
PARTICELLE
 62
7
 10
   48801.011
 20
   46539.075
 30
0.0
 40
       1.200
  1
218
 50
      50.080
  0
POLYLINE
  8
PARTICELLE
 66
1
 10
0.0
 20
0.0
 30
0.0
 70
1
  0
VERTEX
  8
PARTICELLE
 10
   48799.652
 20
   46558.143
 30
0.0
  0
VERTEX
  8
PARTICELLE
 10
   48798.287
 20
   46556.883
 30
0.0
  0
VERTEX
  8
PARTICELLE
 10
   48807.502
 20
   46547.253
 30
0.0
  0
VERTEX
  8
PARTICELLE
 10
   48804.247
 20
   46543.618
 30
0.0
  0
VERTEX
  8
PARTICELLE
 10
   48802.993
 20
   46544.872
 30
0.0
  0
VERTEX
  8
PARTICELLE
 10
   48801.739
 20
   46543.381
 30
0.0
  0
VERTEX
  8
PARTICELLE
 10
   48798.501
 20
   46539.143
 30
0.0
  0
VERTEX
  8
PARTICELLE
 10
   48800.247
 20
   46536.761
 30
0.0
  0
VERTEX
  8
PARTICELLE
 10
   48801.247
 20
   46538.126
 30
0.0
  0
VERTEX
  8
PARTICELLE
 10
   48804.648
 20
   46542.213
 30
0.0
  0
VERTEX
  8
PARTICELLE
 10
   48805.612
 20
   46541.507
 30
0.0
  0
VERTEX
  8
PARTICELLE
 10
   48810.120
 20
   46547.507
 30
0.0
  0
VERTEX
  8
PARTICELLE
 10
   48808.501
 20
   46549.508
 30
0.0
  0
VERTEX
  8
PARTICELLE
 10
   48804.036
 20
   46554.263
 30
0.0
  0
VERTEX
  8
PARTICELLE
 10
   48799.652
 20
   46558.143
 30
0.0
  0
SEQEND
  8
PARTICELLE
  0
TEXT
  8
PARTICELLE
 62
7
 10
   49101.950
 20
   45922.657
 30
0.0
 40
       1.800
  1
22
 50
       0.000
  0
POLYLINE
  8
PARTICELLE
 66
1
 10
0.0
 20
0.0
 30
0.0
 70
1
  0
VERTEX
  8
PARTICELLE
 10
   49105.865
 20
   45915.136
 30
0.0
  0
VERTEX
  8
PARTICELLE
 10
   49108.517
 20
   45920.987
 30
0.0
  0
VERTEX
  8
PARTICELLE
 10
   49111.572
 20
   45927.502
 30
0.0
  0
VERTEX
  8
PARTICELLE
 10
   49101.505
 20
   45931.509
 30
0.0
  0
VERTEX
  8
PARTICELLE
 10
   49097.124
 20
   45933.255
 30
0.0
  0
VERTEX
  8
PARTICELLE
 10
   49092.036
 20
   45920.894
 30
0.0
  0
VERTEX
  8
PARTICELLE
 10
   49091.902
 20
   45920.498
 30
0.0
  0
VERTEX
  8
PARTICELLE
 10
   49090.151
 20
   45916.239
 30
0.0
  0
VERTEX
  8
PARTICELLE
 10
   49089.847
 20
   45915.430
 30
0.0
  0
VERTEX
  8
PARTICELLE
 10
   49089.068
 20
   45913.497
 30
0.0
  0
VERTEX
  8
PARTICELLE
 10
   49089.899
 20
   45913.175
 30
0.0
  0
VERTEX
  8
PARTICELLE
 10
   49088.799
 20
   45910.377
 30
0.0
  0
VERTEX
  8
PARTICELLE
 10
   49092.826
 20
   45908.920
 30
0.0
  0
VERTEX
  8
PARTICELLE
 10
   49099.424
 20
   45906.503
 30
0.0
  0
VERTEX
  8
PARTICELLE
 10
   49102.202
 20
   45905.452
 30
0.0
  0
VERTEX
  8
PARTICELLE
 10
   49103.359
 20
   45908.811
 30
0.0
  0
VERTEX
  8
PARTICELLE
 10
   49104.891
 20
   45912.813
 30
0.0
  0
VERTEX
  8
PARTICELLE
 10
   49105.865
 20
   45915.136
 30
0.0
  0
SEQEND
  8
PARTICELLE
  0
TEXT
  8
PARTICELLE
 62
7
 10
   48798.168
 20
   46413.772
 30
0.0
 40
       1.800
  1
220
 50
     272.748
  0
POLYLINE
  8
PARTICELLE
 66
1
 10
0.0
 20
0.0
 30
0.0
 70
1
  0
VERTEX
  8
PARTICELLE
 10
   48796.884
 20
   46415.999
 30
0.0
  0
VERTEX
  8
PARTICELLE
 10
   48797.468
 20
   46406.539
 30
0.0
  0
VERTEX
  8
PARTICELLE
 10
   48805.213
 20
   46404.589
 30
0.0
  0
VERTEX
  8
PARTICELLE
 10
   48805.124
 20
   46406.380
 30
0.0
  0
VERTEX
  8
PARTICELLE
 10
   48801.517
 20
   46407.649
 30
0.0
  0
VERTEX
  8
PARTICELLE
 10
   48800.758
 20
   46415.380
 30
0.0
  0
VERTEX
  8
PARTICELLE
 10
   48799.245
 20
   46415.435
 30
0.0
  0
VERTEX
  8
PARTICELLE
 10
   48799.270
 20
   46416.240
 30
0.0
  0
VERTEX
  8
PARTICELLE
 10
   48796.884
 20
   46415.999
 30
0.0
  0
SEQEND
  8
PARTICELLE
  0
TEXT
  8
PARTICELLE
 62
7
 10
   48810.426
 20
   46325.988
 30
0.0
 40
       1.800
  1
221
 50
     288.276
  0
POLYLINE
  8
PARTICELLE
 66
1
 10
0.0
 20
0.0
 30
0.0
 70
1
  0
VERTEX
  8
PARTICELLE
 10
   48808.125
 20
   46328.990
 30
0.0
  0
VERTEX
  8
PARTICELLE
 10
   48812.143
 20
   46316.000
 30
0.0
  0
VERTEX
  8
PARTICELLE
 10
   48816.377
 20
   46318.094
 30
0.0
  0
VERTEX
  8
PARTICELLE
 10
   48812.506
 20
   46330.381
 30
0.0
  0
VERTEX
  8
PARTICELLE
 10
   48808.125
 20
   46328.990
 30
0.0
  0
SEQEND
  8
PARTICELLE
  0
TEXT
  8
PARTICELLE
 62
7
 10
   48926.810
 20
   46320.453
 30
0.0
 40
       1.800
  1
224
 50
       0.000
  0
POLYLINE
  8
PARTICELLE
 66
1
 10
0.0
 20
0.0
 30
0.0
 70
1
  0
VERTEX
  8
PARTICELLE
 10
   48919.906
 20
   46322.911
 30
0.0
  0
VERTEX
  8
PARTICELLE
 10
   48917.415
 20
   46324.476
 30
0.0
  0
VERTEX
  8
PARTICELLE
 10
   48914.238
 20
   46326.390
 30
0.0
  0
VERTEX
  8
PARTICELLE
 10
   48912.922
 20
   46327.298
 30
0.0
  0
VERTEX
  8
PARTICELLE
 10
   48911.322
 20
   46324.753
 30
0.0
  0
VERTEX
  8
PARTICELLE
 10
   48912.384
 20
   46323.025
 30
0.0
  0
VERTEX
  8
PARTICELLE
 10
   48913.086
 20
   46321.975
 30
0.0
  0
VERTEX
  8
PARTICELLE
 10
   48915.973
 20
   46317.505
 30
0.0
  0
VERTEX
  8
PARTICELLE
 10
   48916.197
 20
   46317.164
 30
0.0
  0
VERTEX
  8
PARTICELLE
 10
   48917.301
 20
   46315.954
 30
0.0
  0
VERTEX
  8
PARTICELLE
 10
   48918.393
 20
   46314.624
 30
0.0
  0
VERTEX
  8
PARTICELLE
 10
   48919.854
 20
   46312.755
 30
0.0
  0
VERTEX
  8
PARTICELLE
 10
   48923.069
 20
   46310.964
 30
0.0
  0
VERTEX
  8
PARTICELLE
 10
   48923.956
 20
   46310.699
 30
0.0
  0
VERTEX
  8
PARTICELLE
 10
   48928.367
 20
   46309.477
 30
0.0
  0
VERTEX
  8
PARTICELLE
 10
   48931.492
 20
   46308.639
 30
0.0
  0
VERTEX
  8
PARTICELLE
 10
   48932.811
 20
   46310.512
 30
0.0
  0
VERTEX
  8
PARTICELLE
 10
   48934.889
 20
   46313.510
 30
0.0
  0
VERTEX
  8
PARTICELLE
 10
   48937.076
 20
   46316.902
 30
0.0
  0
VERTEX
  8
PARTICELLE
 10
   48937.274
 20
   46317.209
 30
0.0
  0
VERTEX
  8
PARTICELLE
 10
   48938.517
 20
   46319.142
 30
0.0
  0
VERTEX
  8
PARTICELLE
 10
   48940.857
 20
   46322.571
 30
0.0
  0
VERTEX
  8
PARTICELLE
 10
   48933.695
 20
   46327.328
 30
0.0
  0
VERTEX
  8
PARTICELLE
 10
   48929.548
 20
   46330.122
 30
0.0
  0
VERTEX
  8
PARTICELLE
 10
   48927.222
 20
   46331.687
 30
0.0
  0
VERTEX
  8
PARTICELLE
 10
   48925.978
 20
   46332.505
 30
0.0
  0
VERTEX
  8
PARTICELLE
 10
   48924.896
 20
   46330.750
 30
0.0
  0
VERTEX
  8
PARTICELLE
 10
   48919.906
 20
   46322.911
 30
0.0
  0
SEQEND
  8
PARTICELLE
  0
TEXT
  8
PARTICELLE
 62
7
 10
   48957.296
 20
   46349.490
 30
0.0
 40
       1.800
  1
225
 50
       0.000
  0
POLYLINE
  8
PARTICELLE
 66
1
 10
0.0
 20
0.0
 30
0.0
 70
1
  0
VERTEX
  8
PARTICELLE
 10
   48955.118
 20
   46349.688
 30
0.0
  0
VERTEX
  8
PARTICELLE
 10
   48953.671
 20
   46347.396
 30
0.0
  0
VERTEX
  8
PARTICELLE
 10
   48958.363
 20
   46343.982
 30
0.0
  0
VERTEX
  8
PARTICELLE
 10
   48965.009
 20
   46353.527
 30
0.0
  0
VERTEX
  8
PARTICELLE
 10
   48966.237
 20
   46355.405
 30
0.0
  0
VERTEX
  8
PARTICELLE
 10
   48961.344
 20
   46358.865
 30
0.0
  0
VERTEX
  8
PARTICELLE
 10
   48960.097
 20
   46357.044
 30
0.0
  0
VERTEX
  8
PARTICELLE
 10
   48955.118
 20
   46349.688
 30
0.0
  0
SEQEND
  8
PARTICELLE
  0
TEXT
  8
PARTICELLE
 62
7
 10
   48951.708
 20
   46354.923
 30
0.0
 40
       1.800
  1
226
 50
       0.000
  0
POLYLINE
  8
PARTICELLE
 66
1
 10
0.0
 20
0.0
 30
0.0
 70
1
  0
VERTEX
  8
PARTICELLE
 10
   48947.889
 20
   46353.412
 30
0.0
  0
VERTEX
  8
PARTICELLE
 10
   48946.797
 20
   46351.895
 30
0.0
  0
VERTEX
  8
PARTICELLE
 10
   48953.671
 20
   46347.396
 30
0.0
  0
VERTEX
  8
PARTICELLE
 10
   48955.118
 20
   46349.688
 30
0.0
  0
VERTEX
  8
PARTICELLE
 10
   48960.097
 20
   46357.044
 30
0.0
  0
VERTEX
  8
PARTICELLE
 10
   48961.344
 20
   46358.865
 30
0.0
  0
VERTEX
  8
PARTICELLE
 10
   48954.813
 20
   46363.173
 30
0.0
  0
VERTEX
  8
PARTICELLE
 10
   48953.502
 20
   46361.397
 30
0.0
  0
VERTEX
  8
PARTICELLE
 10
   48948.539
 20
   46354.270
 30
0.0
  0
VERTEX
  8
PARTICELLE
 10
   48947.889
 20
   46353.412
 30
0.0
  0
SEQEND
  8
PARTICELLE
  0
TEXT
  8
PARTICELLE
 62
7
 10
   48945.263
 20
   46361.280
 30
0.0
 40
       1.800
  1
227
 50
       0.000
  0
POLYLINE
  8
PARTICELLE
 66
1
 10
0.0
 20
0.0
 30
0.0
 70
1
  0
VERTEX
  8
PARTICELLE
 10
   48942.456
 20
   46368.752
 30
0.0
  0
VERTEX
  8
PARTICELLE
 10
   48940.114
 20
   46365.531
 30
0.0
  0
VERTEX
  8
PARTICELLE
 10
   48938.899
 20
   46363.885
 30
0.0
  0
VERTEX
  8
PARTICELLE
 10
   48935.746
 20
   46359.623
 30
0.0
  0
VERTEX
  8
PARTICELLE
 10
   48942.707
 20
   46354.882
 30
0.0
  0
VERTEX
  8
PARTICELLE
 10
   48946.797
 20
   46351.895
 30
0.0
  0
VERTEX
  8
PARTICELLE
 10
   48947.889
 20
   46353.412
 30
0.0
  0
VERTEX
  8
PARTICELLE
 10
   48948.539
 20
   46354.270
 30
0.0
  0
VERTEX
  8
PARTICELLE
 10
   48953.502
 20
   46361.397
 30
0.0
  0
VERTEX
  8
PARTICELLE
 10
   48954.813
 20
   46363.173
 30
0.0
  0
VERTEX
  8
PARTICELLE
 10
   48951.761
 20
   46365.198
 30
0.0
  0
VERTEX
  8
PARTICELLE
 10
   48947.753
 20
   46367.807
 30
0.0
  0
VERTEX
  8
PARTICELLE
 10
   48943.767
 20
   46370.572
 30
0.0
  0
VERTEX
  8
PARTICELLE
 10
   48942.456
 20
   46368.752
 30
0.0
  0
SEQEND
  8
PARTICELLE
  0
TEXT
  8
PARTICELLE
 62
7
 10
   48939.027
 20
   46348.154
 30
0.0
 40
       1.800
  1
228
 50
       0.000
  0
POLYLINE
  8
PARTICELLE
 66
1
 10
0.0
 20
0.0
 30
0.0
 70
1
  0
VERTEX
  8
PARTICELLE
 10
   48931.975
 20
   46354.505
 30
0.0
  0
VERTEX
  8
PARTICELLE
 10
   48929.117
 20
   46350.674
 30
0.0
  0
VERTEX
  8
PARTICELLE
 10
   48939.015
 20
   46343.902
 30
0.0
  0
VERTEX
  8
PARTICELLE
 10
   48947.508
 20
   46338.255
 30
0.0
  0
VERTEX
  8
PARTICELLE
 10
   48953.671
 20
   46347.396
 30
0.0
  0
VERTEX
  8
PARTICELLE
 10
   48946.797
 20
   46351.895
 30
0.0
  0
VERTEX
  8
PARTICELLE
 10
   48942.707
 20
   46354.882
 30
0.0
  0
VERTEX
  8
PARTICELLE
 10
   48935.746
 20
   46359.623
 30
0.0
  0
VERTEX
  8
PARTICELLE
 10
   48935.294
 20
   46359.090
 30
0.0
  0
VERTEX
  8
PARTICELLE
 10
   48934.319
 20
   46357.821
 30
0.0
  0
VERTEX
  8
PARTICELLE
 10
   48931.975
 20
   46354.505
 30
0.0
  0
SEQEND
  8
PARTICELLE
  0
TEXT
  8
PARTICELLE
 62
7
 10
   48819.706
 20
   46521.464
 30
0.0
 40
       1.800
  1
23
 50
       0.000
  0
POLYLINE
  8
PARTICELLE
 66
1
 10
0.0
 20
0.0
 30
0.0
 70
1
  0
VERTEX
  8
PARTICELLE
 10
   48814.102
 20
   46521.113
 30
0.0
  0
VERTEX
  8
PARTICELLE
 10
   48813.375
 20
   46520.254
 30
0.0
  0
VERTEX
  8
PARTICELLE
 10
   48823.564
 20
   46514.952
 30
0.0
  0
VERTEX
  8
PARTICELLE
 10
   48823.897
 20
   46514.651
 30
0.0
  0
VERTEX
  8
PARTICELLE
 10
   48825.756
 20
   46512.381
 30
0.0
  0
VERTEX
  8
PARTICELLE
 10
   48836.011
 20
   46524.762
 30
0.0
  0
VERTEX
  8
PARTICELLE
 10
   48839.755
 20
   46530.695
 30
0.0
  0
VERTEX
  8
PARTICELLE
 10
   48842.065
 20
   46534.125
 30
0.0
  0
VERTEX
  8
PARTICELLE
 10
   48840.635
 20
   46535.136
 30
0.0
  0
VERTEX
  8
PARTICELLE
 10
   48837.565
 20
   46530.867
 30
0.0
  0
VERTEX
  8
PARTICELLE
 10
   48830.756
 20
   46521.508
 30
0.0
  0
VERTEX
  8
PARTICELLE
 10
   48818.994
 20
   46528.635
 30
0.0
  0
VERTEX
  8
PARTICELLE
 10
   48814.102
 20
   46521.113
 30
0.0
  0
SEQEND
  8
PARTICELLE
  0
TEXT
  8
PARTICELLE
 62
7
 10
   48953.759
 20
   46338.738
 30
0.0
 40
       1.800
  1
230
 50
       0.000
  0
POLYLINE
  8
PARTICELLE
 66
1
 10
0.0
 20
0.0
 30
0.0
 70
1
  0
VERTEX
  8
PARTICELLE
 10
   48953.671
 20
   46347.396
 30
0.0
  0
VERTEX
  8
PARTICELLE
 10
   48947.508
 20
   46338.255
 30
0.0
  0
VERTEX
  8
PARTICELLE
 10
   48958.017
 20
   46331.509
 30
0.0
  0
VERTEX
  8
PARTICELLE
 10
   48963.762
 20
   46340.002
 30
0.0
  0
VERTEX
  8
PARTICELLE
 10
   48958.363
 20
   46343.982
 30
0.0
  0
VERTEX
  8
PARTICELLE
 10
   48953.671
 20
   46347.396
 30
0.0
  0
SEQEND
  8
PARTICELLE
  0
TEXT
  8
PARTICELLE
 62
7
 10
   48974.006
 20
   46310.385
 30
0.0
 40
       1.200
  1
231
 50
       0.000
  0
POLYLINE
  8
PARTICELLE
 66
1
 10
0.0
 20
0.0
 30
0.0
 70
1
  0
VERTEX
  8
PARTICELLE
 10
   48977.970
 20
   46312.502
 30
0.0
  0
VERTEX
  8
PARTICELLE
 10
   48974.457
 20
   46314.899
 30
0.0
  0
VERTEX
  8
PARTICELLE
 10
   48969.735
 20
   46307.426
 30
0.0
  0
VERTEX
  8
PARTICELLE
 10
   48971.897
 20
   46306.128
 30
0.0
  0
VERTEX
  8
PARTICELLE
 10
   48972.739
 20
   46307.560
 30
0.0
  0
VERTEX
  8
PARTICELLE
 10
   48974.191
 20
   46306.626
 30
0.0
  0
VERTEX
  8
PARTICELLE
 10
   48977.970
 20
   46312.502
 30
0.0
  0
SEQEND
  8
PARTICELLE
  0
TEXT
  8
PARTICELLE
 62
7
 10
   49032.201
 20
   46338.203
 30
0.0
 40
       1.800
  1
232
 50
       0.000
  0
POLYLINE
  8
PARTICELLE
 66
1
 10
0.0
 20
0.0
 30
0.0
 70
1
  0
VERTEX
  8
PARTICELLE
 10
   49033.001
 20
   46342.383
 30
0.0
  0
VERTEX
  8
PARTICELLE
 10
   49030.254
 20
   46337.509
 30
0.0
  0
VERTEX
  8
PARTICELLE
 10
   49037.169
 20
   46334.920
 30
0.0
  0
VERTEX
  8
PARTICELLE
 10
   49039.512
 20
   46338.398
 30
0.0
  0
VERTEX
  8
PARTICELLE
 10
   49033.001
 20
   46342.383
 30
0.0
  0
SEQEND
  8
PARTICELLE
  0
TEXT
  8
PARTICELLE
 62
7
 10
   49045.955
 20
   46334.017
 30
0.0
 40
       1.800
  1
233
 50
      67.729
  0
POLYLINE
  8
PARTICELLE
 66
1
 10
0.0
 20
0.0
 30
0.0
 70
1
  0
VERTEX
  8
PARTICELLE
 10
   49046.168
 20
   46341.621
 30
0.0
  0
VERTEX
  8
PARTICELLE
 10
   49042.255
 20
   46334.018
 30
0.0
  0
VERTEX
  8
PARTICELLE
 10
   49047.128
 20
   46332.145
 30
0.0
  0
VERTEX
  8
PARTICELLE
 10
   49050.382
 20
   46340.128
 30
0.0
  0
VERTEX
  8
PARTICELLE
 10
   49046.168
 20
   46341.621
 30
0.0
  0
SEQEND
  8
PARTICELLE
  0
TEXT
  8
PARTICELLE
 62
7
 10
   49052.781
 20
   46330.387
 30
0.0
 40
       1.200
  1
234
 50
      65.609
  0
POLYLINE
  8
PARTICELLE
 66
1
 10
0.0
 20
0.0
 30
0.0
 70
1
  0
VERTEX
  8
PARTICELLE
 10
   49052.509
 20
   46334.510
 30
0.0
  0
VERTEX
  8
PARTICELLE
 10
   49050.854
 20
   46330.621
 30
0.0
  0
VERTEX
  8
PARTICELLE
 10
   49053.225
 20
   46329.633
 30
0.0
  0
VERTEX
  8
PARTICELLE
 10
   49055.001
 20
   46333.763
 30
0.0
  0
VERTEX
  8
PARTICELLE
 10
   49052.509
 20
   46334.510
 30
0.0
  0
SEQEND
  8
PARTICELLE
  0
TEXT
  8
PARTICELLE
 62
7
 10
   49055.863
 20
   46329.227
 30
0.0
 40
       1.200
  1
235
 50
      67.671
  0
POLYLINE
  8
PARTICELLE
 66
1
 10
0.0
 20
0.0
 30
0.0
 70
1
  0
VERTEX
  8
PARTICELLE
 10
   49055.001
 20
   46333.763
 30
0.0
  0
VERTEX
  8
PARTICELLE
 10
   49053.225
 20
   46329.633
 30
0.0
  0
VERTEX
  8
PARTICELLE
 10
   49056.467
 20
   46328.373
 30
0.0
  0
VERTEX
  8
PARTICELLE
 10
   49058.128
 20
   46332.636
 30
0.0
  0
VERTEX
  8
PARTICELLE
 10
   49055.001
 20
   46333.763
 30
0.0
  0
SEQEND
  8
PARTICELLE
  0
TEXT
  8
PARTICELLE
 62
7
 10
   49058.807
 20
   46329.880
 30
0.0
 40
       1.800
  1
236
 50
       0.000
  0
POLYLINE
  8
PARTICELLE
 66
1
 10
0.0
 20
0.0
 30
0.0
 70
1
  0
VERTEX
  8
PARTICELLE
 10
   49058.128
 20
   46332.636
 30
0.0
  0
VERTEX
  8
PARTICELLE
 10
   49056.467
 20
   46328.373
 30
0.0
  0
VERTEX
  8
PARTICELLE
 10
   49063.001
 20
   46325.891
 30
0.0
  0
VERTEX
  8
PARTICELLE
 10
   49065.001
 20
   46332.382
 30
0.0
  0
VERTEX
  8
PARTICELLE
 10
   49059.255
 20
   46334.891
 30
0.0
  0
VERTEX
  8
PARTICELLE
 10
   49058.128
 20
   46332.636
 30
0.0
  0
SEQEND
  8
PARTICELLE
  0
TEXT
  8
PARTICELLE
 62
7
 10
   49018.112
 20
   46301.896
 30
0.0
 40
       1.800
  1
237
 50
       0.000
  0
POLYLINE
  8
PARTICELLE
 66
1
 10
0.0
 20
0.0
 30
0.0
 70
1
  0
VERTEX
  8
PARTICELLE
 10
   49015.237
 20
   46301.786
 30
0.0
  0
VERTEX
  8
PARTICELLE
 10
   49017.654
 20
   46300.185
 30
0.0
  0
VERTEX
  8
PARTICELLE
 10
   49018.391
 20
   46300.803
 30
0.0
  0
VERTEX
  8
PARTICELLE
 10
   49029.893
 20
   46296.525
 30
0.0
  0
VERTEX
  8
PARTICELLE
 10
   49031.254
 20
   46299.255
 30
0.0
  0
VERTEX
  8
PARTICELLE
 10
   49033.754
 20
   46297.827
 30
0.0
  0
VERTEX
  8
PARTICELLE
 10
   49037.129
 20
   46306.545
 30
0.0
  0
VERTEX
  8
PARTICELLE
 10
   49034.515
 20
   46307.458
 30
0.0
  0
VERTEX
  8
PARTICELLE
 10
   49025.808
 20
   46311.038
 30
0.0
  0
VERTEX
  8
PARTICELLE
 10
   49024.255
 20
   46311.637
 30
0.0
  0
VERTEX
  8
PARTICELLE
 10
   49023.868
 20
   46310.886
 30
0.0
  0
VERTEX
  8
PARTICELLE
 10
   49019.288
 20
   46305.908
 30
0.0
  0
VERTEX
  8
PARTICELLE
 10
   49015.237
 20
   46301.786
 30
0.0
  0
SEQEND
  8
PARTICELLE
  0
TEXT
  8
PARTICELLE
 62
7
 10
   49169.098
 20
   46303.780
 30
0.0
 40
       1.800
  1
238
 50
     337.612
  0
POLYLINE
  8
PARTICELLE
 66
1
 10
0.0
 20
0.0
 30
0.0
 70
1
  0
VERTEX
  8
PARTICELLE
 10
   49163.256
 20
   46305.001
 30
0.0
  0
VERTEX
  8
PARTICELLE
 10
   49164.314
 20
   46304.514
 30
0.0
  0
VERTEX
  8
PARTICELLE
 10
   49164.768
 20
   46304.269
 30
0.0
  0
VERTEX
  8
PARTICELLE
 10
   49176.383
 20
   46299.635
 30
0.0
  0
VERTEX
  8
PARTICELLE
 10
   49177.636
 20
   46303.000
 30
0.0
  0
VERTEX
  8
PARTICELLE
 10
   49166.383
 20
   46308.000
 30
0.0
  0
VERTEX
  8
PARTICELLE
 10
   49164.764
 20
   46308.635
 30
0.0
  0
VERTEX
  8
PARTICELLE
 10
   49163.256
 20
   46305.001
 30
0.0
  0
SEQEND
  8
PARTICELLE
  0
TEXT
  8
PARTICELLE
 62
7
 10
   49098.336
 20
   46079.558
 30
0.0
 40
       1.800
  1
239
 50
       0.000
  0
POLYLINE
  8
PARTICELLE
 66
1
 10
0.0
 20
0.0
 30
0.0
 70
1
  0
VERTEX
  8
PARTICELLE
 10
   49095.125
 20
   46075.763
 30
0.0
  0
VERTEX
  8
PARTICELLE
 10
   49096.701
 20
   46074.262
 30
0.0
  0
VERTEX
  8
PARTICELLE
 10
   49105.702
 20
   46080.473
 30
0.0
  0
VERTEX
  8
PARTICELLE
 10
   49099.755
 20
   46085.744
 30
0.0
  0
VERTEX
  8
PARTICELLE
 10
   49096.847
 20
   46079.491
 30
0.0
  0
VERTEX
  8
PARTICELLE
 10
   49095.125
 20
   46075.763
 30
0.0
  0
SEQEND
  8
PARTICELLE
  0
TEXT
  8
PARTICELLE
 62
7
 10
   48835.030
 20
   46510.169
 30
0.0
 40
       1.800
  1
24
 50
       0.000
  0
POLYLINE
  8
PARTICELLE
 66
1
 10
0.0
 20
0.0
 30
0.0
 70
1
  0
VERTEX
  8
PARTICELLE
 10
   48825.756
 20
   46512.381
 30
0.0
  0
VERTEX
  8
PARTICELLE
 10
   48826.057
 20
   46504.677
 30
0.0
  0
VERTEX
  8
PARTICELLE
 10
   48825.799
 20
   46498.450
 30
0.0
  0
VERTEX
  8
PARTICELLE
 10
   48825.715
 20
   46497.049
 30
0.0
  0
VERTEX
  8
PARTICELLE
 10
   48831.899
 20
   46500.051
 30
0.0
  0
VERTEX
  8
PARTICELLE
 10
   48834.758
 20
   46501.643
 30
0.0
  0
VERTEX
  8
PARTICELLE
 10
   48839.660
 20
   46504.446
 30
0.0
  0
VERTEX
  8
PARTICELLE
 10
   48848.742
 20
   46509.466
 30
0.0
  0
VERTEX
  8
PARTICELLE
 10
   48848.118
 20
   46513.272
 30
0.0
  0
VERTEX
  8
PARTICELLE
 10
   48846.817
 20
   46514.166
 30
0.0
  0
VERTEX
  8
PARTICELLE
 10
   48845.860
 20
   46514.882
 30
0.0
  0
VERTEX
  8
PARTICELLE
 10
   48844.204
 20
   46516.615
 30
0.0
  0
VERTEX
  8
PARTICELLE
 10
   48842.122
 20
   46514.738
 30
0.0
  0
VERTEX
  8
PARTICELLE
 10
   48838.763
 20
   46517.548
 30
0.0
  0
VERTEX
  8
PARTICELLE
 10
   48839.884
 20
   46519.254
 30
0.0
  0
VERTEX
  8
PARTICELLE
 10
   48836.011
 20
   46524.762
 30
0.0
  0
VERTEX
  8
PARTICELLE
 10
   48825.756
 20
   46512.381
 30
0.0
  0
SEQEND
  8
PARTICELLE
  0
TEXT
  8
PARTICELLE
 62
7
 10
   48853.478
 20
   46490.189
 30
0.0
 40
       1.200
  1
240
 50
       0.000
  0
POLYLINE
  8
PARTICELLE
 66
1
 10
0.0
 20
0.0
 30
0.0
 70
1
  0
VERTEX
  8
PARTICELLE
 10
   48849.443
 20
   46492.394
 30
0.0
  0
VERTEX
  8
PARTICELLE
 10
   48850.651
 20
   46484.008
 30
0.0
  0
VERTEX
  8
PARTICELLE
 10
   48852.364
 20
   46472.540
 30
0.0
  0
VERTEX
  8
PARTICELLE
 10
   48854.905
 20
   46486.843
 30
0.0
  0
VERTEX
  8
PARTICELLE
 10
   48855.285
 20
   46487.494
 30
0.0
  0
VERTEX
  8
PARTICELLE
 10
   48855.846
 20
   46488.274
 30
0.0
  0
VERTEX
  8
PARTICELLE
 10
   48862.808
 20
   46492.037
 30
0.0
  0
VERTEX
  8
PARTICELLE
 10
   48865.734
 20
   46495.549
 30
0.0
  0
VERTEX
  8
PARTICELLE
 10
   48865.138
 20
   46495.495
 30
0.0
  0
VERTEX
  8
PARTICELLE
 10
   48849.443
 20
   46492.394
 30
0.0
  0
SEQEND
  8
PARTICELLE
  0
TEXT
  8
PARTICELLE
 62
7
 10
   48802.547
 20
   46414.560
 30
0.0
 40
       1.800
  1
241
 50
     272.863
  0
POLYLINE
  8
PARTICELLE
 66
1
 10
0.0
 20
0.0
 30
0.0
 70
1
  0
VERTEX
  8
PARTICELLE
 10
   48796.161
 20
   46423.070
 30
0.0
  0
VERTEX
  8
PARTICELLE
 10
   48796.621
 20
   46417.404
 30
0.0
  0
VERTEX
  8
PARTICELLE
 10
   48796.884
 20
   46415.999
 30
0.0
  0
VERTEX
  8
PARTICELLE
 10
   48799.270
 20
   46416.240
 30
0.0
  0
VERTEX
  8
PARTICELLE
 10
   48799.245
 20
   46415.435
 30
0.0
  0
VERTEX
  8
PARTICELLE
 10
   48800.758
 20
   46415.380
 30
0.0
  0
VERTEX
  8
PARTICELLE
 10
   48801.517
 20
   46407.649
 30
0.0
  0
VERTEX
  8
PARTICELLE
 10
   48805.124
 20
   46406.380
 30
0.0
  0
VERTEX
  8
PARTICELLE
 10
   48805.213
 20
   46404.589
 30
0.0
  0
VERTEX
  8
PARTICELLE
 10
   48807.250
 20
   46404.126
 30
0.0
  0
VERTEX
  8
PARTICELLE
 10
   48805.250
 20
   46419.016
 30
0.0
  0
VERTEX
  8
PARTICELLE
 10
   48803.922
 20
   46418.793
 30
0.0
  0
VERTEX
  8
PARTICELLE
 10
   48803.733
 20
   46418.230
 30
0.0
  0
VERTEX
  8
PARTICELLE
 10
   48802.459
 20
   46418.181
 30
0.0
  0
VERTEX
  8
PARTICELLE
 10
   48802.399
 20
   46417.560
 30
0.0
  0
VERTEX
  8
PARTICELLE
 10
   48801.969
 20
   46417.408
 30
0.0
  0
VERTEX
  8
PARTICELLE
 10
   48797.947
 20
   46417.237
 30
0.0
  0
VERTEX
  8
PARTICELLE
 10
   48797.252
 20
   46423.034
 30
0.0
  0
VERTEX
  8
PARTICELLE
 10
   48796.161
 20
   46423.070
 30
0.0
  0
SEQEND
  8
PARTICELLE
  0
TEXT
  8
PARTICELLE
 62
7
 10
   49018.948
 20
   46051.337
 30
0.0
 40
       1.800
  1
243
 50
       0.000
  0
POLYLINE
  8
PARTICELLE
 66
1
 10
0.0
 20
0.0
 30
0.0
 70
1
  0
VERTEX
  8
PARTICELLE
 10
   49002.433
 20
   46042.804
 30
0.0
  0
VERTEX
  8
PARTICELLE
 10
   49002.553
 20
   46041.500
 30
0.0
  0
VERTEX
  8
PARTICELLE
 10
   49005.395
 20
   46041.085
 30
0.0
  0
VERTEX
  8
PARTICELLE
 10
   49009.762
 20
   46040.857
 30
0.0
  0
VERTEX
  8
PARTICELLE
 10
   49014.184
 20
   46040.876
 30
0.0
  0
VERTEX
  8
PARTICELLE
 10
   49016.607
 20
   46041.151
 30
0.0
  0
VERTEX
  8
PARTICELLE
 10
   49018.994
 20
   46041.406
 30
0.0
  0
VERTEX
  8
PARTICELLE
 10
   49021.431
 20
   46041.742
 30
0.0
  0
VERTEX
  8
PARTICELLE
 10
   49023.310
 20
   46042.157
 30
0.0
  0
VERTEX
  8
PARTICELLE
 10
   49024.146
 20
   46042.662
 30
0.0
  0
VERTEX
  8
PARTICELLE
 10
   49028.496
 20
   46044.983
 30
0.0
  0
VERTEX
  8
PARTICELLE
 10
   49031.700
 20
   46046.807
 30
0.0
  0
VERTEX
  8
PARTICELLE
 10
   49033.867
 20
   46048.021
 30
0.0
  0
VERTEX
  8
PARTICELLE
 10
   49038.000
 20
   46050.255
 30
0.0
  0
VERTEX
  8
PARTICELLE
 10
   49036.242
 20
   46051.567
 30
0.0
  0
VERTEX
  8
PARTICELLE
 10
   49034.920
 20
   46052.522
 30
0.0
  0
VERTEX
  8
PARTICELLE
 10
   49028.727
 20
   46056.830
 30
0.0
  0
VERTEX
  8
PARTICELLE
 10
   49030.093
 20
   46058.554
 30
0.0
  0
VERTEX
  8
PARTICELLE
 10
   49026.977
 20
   46060.891
 30
0.0
  0
VERTEX
  8
PARTICELLE
 10
   49029.782
 20
   46064.855
 30
0.0
  0
VERTEX
  8
PARTICELLE
 10
   49022.492
 20
   46070.103
 30
0.0
  0
VERTEX
  8
PARTICELLE
 10
   49015.065
 20
   46059.866
 30
0.0
  0
VERTEX
  8
PARTICELLE
 10
   49006.470
 20
   46048.263
 30
0.0
  0
VERTEX
  8
PARTICELLE
 10
   49002.433
 20
   46042.804
 30
0.0
  0
SEQEND
  8
PARTICELLE
  0
TEXT
  8
PARTICELLE
 62
7
 10
   49032.282
 20
   46055.712
 30
0.0
 40
       1.800
  1
244
 50
       0.000
  0
POLYLINE
  8
PARTICELLE
 66
1
 10
0.0
 20
0.0
 30
0.0
 70
1
  0
VERTEX
  8
PARTICELLE
 10
   49029.782
 20
   46064.855
 30
0.0
  0
VERTEX
  8
PARTICELLE
 10
   49026.977
 20
   46060.891
 30
0.0
  0
VERTEX
  8
PARTICELLE
 10
   49030.093
 20
   46058.554
 30
0.0
  0
VERTEX
  8
PARTICELLE
 10
   49028.727
 20
   46056.830
 30
0.0
  0
VERTEX
  8
PARTICELLE
 10
   49034.920
 20
   46052.522
 30
0.0
  0
VERTEX
  8
PARTICELLE
 10
   49036.242
 20
   46051.567
 30
0.0
  0
VERTEX
  8
PARTICELLE
 10
   49038.000
 20
   46050.255
 30
0.0
  0
VERTEX
  8
PARTICELLE
 10
   49044.817
 20
   46054.047
 30
0.0
  0
VERTEX
  8
PARTICELLE
 10
   49038.232
 20
   46058.773
 30
0.0
  0
VERTEX
  8
PARTICELLE
 10
   49029.782
 20
   46064.855
 30
0.0
  0
SEQEND
  8
PARTICELLE
  0
TEXT
  8
PARTICELLE
 62
7
 10
   49107.266
 20
   45916.177
 30
0.0
 40
       1.800
  1
245
 50
       0.000
  0
POLYLINE
  8
PARTICELLE
 66
1
 10
0.0
 20
0.0
 30
0.0
 70
1
  0
VERTEX
  8
PARTICELLE
 10
   49103.857
 20
   45904.844
 30
0.0
  0
VERTEX
  8
PARTICELLE
 10
   49111.897
 20
   45925.369
 30
0.0
  0
VERTEX
  8
PARTICELLE
 10
   49112.387
 20
   45927.026
 30
0.0
  0
VERTEX
  8
PARTICELLE
 10
   49113.016
 20
   45926.597
 30
0.0
  0
VERTEX
  8
PARTICELLE
 10
   49112.434
 20
   45929.441
 30
0.0
  0
VERTEX
  8
PARTICELLE
 10
   49111.572
 20
   45927.502
 30
0.0
  0
VERTEX
  8
PARTICELLE
 10
   49108.517
 20
   45920.987
 30
0.0
  0
VERTEX
  8
PARTICELLE
 10
   49105.865
 20
   45915.136
 30
0.0
  0
VERTEX
  8
PARTICELLE
 10
   49104.891
 20
   45912.813
 30
0.0
  0
VERTEX
  8
PARTICELLE
 10
   49103.359
 20
   45908.811
 30
0.0
  0
VERTEX
  8
PARTICELLE
 10
   49102.202
 20
   45905.452
 30
0.0
  0
VERTEX
  8
PARTICELLE
 10
   49102.588
 20
   45905.268
 30
0.0
  0
VERTEX
  8
PARTICELLE
 10
   49102.994
 20
   45905.074
 30
0.0
  0
VERTEX
  8
PARTICELLE
 10
   49103.857
 20
   45904.844
 30
0.0
  0
SEQEND
  8
PARTICELLE
  0
TEXT
  8
PARTICELLE
 62
7
 10
   49186.860
 20
   46342.778
 30
0.0
 40
       1.200
  1
247
 50
     336.236
  0
POLYLINE
  8
PARTICELLE
 66
1
 10
0.0
 20
0.0
 30
0.0
 70
1
  0
VERTEX
  8
PARTICELLE
 10
   49185.252
 20
   46345.657
 30
0.0
  0
VERTEX
  8
PARTICELLE
 10
   49183.847
 20
   46342.850
 30
0.0
  0
VERTEX
  8
PARTICELLE
 10
   49193.270
 20
   46339.174
 30
0.0
  0
VERTEX
  8
PARTICELLE
 10
   49194.249
 20
   46341.520
 30
0.0
  0
VERTEX
  8
PARTICELLE
 10
   49185.252
 20
   46345.657
 30
0.0
  0
SEQEND
  8
PARTICELLE
  0
TEXT
  8
PARTICELLE
 62
7
 10
   49183.176
 20
   46337.182
 30
0.0
 40
       1.800
  1
248
 50
       0.000
  0
POLYLINE
  8
PARTICELLE
 66
1
 10
0.0
 20
0.0
 30
0.0
 70
1
  0
VERTEX
  8
PARTICELLE
 10
   49184.558
 20
   46345.929
 30
0.0
  0
VERTEX
  8
PARTICELLE
 10
   49179.184
 20
   46337.026
 30
0.0
  0
VERTEX
  8
PARTICELLE
 10
   49189.940
 20
   46331.255
 30
0.0
  0
VERTEX
  8
PARTICELLE
 10
   49193.270
 20
   46339.174
 30
0.0
  0
VERTEX
  8
PARTICELLE
 10
   49183.847
 20
   46342.850
 30
0.0
  0
VERTEX
  8
PARTICELLE
 10
   49185.252
 20
   46345.657
 30
0.0
  0
VERTEX
  8
PARTICELLE
 10
   49184.558
 20
   46345.929
 30
0.0
  0
SEQEND
  8
PARTICELLE
  0
TEXT
  8
PARTICELLE
 62
7
 10
   48844.297
 20
   46522.780
 30
0.0
 40
       1.800
  1
25
 50
       0.000
  0
POLYLINE
  8
PARTICELLE
 66
1
 10
0.0
 20
0.0
 30
0.0
 70
1
  0
VERTEX
  8
PARTICELLE
 10
   48839.755
 20
   46530.695
 30
0.0
  0
VERTEX
  8
PARTICELLE
 10
   48836.011
 20
   46524.762
 30
0.0
  0
VERTEX
  8
PARTICELLE
 10
   48839.884
 20
   46519.254
 30
0.0
  0
VERTEX
  8
PARTICELLE
 10
   48838.763
 20
   46517.548
 30
0.0
  0
VERTEX
  8
PARTICELLE
 10
   48842.122
 20
   46514.738
 30
0.0
  0
VERTEX
  8
PARTICELLE
 10
   48844.204
 20
   46516.615
 30
0.0
  0
VERTEX
  8
PARTICELLE
 10
   48845.860
 20
   46514.882
 30
0.0
  0
VERTEX
  8
PARTICELLE
 10
   48846.817
 20
   46514.166
 30
0.0
  0
VERTEX
  8
PARTICELLE
 10
   48848.118
 20
   46513.272
 30
0.0
  0
VERTEX
  8
PARTICELLE
 10
   48853.488
 20
   46518.436
 30
0.0
  0
VERTEX
  8
PARTICELLE
 10
   48856.820
 20
   46521.425
 30
0.0
  0
VERTEX
  8
PARTICELLE
 10
   48855.710
 20
   46522.647
 30
0.0
  0
VERTEX
  8
PARTICELLE
 10
   48850.553
 20
   46528.283
 30
0.0
  0
VERTEX
  8
PARTICELLE
 10
   48849.420
 20
   46529.315
 30
0.0
  0
VERTEX
  8
PARTICELLE
 10
   48842.065
 20
   46534.125
 30
0.0
  0
VERTEX
  8
PARTICELLE
 10
   48839.755
 20
   46530.695
 30
0.0
  0
SEQEND
  8
PARTICELLE
  0
TEXT
  8
PARTICELLE
 62
7
 10
   48846.400
 20
   46545.279
 30
0.0
 40
       1.800
  1
26
 50
       0.000
  0
POLYLINE
  8
PARTICELLE
 66
1
 10
0.0
 20
0.0
 30
0.0
 70
1
  0
VERTEX
  8
PARTICELLE
 10
   48837.943
 20
   46542.484
 30
0.0
  0
VERTEX
  8
PARTICELLE
 10
   48840.339
 20
   46540.958
 30
0.0
  0
VERTEX
  8
PARTICELLE
 10
   48844.852
 20
   46537.859
 30
0.0
  0
VERTEX
  8
PARTICELLE
 10
   48847.715
 20
   46535.953
 30
0.0
  0
VERTEX
  8
PARTICELLE
 10
   48856.757
 20
   46548.255
 30
0.0
  0
VERTEX
  8
PARTICELLE
 10
   48854.810
 20
   46549.497
 30
0.0
  0
VERTEX
  8
PARTICELLE
 10
   48846.376
 20
   46555.017
 30
0.0
  0
VERTEX
  8
PARTICELLE
 10
   48837.943
 20
   46542.484
 30
0.0
  0
SEQEND
  8
PARTICELLE
  0
TEXT
  8
PARTICELLE
 62
7
 10
   48973.886
 20
   46225.695
 30
0.0
 40
       1.800
  1
260
 50
       0.000
  0
POLYLINE
  8
PARTICELLE
 66
1
 10
0.0
 20
0.0
 30
0.0
 70
1
  0
VERTEX
  8
PARTICELLE
 10
   48964.378
 20
   46217.386
 30
0.0
  0
VERTEX
  8
PARTICELLE
 10
   48964.346
 20
   46217.302
 30
0.0
  0
VERTEX
  8
PARTICELLE
 10
   48966.904
 20
   46216.253
 30
0.0
  0
VERTEX
  8
PARTICELLE
 10
   48967.078
 20
   46216.167
 30
0.0
  0
VERTEX
  8
PARTICELLE
 10
   48976.966
 20
   46212.248
 30
0.0
  0
VERTEX
  8
PARTICELLE
 10
   48976.814
 20
   46211.715
 30
0.0
  0
VERTEX
  8
PARTICELLE
 10
   48977.052
 20
   46212.291
 30
0.0
  0
VERTEX
  8
PARTICELLE
 10
   48979.794
 20
   46218.928
 30
0.0
  0
VERTEX
  8
PARTICELLE
 10
   48981.669
 20
   46223.905
 30
0.0
  0
VERTEX
  8
PARTICELLE
 10
   48983.299
 20
   46228.083
 30
0.0
  0
VERTEX
  8
PARTICELLE
 10
   48985.106
 20
   46232.681
 30
0.0
  0
VERTEX
  8
PARTICELLE
 10
   48986.360
 20
   46235.855
 30
0.0
  0
VERTEX
  8
PARTICELLE
 10
   48973.627
 20
   46241.300
 30
0.0
  0
VERTEX
  8
PARTICELLE
 10
   48971.577
 20
   46235.986
 30
0.0
  0
VERTEX
  8
PARTICELLE
 10
   48968.885
 20
   46229.164
 30
0.0
  0
VERTEX
  8
PARTICELLE
 10
   48967.776
 20
   46226.339
 30
0.0
  0
VERTEX
  8
PARTICELLE
 10
   48964.378
 20
   46217.386
 30
0.0
  0
SEQEND
  8
PARTICELLE
  0
TEXT
  8
PARTICELLE
 62
7
 10
   48986.045
 20
   46254.629
 30
0.0
 40
       1.800
  1
261
 50
       0.000
  0
POLYLINE
  8
PARTICELLE
 66
1
 10
0.0
 20
0.0
 30
0.0
 70
1
  0
VERTEX
  8
PARTICELLE
 10
   48978.064
 20
   46246.662
 30
0.0
  0
VERTEX
  8
PARTICELLE
 10
   48987.191
 20
   46242.863
 30
0.0
  0
VERTEX
  8
PARTICELLE
 10
   48988.789
 20
   46242.258
 30
0.0
  0
VERTEX
  8
PARTICELLE
 10
   48990.323
 20
   46246.363
 30
0.0
  0
VERTEX
  8
PARTICELLE
 10
   48996.127
 20
   46261.523
 30
0.0
  0
VERTEX
  8
PARTICELLE
 10
   48994.446
 20
   46262.318
 30
0.0
  0
VERTEX
  8
PARTICELLE
 10
   48985.638
 20
   46266.068
 30
0.0
  0
VERTEX
  8
PARTICELLE
 10
   48983.291
 20
   46267.024
 30
0.0
  0
VERTEX
  8
PARTICELLE
 10
   48981.657
 20
   46262.666
 30
0.0
  0
VERTEX
  8
PARTICELLE
 10
   48979.543
 20
   46257.216
 30
0.0
  0
VERTEX
  8
PARTICELLE
 10
   48975.788
 20
   46247.621
 30
0.0
  0
VERTEX
  8
PARTICELLE
 10
   48978.064
 20
   46246.662
 30
0.0
  0
SEQEND
  8
PARTICELLE
  0
TEXT
  8
PARTICELLE
 62
7
 10
   49097.558
 20
   45995.041
 30
0.0
 40
       1.800
  1
262
 50
      50.309
  0
POLYLINE
  8
PARTICELLE
 66
1
 10
0.0
 20
0.0
 30
0.0
 70
1
  0
VERTEX
  8
PARTICELLE
 10
   49095.725
 20
   45997.381
 30
0.0
  0
VERTEX
  8
PARTICELLE
 10
   49093.088
 20
   45992.410
 30
0.0
  0
VERTEX
  8
PARTICELLE
 10
   49095.561
 20
   45990.897
 30
0.0
  0
VERTEX
  8
PARTICELLE
 10
   49098.130
 20
   45989.571
 30
0.0
  0
VERTEX
  8
PARTICELLE
 10
   49098.431
 20
   45989.446
 30
0.0
  0
VERTEX
  8
PARTICELLE
 10
   49101.299
 20
   45995.198
 30
0.0
  0
VERTEX
  8
PARTICELLE
 10
   49105.300
 20
   46002.742
 30
0.0
  0
VERTEX
  8
PARTICELLE
 10
   49099.749
 20
   46004.971
 30
0.0
  0
VERTEX
  8
PARTICELLE
 10
   49095.725
 20
   45997.381
 30
0.0
  0
SEQEND
  8
PARTICELLE
  0
TEXT
  8
PARTICELLE
 62
7
 10
   49093.674
 20
   46116.139
 30
0.0
 40
       1.200
  1
263
 50
     334.976
  0
POLYLINE
  8
PARTICELLE
 66
1
 10
0.0
 20
0.0
 30
0.0
 70
1
  0
VERTEX
  8
PARTICELLE
 10
   49091.270
 20
   46119.636
 30
0.0
  0
VERTEX
  8
PARTICELLE
 10
   49089.888
 20
   46117.382
 30
0.0
  0
VERTEX
  8
PARTICELLE
 10
   49099.103
 20
   46113.128
 30
0.0
  0
VERTEX
  8
PARTICELLE
 10
   49100.111
 20
   46115.635
 30
0.0
  0
VERTEX
  8
PARTICELLE
 10
   49091.270
 20
   46119.636
 30
0.0
  0
SEQEND
  8
PARTICELLE
  0
TEXT
  8
PARTICELLE
 62
7
 10
   49084.108
 20
   46107.729
 30
0.0
 40
       1.800
  1
264
 50
       0.000
  0
POLYLINE
  8
PARTICELLE
 66
1
 10
0.0
 20
0.0
 30
0.0
 70
1
  0
VERTEX
  8
PARTICELLE
 10
   49069.304
 20
   46115.277
 30
0.0
  0
VERTEX
  8
PARTICELLE
 10
   49071.684
 20
   46112.488
 30
0.0
  0
VERTEX
  8
PARTICELLE
 10
   49070.552
 20
   46111.012
 30
0.0
  0
VERTEX
  8
PARTICELLE
 10
   49072.185
 20
   46109.206
 30
0.0
  0
VERTEX
  8
PARTICELLE
 10
   49079.889
 20
   46101.510
 30
0.0
  0
VERTEX
  8
PARTICELLE
 10
   49077.265
 20
   46098.452
 30
0.0
  0
VERTEX
  8
PARTICELLE
 10
   49087.925
 20
   46088.966
 30
0.0
  0
VERTEX
  8
PARTICELLE
 10
   49090.877
 20
   46095.142
 30
0.0
  0
VERTEX
  8
PARTICELLE
 10
   49092.071
 20
   46097.667
 30
0.0
  0
VERTEX
  8
PARTICELLE
 10
   49096.124
 20
   46106.656
 30
0.0
  0
VERTEX
  8
PARTICELLE
 10
   49099.103
 20
   46113.128
 30
0.0
  0
VERTEX
  8
PARTICELLE
 10
   49089.888
 20
   46117.382
 30
0.0
  0
VERTEX
  8
PARTICELLE
 10
   49082.096
 20
   46120.791
 30
0.0
  0
VERTEX
  8
PARTICELLE
 10
   49073.720
 20
   46124.451
 30
0.0
  0
VERTEX
  8
PARTICELLE
 10
   49071.144
 20
   46125.636
 30
0.0
  0
VERTEX
  8
PARTICELLE
 10
   49069.932
 20
   46122.978
 30
0.0
  0
VERTEX
  8
PARTICELLE
 10
   49067.195
 20
   46117.267
 30
0.0
  0
VERTEX
  8
PARTICELLE
 10
   49069.304
 20
   46115.277
 30
0.0
  0
SEQEND
  8
PARTICELLE
  0
TEXT
  8
PARTICELLE
 62
7
 10
   49016.258
 20
   46198.154
 30
0.0
 40
       1.800
  1
265
 50
       0.000
  0
POLYLINE
  8
PARTICELLE
 66
1
 10
0.0
 20
0.0
 30
0.0
 70
1
  0
VERTEX
  8
PARTICELLE
 10
   49006.406
 20
   46181.413
 30
0.0
  0
VERTEX
  8
PARTICELLE
 10
   49015.097
 20
   46178.028
 30
0.0
  0
VERTEX
  8
PARTICELLE
 10
   49019.855
 20
   46190.859
 30
0.0
  0
VERTEX
  8
PARTICELLE
 10
   49024.637
 20
   46203.789
 30
0.0
  0
VERTEX
  8
PARTICELLE
 10
   49026.836
 20
   46209.606
 30
0.0
  0
VERTEX
  8
PARTICELLE
 10
   49028.647
 20
   46214.261
 30
0.0
  0
VERTEX
  8
PARTICELLE
 10
   49017.730
 20
   46218.599
 30
0.0
  0
VERTEX
  8
PARTICELLE
 10
   49015.891
 20
   46213.773
 30
0.0
  0
VERTEX
  8
PARTICELLE
 10
   49014.478
 20
   46210.434
 30
0.0
  0
VERTEX
  8
PARTICELLE
 10
   49012.459
 20
   46204.984
 30
0.0
  0
VERTEX
  8
PARTICELLE
 10
   49010.843
 20
   46200.610
 30
0.0
  0
VERTEX
  8
PARTICELLE
 10
   49008.783
 20
   46195.152
 30
0.0
  0
VERTEX
  8
PARTICELLE
 10
   49007.503
 20
   46191.689
 30
0.0
  0
VERTEX
  8
PARTICELLE
 10
   49004.085
 20
   46182.309
 30
0.0
  0
VERTEX
  8
PARTICELLE
 10
   49006.406
 20
   46181.413
 30
0.0
  0
SEQEND
  8
PARTICELLE
  0
TEXT
  8
PARTICELLE
 62
7
 10
   49052.925
 20
   46290.072
 30
0.0
 40
       1.800
  1
266
 50
       0.000
  0
POLYLINE
  8
PARTICELLE
 66
1
 10
0.0
 20
0.0
 30
0.0
 70
1
  0
VERTEX
  8
PARTICELLE
 10
   49041.697
 20
   46272.521
 30
0.0
  0
VERTEX
  8
PARTICELLE
 10
   49050.675
 20
   46269.456
 30
0.0
  0
VERTEX
  8
PARTICELLE
 10
   49056.222
 20
   46283.064
 30
0.0
  0
VERTEX
  8
PARTICELLE
 10
   49063.916
 20
   46301.544
 30
0.0
  0
VERTEX
  8
PARTICELLE
 10
   49065.905
 20
   46306.018
 30
0.0
  0
VERTEX
  8
PARTICELLE
 10
   49057.106
 20
   46309.821
 30
0.0
  0
VERTEX
  8
PARTICELLE
 10
   49055.255
 20
   46310.636
 30
0.0
  0
VERTEX
  8
PARTICELLE
 10
   49052.910
 20
   46305.097
 30
0.0
  0
VERTEX
  8
PARTICELLE
 10
   49051.910
 20
   46302.763
 30
0.0
  0
VERTEX
  8
PARTICELLE
 10
   49051.529
 20
   46301.902
 30
0.0
  0
VERTEX
  8
PARTICELLE
 10
   49047.713
 20
   46292.552
 30
0.0
  0
VERTEX
  8
PARTICELLE
 10
   49045.198
 20
   46286.527
 30
0.0
  0
VERTEX
  8
PARTICELLE
 10
   49044.142
 20
   46283.954
 30
0.0
  0
VERTEX
  8
PARTICELLE
 10
   49043.807
 20
   46283.195
 30
0.0
  0
VERTEX
  8
PARTICELLE
 10
   49039.670
 20
   46273.236
 30
0.0
  0
VERTEX
  8
PARTICELLE
 10
   49041.697
 20
   46272.521
 30
0.0
  0
SEQEND
  8
PARTICELLE
  0
TEXT
  8
PARTICELLE
 62
7
 10
   49082.864
 20
   46278.643
 30
0.0
 40
       1.800
  1
267
 50
       0.000
  0
POLYLINE
  8
PARTICELLE
 66
1
 10
0.0
 20
0.0
 30
0.0
 70
1
  0
VERTEX
  8
PARTICELLE
 10
   49072.276
 20
   46261.442
 30
0.0
  0
VERTEX
  8
PARTICELLE
 10
   49081.720
 20
   46257.701
 30
0.0
  0
VERTEX
  8
PARTICELLE
 10
   49085.293
 20
   46266.819
 30
0.0
  0
VERTEX
  8
PARTICELLE
 10
   49092.962
 20
   46286.457
 30
0.0
  0
VERTEX
  8
PARTICELLE
 10
   49096.255
 20
   46295.027
 30
0.0
  0
VERTEX
  8
PARTICELLE
 10
   49087.115
 20
   46298.500
 30
0.0
  0
VERTEX
  8
PARTICELLE
 10
   49084.370
 20
   46299.484
 30
0.0
  0
VERTEX
  8
PARTICELLE
 10
   49082.158
 20
   46294.199
 30
0.0
  0
VERTEX
  8
PARTICELLE
 10
   49080.929
 20
   46291.337
 30
0.0
  0
VERTEX
  8
PARTICELLE
 10
   49080.372
 20
   46289.967
 30
0.0
  0
VERTEX
  8
PARTICELLE
 10
   49077.108
 20
   46281.893
 30
0.0
  0
VERTEX
  8
PARTICELLE
 10
   49074.532
 20
   46275.590
 30
0.0
  0
VERTEX
  8
PARTICELLE
 10
   49073.344
 20
   46272.549
 30
0.0
  0
VERTEX
  8
PARTICELLE
 10
   49069.273
 20
   46262.632
 30
0.0
  0
VERTEX
  8
PARTICELLE
 10
   49072.276
 20
   46261.442
 30
0.0
  0
SEQEND
  8
PARTICELLE
  0
TEXT
  8
PARTICELLE
 62
7
 10
   49064.736
 20
   46233.053
 30
0.0
 40
       1.800
  1
268
 50
       0.000
  0
POLYLINE
  8
PARTICELLE
 66
1
 10
0.0
 20
0.0
 30
0.0
 70
1
  0
VERTEX
  8
PARTICELLE
 10
   49054.504
 20
   46215.670
 30
0.0
  0
VERTEX
  8
PARTICELLE
 10
   49064.090
 20
   46212.202
 30
0.0
  0
VERTEX
  8
PARTICELLE
 10
   49071.834
 20
   46233.570
 30
0.0
  0
VERTEX
  8
PARTICELLE
 10
   49077.951
 20
   46249.626
 30
0.0
  0
VERTEX
  8
PARTICELLE
 10
   49068.611
 20
   46253.106
 30
0.0
  0
VERTEX
  8
PARTICELLE
 10
   49065.940
 20
   46254.078
 30
0.0
  0
VERTEX
  8
PARTICELLE
 10
   49063.934
 20
   46248.958
 30
0.0
  0
VERTEX
  8
PARTICELLE
 10
   49060.633
 20
   46240.491
 30
0.0
  0
VERTEX
  8
PARTICELLE
 10
   49059.781
 20
   46238.329
 30
0.0
  0
VERTEX
  8
PARTICELLE
 10
   49058.535
 20
   46235.201
 30
0.0
  0
VERTEX
  8
PARTICELLE
 10
   49056.675
 20
   46230.364
 30
0.0
  0
VERTEX
  8
PARTICELLE
 10
   49053.410
 20
   46221.588
 30
0.0
  0
VERTEX
  8
PARTICELLE
 10
   49051.643
 20
   46216.743
 30
0.0
  0
VERTEX
  8
PARTICELLE
 10
   49054.504
 20
   46215.670
 30
0.0
  0
SEQEND
  8
PARTICELLE
  0
TEXT
  8
PARTICELLE
 62
7
 10
   49046.875
 20
   46186.221
 30
0.0
 40
       1.800
  1
269
 50
       0.000
  0
POLYLINE
  8
PARTICELLE
 66
1
 10
0.0
 20
0.0
 30
0.0
 70
1
  0
VERTEX
  8
PARTICELLE
 10
   49036.637
 20
   46176.917
 30
0.0
  0
VERTEX
  8
PARTICELLE
 10
   49034.254
 20
   46170.255
 30
0.0
  0
VERTEX
  8
PARTICELLE
 10
   49036.823
 20
   46169.255
 30
0.0
  0
VERTEX
  8
PARTICELLE
 10
   49046.502
 20
   46165.528
 30
0.0
  0
VERTEX
  8
PARTICELLE
 10
   49048.646
 20
   46171.692
 30
0.0
  0
VERTEX
  8
PARTICELLE
 10
   49053.645
 20
   46185.780
 30
0.0
  0
VERTEX
  8
PARTICELLE
 10
   49057.917
 20
   46197.792
 30
0.0
  0
VERTEX
  8
PARTICELLE
 10
   49059.619
 20
   46202.382
 30
0.0
  0
VERTEX
  8
PARTICELLE
 10
   49047.485
 20
   46206.977
 30
0.0
  0
VERTEX
  8
PARTICELLE
 10
   49045.847
 20
   46202.364
 30
0.0
  0
VERTEX
  8
PARTICELLE
 10
   49042.483
 20
   46193.197
 30
0.0
  0
VERTEX
  8
PARTICELLE
 10
   49041.604
 20
   46190.708
 30
0.0
  0
VERTEX
  8
PARTICELLE
 10
   49040.805
 20
   46188.579
 30
0.0
  0
VERTEX
  8
PARTICELLE
 10
   49037.595
 20
   46179.590
 30
0.0
  0
VERTEX
  8
PARTICELLE
 10
   49037.504
 20
   46179.333
 30
0.0
  0
VERTEX
  8
PARTICELLE
 10
   49036.637
 20
   46176.917
 30
0.0
  0
SEQEND
  8
PARTICELLE
  0
TEXT
  8
PARTICELLE
 62
7
 10
   48860.458
 20
   46560.570
 30
0.0
 40
       1.200
  1
27
 50
       0.000
  0
POLYLINE
  8
PARTICELLE
 66
1
 10
0.0
 20
0.0
 30
0.0
 70
1
  0
VERTEX
  8
PARTICELLE
 10
   48854.795
 20
   46572.912
 30
0.0
  0
VERTEX
  8
PARTICELLE
 10
   48846.780
 20
   46561.466
 30
0.0
  0
VERTEX
  8
PARTICELLE
 10
   48854.972
 20
   46556.059
 30
0.0
  0
VERTEX
  8
PARTICELLE
 10
   48869.515
 20
   46546.220
 30
0.0
  0
VERTEX
  8
PARTICELLE
 10
   48877.623
 20
   46557.767
 30
0.0
  0
VERTEX
  8
PARTICELLE
 10
   48876.288
 20
   46558.731
 30
0.0
  0
VERTEX
  8
PARTICELLE
 10
   48876.978
 20
   46559.837
 30
0.0
  0
VERTEX
  8
PARTICELLE
 10
   48874.593
 20
   46561.537
 30
0.0
  0
VERTEX
  8
PARTICELLE
 10
   48877.128
 20
   46565.379
 30
0.0
  0
VERTEX
  8
PARTICELLE
 10
   48870.607
 20
   46569.691
 30
0.0
  0
VERTEX
  8
PARTICELLE
 10
   48868.496
 20
   46571.087
 30
0.0
  0
VERTEX
  8
PARTICELLE
 10
   48858.197
 20
   46577.872
 30
0.0
  0
VERTEX
  8
PARTICELLE
 10
   48854.795
 20
   46572.912
 30
0.0
  0
SEQEND
  8
PARTICELLE
  0
TEXT
  8
PARTICELLE
 62
7
 10
   49114.370
 20
   46266.012
 30
0.0
 40
       1.800
  1
270
 50
       0.000
  0
POLYLINE
  8
PARTICELLE
 66
1
 10
0.0
 20
0.0
 30
0.0
 70
1
  0
VERTEX
  8
PARTICELLE
 10
   49109.175
 20
   46269.846
 30
0.0
  0
VERTEX
  8
PARTICELLE
 10
   49108.951
 20
   46269.295
 30
0.0
  0
VERTEX
  8
PARTICELLE
 10
   49107.091
 20
   46264.674
 30
0.0
  0
VERTEX
  8
PARTICELLE
 10
   49105.348
 20
   46260.343
 30
0.0
  0
VERTEX
  8
PARTICELLE
 10
   49101.254
 20
   46250.272
 30
0.0
  0
VERTEX
  8
PARTICELLE
 10
   49103.729
 20
   46249.439
 30
0.0
  0
VERTEX
  8
PARTICELLE
 10
   49113.213
 20
   46245.768
 30
0.0
  0
VERTEX
  8
PARTICELLE
 10
   49116.805
 20
   46255.177
 30
0.0
  0
VERTEX
  8
PARTICELLE
 10
   49123.422
 20
   46271.826
 30
0.0
  0
VERTEX
  8
PARTICELLE
 10
   49127.659
 20
   46282.644
 30
0.0
  0
VERTEX
  8
PARTICELLE
 10
   49118.545
 20
   46286.261
 30
0.0
  0
VERTEX
  8
PARTICELLE
 10
   49116.105
 20
   46287.208
 30
0.0
  0
VERTEX
  8
PARTICELLE
 10
   49112.833
 20
   46278.820
 30
0.0
  0
VERTEX
  8
PARTICELLE
 10
   49109.175
 20
   46269.846
 30
0.0
  0
SEQEND
  8
PARTICELLE
  0
TEXT
  8
PARTICELLE
 62
7
 10
   49096.514
 20
   46220.919
 30
0.0
 40
       1.800
  1
271
 50
       0.000
  0
POLYLINE
  8
PARTICELLE
 66
1
 10
0.0
 20
0.0
 30
0.0
 70
1
  0
VERTEX
  8
PARTICELLE
 10
   49085.706
 20
   46203.608
 30
0.0
  0
VERTEX
  8
PARTICELLE
 10
   49095.090
 20
   46200.183
 30
0.0
  0
VERTEX
  8
PARTICELLE
 10
   49099.312
 20
   46210.646
 30
0.0
  0
VERTEX
  8
PARTICELLE
 10
   49106.224
 20
   46227.825
 30
0.0
  0
VERTEX
  8
PARTICELLE
 10
   49110.099
 20
   46237.376
 30
0.0
  0
VERTEX
  8
PARTICELLE
 10
   49100.648
 20
   46241.029
 30
0.0
  0
VERTEX
  8
PARTICELLE
 10
   49098.200
 20
   46242.048
 30
0.0
  0
VERTEX
  8
PARTICELLE
 10
   49096.061
 20
   46236.843
 30
0.0
  0
VERTEX
  8
PARTICELLE
 10
   49094.404
 20
   46232.909
 30
0.0
  0
VERTEX
  8
PARTICELLE
 10
   49093.955
 20
   46231.713
 30
0.0
  0
VERTEX
  8
PARTICELLE
 10
   49093.011
 20
   46229.441
 30
0.0
  0
VERTEX
  8
PARTICELLE
 10
   49092.129
 20
   46227.284
 30
0.0
  0
VERTEX
  8
PARTICELLE
 10
   49089.929
 20
   46221.820
 30
0.0
  0
VERTEX
  8
PARTICELLE
 10
   49087.769
 20
   46216.414
 30
0.0
  0
VERTEX
  8
PARTICELLE
 10
   49087.123
 20
   46214.739
 30
0.0
  0
VERTEX
  8
PARTICELLE
 10
   49086.715
 20
   46213.661
 30
0.0
  0
VERTEX
  8
PARTICELLE
 10
   49085.550
 20
   46210.712
 30
0.0
  0
VERTEX
  8
PARTICELLE
 10
   49083.191
 20
   46204.548
 30
0.0
  0
VERTEX
  8
PARTICELLE
 10
   49085.706
 20
   46203.608
 30
0.0
  0
SEQEND
  8
PARTICELLE
  0
TEXT
  8
PARTICELLE
 62
7
 10
   49078.073
 20
   46174.327
 30
0.0
 40
       1.800
  1
272
 50
       0.000
  0
POLYLINE
  8
PARTICELLE
 66
1
 10
0.0
 20
0.0
 30
0.0
 70
1
  0
VERTEX
  8
PARTICELLE
 10
   49067.776
 20
   46157.161
 30
0.0
  0
VERTEX
  8
PARTICELLE
 10
   49076.804
 20
   46153.538
 30
0.0
  0
VERTEX
  8
PARTICELLE
 10
   49077.705
 20
   46155.795
 30
0.0
  0
VERTEX
  8
PARTICELLE
 10
   49084.695
 20
   46173.992
 30
0.0
  0
VERTEX
  8
PARTICELLE
 10
   49091.126
 20
   46190.493
 30
0.0
  0
VERTEX
  8
PARTICELLE
 10
   49081.861
 20
   46193.933
 30
0.0
  0
VERTEX
  8
PARTICELLE
 10
   49078.988
 20
   46195.006
 30
0.0
  0
VERTEX
  8
PARTICELLE
 10
   49077.009
 20
   46189.955
 30
0.0
  0
VERTEX
  8
PARTICELLE
 10
   49074.523
 20
   46183.344
 30
0.0
  0
VERTEX
  8
PARTICELLE
 10
   49073.154
 20
   46179.693
 30
0.0
  0
VERTEX
  8
PARTICELLE
 10
   49071.978
 20
   46176.637
 30
0.0
  0
VERTEX
  8
PARTICELLE
 10
   49070.906
 20
   46173.758
 30
0.0
  0
VERTEX
  8
PARTICELLE
 10
   49070.237
 20
   46171.843
 30
0.0
  0
VERTEX
  8
PARTICELLE
 10
   49067.942
 20
   46165.972
 30
0.0
  0
VERTEX
  8
PARTICELLE
 10
   49067.611
 20
   46165.070
 30
0.0
  0
VERTEX
  8
PARTICELLE
 10
   49067.023
 20
   46163.471
 30
0.0
  0
VERTEX
  8
PARTICELLE
 10
   49066.285
 20
   46161.391
 30
0.0
  0
VERTEX
  8
PARTICELLE
 10
   49065.127
 20
   46158.256
 30
0.0
  0
VERTEX
  8
PARTICELLE
 10
   49067.776
 20
   46157.161
 30
0.0
  0
SEQEND
  8
PARTICELLE
  0
TEXT
  8
PARTICELLE
 62
7
 10
   49128.793
 20
   46208.515
 30
0.0
 40
       1.800
  1
273
 50
       0.000
  0
POLYLINE
  8
PARTICELLE
 66
1
 10
0.0
 20
0.0
 30
0.0
 70
1
  0
VERTEX
  8
PARTICELLE
 10
   49116.786
 20
   46191.537
 30
0.0
  0
VERTEX
  8
PARTICELLE
 10
   49125.825
 20
   46188.007
 30
0.0
  0
VERTEX
  8
PARTICELLE
 10
   49128.702
 20
   46186.880
 30
0.0
  0
VERTEX
  8
PARTICELLE
 10
   49134.144
 20
   46200.663
 30
0.0
  0
VERTEX
  8
PARTICELLE
 10
   49141.844
 20
   46219.458
 30
0.0
  0
VERTEX
  8
PARTICELLE
 10
   49143.708
 20
   46223.928
 30
0.0
  0
VERTEX
  8
PARTICELLE
 10
   49140.848
 20
   46225.221
 30
0.0
  0
VERTEX
  8
PARTICELLE
 10
   49132.245
 20
   46228.871
 30
0.0
  0
VERTEX
  8
PARTICELLE
 10
   49129.291
 20
   46230.104
 30
0.0
  0
VERTEX
  8
PARTICELLE
 10
   49128.491
 20
   46227.968
 30
0.0
  0
VERTEX
  8
PARTICELLE
 10
   49127.745
 20
   46226.195
 30
0.0
  0
VERTEX
  8
PARTICELLE
 10
   49127.281
 20
   46225.000
 30
0.0
  0
VERTEX
  8
PARTICELLE
 10
   49126.185
 20
   46222.395
 30
0.0
  0
VERTEX
  8
PARTICELLE
 10
   49123.793
 20
   46216.539
 30
0.0
  0
VERTEX
  8
PARTICELLE
 10
   49121.600
 20
   46211.253
 30
0.0
  0
VERTEX
  8
PARTICELLE
 10
   49119.476
 20
   46206.135
 30
0.0
  0
VERTEX
  8
PARTICELLE
 10
   49116.108
 20
   46197.939
 30
0.0
  0
VERTEX
  8
PARTICELLE
 10
   49115.634
 20
   46196.726
 30
0.0
  0
VERTEX
  8
PARTICELLE
 10
   49114.609
 20
   46194.276
 30
0.0
  0
VERTEX
  8
PARTICELLE
 10
   49113.942
 20
   46192.671
 30
0.0
  0
VERTEX
  8
PARTICELLE
 10
   49116.786
 20
   46191.537
 30
0.0
  0
SEQEND
  8
PARTICELLE
  0
TEXT
  8
PARTICELLE
 62
7
 10
   49110.232
 20
   46162.053
 30
0.0
 40
       1.800
  1
274
 50
       0.000
  0
POLYLINE
  8
PARTICELLE
 66
1
 10
0.0
 20
0.0
 30
0.0
 70
1
  0
VERTEX
  8
PARTICELLE
 10
   49121.474
 20
   46178.840
 30
0.0
  0
VERTEX
  8
PARTICELLE
 10
   49113.180
 20
   46182.246
 30
0.0
  0
VERTEX
  8
PARTICELLE
 10
   49113.154
 20
   46182.257
 30
0.0
  0
VERTEX
  8
PARTICELLE
 10
   49110.219
 20
   46183.473
 30
0.0
  0
VERTEX
  8
PARTICELLE
 10
   49109.003
 20
   46180.422
 30
0.0
  0
VERTEX
  8
PARTICELLE
 10
   49108.179
 20
   46178.256
 30
0.0
  0
VERTEX
  8
PARTICELLE
 10
   49107.475
 20
   46176.329
 30
0.0
  0
VERTEX
  8
PARTICELLE
 10
   49106.657
 20
   46174.198
 30
0.0
  0
VERTEX
  8
PARTICELLE
 10
   49106.623
 20
   46174.112
 30
0.0
  0
VERTEX
  8
PARTICELLE
 10
   49105.684
 20
   46171.587
 30
0.0
  0
VERTEX
  8
PARTICELLE
 10
   49105.090
 20
   46170.058
 30
0.0
  0
VERTEX
  8
PARTICELLE
 10
   49104.248
 20
   46167.650
 30
0.0
  0
VERTEX
  8
PARTICELLE
 10
   49103.307
 20
   46165.191
 30
0.0
  0
VERTEX
  8
PARTICELLE
 10
   49103.121
 20
   46164.756
 30
0.0
  0
VERTEX
  8
PARTICELLE
 10
   49103.098
 20
   46164.700
 30
0.0
  0
VERTEX
  8
PARTICELLE
 10
   49102.822
 20
   46163.901
 30
0.0
  0
VERTEX
  8
PARTICELLE
 10
   49101.923
 20
   46161.494
 30
0.0
  0
VERTEX
  8
PARTICELLE
 10
   49101.397
 20
   46160.146
 30
0.0
  0
VERTEX
  8
PARTICELLE
 10
   49101.208
 20
   46159.667
 30
0.0
  0
VERTEX
  8
PARTICELLE
 10
   49099.790
 20
   46155.904
 30
0.0
  0
VERTEX
  8
PARTICELLE
 10
   49098.954
 20
   46153.707
 30
0.0
  0
VERTEX
  8
PARTICELLE
 10
   49097.958
 20
   46151.062
 30
0.0
  0
VERTEX
  8
PARTICELLE
 10
   49096.104
 20
   46145.971
 30
0.0
  0
VERTEX
  8
PARTICELLE
 10
   49098.930
 20
   46144.732
 30
0.0
  0
VERTEX
  8
PARTICELLE
 10
   49107.377
 20
   46141.374
 30
0.0
  0
VERTEX
  8
PARTICELLE
 10
   49110.081
 20
   46140.331
 30
0.0
  0
VERTEX
  8
PARTICELLE
 10
   49111.467
 20
   46143.992
 30
0.0
  0
VERTEX
  8
PARTICELLE
 10
   49116.109
 20
   46156.247
 30
0.0
  0
VERTEX
  8
PARTICELLE
 10
   49124.310
 20
   46177.660
 30
0.0
  0
VERTEX
  8
PARTICELLE
 10
   49121.474
 20
   46178.840
 30
0.0
  0
SEQEND
  8
PARTICELLE
  0
TEXT
  8
PARTICELLE
 62
7
 10
   49034.390
 20
   46244.315
 30
0.0
 40
       1.800
  1
276
 50
       0.000
  0
POLYLINE
  8
PARTICELLE
 66
1
 10
0.0
 20
0.0
 30
0.0
 70
1
  0
VERTEX
  8
PARTICELLE
 10
   49024.292
 20
   46226.781
 30
0.0
  0
VERTEX
  8
PARTICELLE
 10
   49032.855
 20
   46223.441
 30
0.0
  0
VERTEX
  8
PARTICELLE
 10
   49039.584
 20
   46241.486
 30
0.0
  0
VERTEX
  8
PARTICELLE
 10
   49046.996
 20
   46261.290
 30
0.0
  0
VERTEX
  8
PARTICELLE
 10
   49038.604
 20
   46264.617
 30
0.0
  0
VERTEX
  8
PARTICELLE
 10
   49036.214
 20
   46265.579
 30
0.0
  0
VERTEX
  8
PARTICELLE
 10
   49035.075
 20
   46262.671
 30
0.0
  0
VERTEX
  8
PARTICELLE
 10
   49034.245
 20
   46260.460
 30
0.0
  0
VERTEX
  8
PARTICELLE
 10
   49033.910
 20
   46259.596
 30
0.0
  0
VERTEX
  8
PARTICELLE
 10
   49033.547
 20
   46258.666
 30
0.0
  0
VERTEX
  8
PARTICELLE
 10
   49032.623
 20
   46256.133
 30
0.0
  0
VERTEX
  8
PARTICELLE
 10
   49031.461
 20
   46253.125
 30
0.0
  0
VERTEX
  8
PARTICELLE
 10
   49031.016
 20
   46251.955
 30
0.0
  0
VERTEX
  8
PARTICELLE
 10
   49029.092
 20
   46247.015
 30
0.0
  0
VERTEX
  8
PARTICELLE
 10
   49027.674
 20
   46243.357
 30
0.0
  0
VERTEX
  8
PARTICELLE
 10
   49027.083
 20
   46241.903
 30
0.0
  0
VERTEX
  8
PARTICELLE
 10
   49026.694
 20
   46240.819
 30
0.0
  0
VERTEX
  8
PARTICELLE
 10
   49023.555
 20
   46232.835
 30
0.0
  0
VERTEX
  8
PARTICELLE
 10
   49021.708
 20
   46227.782
 30
0.0
  0
VERTEX
  8
PARTICELLE
 10
   49024.292
 20
   46226.781
 30
0.0
  0
SEQEND
  8
PARTICELLE
  0
TEXT
  8
PARTICELLE
 62
7
 10
   48886.211
 20
   46548.516
 30
0.0
 40
       1.800
  1
28
 50
       0.000
  0
POLYLINE
  8
PARTICELLE
 66
1
 10
0.0
 20
0.0
 30
0.0
 70
1
  0
VERTEX
  8
PARTICELLE
 10
   48898.775
 20
   46551.070
 30
0.0
  0
VERTEX
  8
PARTICELLE
 10
   48895.996
 20
   46553.006
 30
0.0
  0
VERTEX
  8
PARTICELLE
 10
   48894.377
 20
   46554.078
 30
0.0
  0
VERTEX
  8
PARTICELLE
 10
   48892.146
 20
   46555.556
 30
0.0
  0
VERTEX
  8
PARTICELLE
 10
   48884.127
 20
   46560.830
 30
0.0
  0
VERTEX
  8
PARTICELLE
 10
   48881.068
 20
   46562.867
 30
0.0
  0
VERTEX
  8
PARTICELLE
 10
   48877.623
 20
   46557.767
 30
0.0
  0
VERTEX
  8
PARTICELLE
 10
   48869.515
 20
   46546.220
 30
0.0
  0
VERTEX
  8
PARTICELLE
 10
   48874.185
 20
   46543.227
 30
0.0
  0
VERTEX
  8
PARTICELLE
 10
   48886.411
 20
   46535.048
 30
0.0
  0
VERTEX
  8
PARTICELLE
 10
   48887.926
 20
   46534.097
 30
0.0
  0
VERTEX
  8
PARTICELLE
 10
   48894.977
 20
   46545.325
 30
0.0
  0
VERTEX
  8
PARTICELLE
 10
   48896.130
 20
   46546.972
 30
0.0
  0
VERTEX
  8
PARTICELLE
 10
   48898.684
 20
   46545.049
 30
0.0
  0
VERTEX
  8
PARTICELLE
 10
   48901.525
 20
   46549.298
 30
0.0
  0
VERTEX
  8
PARTICELLE
 10
   48898.775
 20
   46551.070
 30
0.0
  0
SEQEND
  8
PARTICELLE
  0
TEXT
  8
PARTICELLE
 62
7
 10
   48858.430
 20
   46534.999
 30
0.0
 40
       1.800
  1
29
 50
       0.000
  0
POLYLINE
  8
PARTICELLE
 66
1
 10
0.0
 20
0.0
 30
0.0
 70
1
  0
VERTEX
  8
PARTICELLE
 10
   48856.757
 20
   46548.255
 30
0.0
  0
VERTEX
  8
PARTICELLE
 10
   48847.715
 20
   46535.953
 30
0.0
  0
VERTEX
  8
PARTICELLE
 10
   48856.493
 20
   46530.135
 30
0.0
  0
VERTEX
  8
PARTICELLE
 10
   48862.631
 20
   46526.000
 30
0.0
  0
VERTEX
  8
PARTICELLE
 10
   48863.530
 20
   46523.528
 30
0.0
  0
VERTEX
  8
PARTICELLE
 10
   48867.262
 20
   46512.251
 30
0.0
  0
VERTEX
  8
PARTICELLE
 10
   48881.459
 20
   46531.398
 30
0.0
  0
VERTEX
  8
PARTICELLE
 10
   48875.700
 20
   46535.258
 30
0.0
  0
VERTEX
  8
PARTICELLE
 10
   48866.170
 20
   46541.813
 30
0.0
  0
VERTEX
  8
PARTICELLE
 10
   48860.524
 20
   46545.682
 30
0.0
  0
VERTEX
  8
PARTICELLE
 10
   48856.757
 20
   46548.255
 30
0.0
  0
SEQEND
  8
PARTICELLE
  0
TEXT
  8
PARTICELLE
 62
7
 10
   48902.219
 20
   46543.034
 30
0.0
 40
       1.800
  1
30
 50
       0.000
  0
POLYLINE
  8
PARTICELLE
 66
1
 10
0.0
 20
0.0
 30
0.0
 70
1
  0
VERTEX
  8
PARTICELLE
 10
   48887.926
 20
   46534.097
 30
0.0
  0
VERTEX
  8
PARTICELLE
 10
   48889.738
 20
   46532.831
 30
0.0
  0
VERTEX
  8
PARTICELLE
 10
   48900.510
 20
   46525.464
 30
0.0
  0
VERTEX
  8
PARTICELLE
 10
   48908.369
 20
   46537.273
 30
0.0
  0
VERTEX
  8
PARTICELLE
 10
   48911.756
 20
   46542.371
 30
0.0
  0
VERTEX
  8
PARTICELLE
 10
   48901.525
 20
   46549.298
 30
0.0
  0
VERTEX
  8
PARTICELLE
 10
   48898.684
 20
   46545.049
 30
0.0
  0
VERTEX
  8
PARTICELLE
 10
   48896.130
 20
   46546.972
 30
0.0
  0
VERTEX
  8
PARTICELLE
 10
   48894.977
 20
   46545.325
 30
0.0
  0
VERTEX
  8
PARTICELLE
 10
   48887.926
 20
   46534.097
 30
0.0
  0
SEQEND
  8
PARTICELLE
  0
TEXT
  8
PARTICELLE
 62
7
 10
   48884.967
 20
   46507.888
 30
0.0
 40
       1.200
  1
31
 50
       0.000
  0
POLYLINE
  8
PARTICELLE
 66
1
 10
0.0
 20
0.0
 30
0.0
 70
1
  0
VERTEX
  8
PARTICELLE
 10
   48869.252
 20
   46506.771
 30
0.0
  0
VERTEX
  8
PARTICELLE
 10
   48869.608
 20
   46505.156
 30
0.0
  0
VERTEX
  8
PARTICELLE
 10
   48870.837
 20
   46500.116
 30
0.0
  0
VERTEX
  8
PARTICELLE
 10
   48871.646
 20
   46499.223
 30
0.0
  0
VERTEX
  8
PARTICELLE
 10
   48877.494
 20
   46495.331
 30
0.0
  0
VERTEX
  8
PARTICELLE
 10
   48886.749
 20
   46489.301
 30
0.0
  0
VERTEX
  8
PARTICELLE
 10
   48888.140
 20
   46491.121
 30
0.0
  0
VERTEX
  8
PARTICELLE
 10
   48890.623
 20
   46494.765
 30
0.0
  0
VERTEX
  8
PARTICELLE
 10
   48899.226
 20
   46507.484
 30
0.0
  0
VERTEX
  8
PARTICELLE
 10
   48904.493
 20
   46515.117
 30
0.0
  0
VERTEX
  8
PARTICELLE
 10
   48888.911
 20
   46526.107
 30
0.0
  0
VERTEX
  8
PARTICELLE
 10
   48884.653
 20
   46529.226
 30
0.0
  0
VERTEX
  8
PARTICELLE
 10
   48869.252
 20
   46506.771
 30
0.0
  0
SEQEND
  8
PARTICELLE
  0
TEXT
  8
PARTICELLE
 62
7
 10
   48855.814
 20
   46497.261
 30
0.0
 40
       1.200
  1
32
 50
       0.000
  0
POLYLINE
  8
PARTICELLE
 66
1
 10
0.0
 20
0.0
 30
0.0
 70
1
  0
VERTEX
  8
PARTICELLE
 10
   48848.195
 20
   46499.045
 30
0.0
  0
VERTEX
  8
PARTICELLE
 10
   48848.367
 20
   46498.050
 30
0.0
  0
VERTEX
  8
PARTICELLE
 10
   48848.861
 20
   46494.941
 30
0.0
  0
VERTEX
  8
PARTICELLE
 10
   48849.443
 20
   46492.394
 30
0.0
  0
VERTEX
  8
PARTICELLE
 10
   48865.138
 20
   46495.495
 30
0.0
  0
VERTEX
  8
PARTICELLE
 10
   48864.349
 20
   46498.758
 30
0.0
  0
VERTEX
  8
PARTICELLE
 10
   48863.345
 20
   46502.691
 30
0.0
  0
VERTEX
  8
PARTICELLE
 10
   48854.666
 20
   46501.055
 30
0.0
  0
VERTEX
  8
PARTICELLE
 10
   48852.122
 20
   46500.635
 30
0.0
  0
VERTEX
  8
PARTICELLE
 10
   48848.195
 20
   46499.045
 30
0.0
  0
SEQEND
  8
PARTICELLE
  0
TEXT
  8
PARTICELLE
 62
7
 10
   48828.821
 20
   46582.094
 30
0.0
 40
       1.800
  1
325
 50
       0.000
  0
POLYLINE
  8
PARTICELLE
 66
1
 10
0.0
 20
0.0
 30
0.0
 70
1
  0
VERTEX
  8
PARTICELLE
 10
   48838.605
 20
   46590.643
 30
0.0
  0
VERTEX
  8
PARTICELLE
 10
   48834.502
 20
   46593.319
 30
0.0
  0
VERTEX
  8
PARTICELLE
 10
   48834.471
 20
   46593.274
 30
0.0
  0
VERTEX
  8
PARTICELLE
 10
   48823.583
 20
   46576.989
 30
0.0
  0
VERTEX
  8
PARTICELLE
 10
   48828.730
 20
   46573.580
 30
0.0
  0
VERTEX
  8
PARTICELLE
 10
   48839.691
 20
   46589.953
 30
0.0
  0
VERTEX
  8
PARTICELLE
 10
   48839.629
 20
   46589.992
 30
0.0
  0
VERTEX
  8
PARTICELLE
 10
   48838.605
 20
   46590.643
 30
0.0
  0
SEQEND
  8
PARTICELLE
  0
TEXT
  8
PARTICELLE
 62
7
 10
   48857.770
 20
   46507.909
 30
0.0
 40
       1.200
  1
327
 50
       0.000
  0
POLYLINE
  8
PARTICELLE
 66
1
 10
0.0
 20
0.0
 30
0.0
 70
1
  0
VERTEX
  8
PARTICELLE
 10
   48849.835
 20
   46512.510
 30
0.0
  0
VERTEX
  8
PARTICELLE
 10
   48852.122
 20
   46500.635
 30
0.0
  0
VERTEX
  8
PARTICELLE
 10
   48854.666
 20
   46501.055
 30
0.0
  0
VERTEX
  8
PARTICELLE
 10
   48863.345
 20
   46502.691
 30
0.0
  0
VERTEX
  8
PARTICELLE
 10
   48865.161
 20
   46502.897
 30
0.0
  0
VERTEX
  8
PARTICELLE
 10
   48863.196
 20
   46509.589
 30
0.0
  0
VERTEX
  8
PARTICELLE
 10
   48860.356
 20
   46519.180
 30
0.0
  0
VERTEX
  8
PARTICELLE
 10
   48853.095
 20
   46513.442
 30
0.0
  0
VERTEX
  8
PARTICELLE
 10
   48852.124
 20
   46513.130
 30
0.0
  0
VERTEX
  8
PARTICELLE
 10
   48849.835
 20
   46512.510
 30
0.0
  0
SEQEND
  8
PARTICELLE
  0
TEXT
  8
PARTICELLE
 62
7
 10
   48842.175
 20
   46501.766
 30
0.0
 40
       1.200
  1
33
 50
       0.000
  0
POLYLINE
  8
PARTICELLE
 66
1
 10
0.0
 20
0.0
 30
0.0
 70
1
  0
VERTEX
  8
PARTICELLE
 10
   48834.758
 20
   46501.643
 30
0.0
  0
VERTEX
  8
PARTICELLE
 10
   48836.289
 20
   46494.265
 30
0.0
  0
VERTEX
  8
PARTICELLE
 10
   48840.321
 20
   46493.421
 30
0.0
  0
VERTEX
  8
PARTICELLE
 10
   48840.041
 20
   46495.465
 30
0.0
  0
VERTEX
  8
PARTICELLE
 10
   48839.850
 20
   46496.803
 30
0.0
  0
VERTEX
  8
PARTICELLE
 10
   48845.273
 20
   46499.461
 30
0.0
  0
VERTEX
  8
PARTICELLE
 10
   48850.123
 20
   46502.000
 30
0.0
  0
VERTEX
  8
PARTICELLE
 10
   48848.742
 20
   46509.466
 30
0.0
  0
VERTEX
  8
PARTICELLE
 10
   48839.660
 20
   46504.446
 30
0.0
  0
VERTEX
  8
PARTICELLE
 10
   48834.758
 20
   46501.643
 30
0.0
  0
SEQEND
  8
PARTICELLE
  0
TEXT
  8
PARTICELLE
 62
7
 10
   48755.555
 20
   46432.104
 30
0.0
 40
       1.800
  1
330
 50
       0.000
  0
POLYLINE
  8
PARTICELLE
 66
1
 10
0.0
 20
0.0
 30
0.0
 70
1
  0
VERTEX
  8
PARTICELLE
 10
   48754.626
 20
   46433.192
 30
0.0
  0
VERTEX
  8
PARTICELLE
 10
   48756.058
 20
   46428.956
 30
0.0
  0
VERTEX
  8
PARTICELLE
 10
   48755.403
 20
   46430.976
 30
0.0
  0
VERTEX
  8
PARTICELLE
 10
   48755.544
 20
   46430.984
 30
0.0
  0
VERTEX
  8
PARTICELLE
 10
   48761.995
 20
   46431.125
 30
0.0
  0
VERTEX
  8
PARTICELLE
 10
   48761.785
 20
   46432.365
 30
0.0
  0
VERTEX
  8
PARTICELLE
 10
   48761.380
 20
   46435.251
 30
0.0
  0
VERTEX
  8
PARTICELLE
 10
   48754.139
 20
   46434.675
 30
0.0
  0
VERTEX
  8
PARTICELLE
 10
   48754.108
 20
   46434.688
 30
0.0
  0
VERTEX
  8
PARTICELLE
 10
   48754.626
 20
   46433.192
 30
0.0
  0
SEQEND
  8
PARTICELLE
  0
TEXT
  8
PARTICELLE
 62
7
 10
   48844.514
 20
   46488.670
 30
0.0
 40
       1.200
  1
332
 50
       0.000
  0
POLYLINE
  8
PARTICELLE
 66
1
 10
0.0
 20
0.0
 30
0.0
 70
1
  0
VERTEX
  8
PARTICELLE
 10
   48840.321
 20
   46493.421
 30
0.0
  0
VERTEX
  8
PARTICELLE
 10
   48836.289
 20
   46494.265
 30
0.0
  0
VERTEX
  8
PARTICELLE
 10
   48837.342
 20
   46485.431
 30
0.0
  0
VERTEX
  8
PARTICELLE
 10
   48837.856
 20
   46482.655
 30
0.0
  0
VERTEX
  8
PARTICELLE
 10
   48840.433
 20
   46482.897
 30
0.0
  0
VERTEX
  8
PARTICELLE
 10
   48841.664
 20
   46483.012
 30
0.0
  0
VERTEX
  8
PARTICELLE
 10
   48849.013
 20
   46483.889
 30
0.0
  0
VERTEX
  8
PARTICELLE
 10
   48850.651
 20
   46484.008
 30
0.0
  0
VERTEX
  8
PARTICELLE
 10
   48849.443
 20
   46492.394
 30
0.0
  0
VERTEX
  8
PARTICELLE
 10
   48848.861
 20
   46494.941
 30
0.0
  0
VERTEX
  8
PARTICELLE
 10
   48848.367
 20
   46498.050
 30
0.0
  0
VERTEX
  8
PARTICELLE
 10
   48848.195
 20
   46499.045
 30
0.0
  0
VERTEX
  8
PARTICELLE
 10
   48845.228
 20
   46497.747
 30
0.0
  0
VERTEX
  8
PARTICELLE
 10
   48840.041
 20
   46495.465
 30
0.0
  0
VERTEX
  8
PARTICELLE
 10
   48840.321
 20
   46493.421
 30
0.0
  0
SEQEND
  8
PARTICELLE
  0
TEXT
  8
PARTICELLE
 62
7
 10
   48757.197
 20
   46427.339
 30
0.0
 40
       1.200
  1
333
 50
     300.539
  0
POLYLINE
  8
PARTICELLE
 66
1
 10
0.0
 20
0.0
 30
0.0
 70
1
  0
VERTEX
  8
PARTICELLE
 10
   48756.058
 20
   46428.956
 30
0.0
  0
VERTEX
  8
PARTICELLE
 10
   48756.373
 20
   46427.968
 30
0.0
  0
VERTEX
  8
PARTICELLE
 10
   48756.598
 20
   46427.264
 30
0.0
  0
VERTEX
  8
PARTICELLE
 10
   48757.633
 20
   46423.581
 30
0.0
  0
VERTEX
  8
PARTICELLE
 10
   48760.906
 20
   46423.230
 30
0.0
  0
VERTEX
  8
PARTICELLE
 10
   48761.494
 20
   46427.908
 30
0.0
  0
VERTEX
  8
PARTICELLE
 10
   48756.679
 20
   46428.916
 30
0.0
  0
VERTEX
  8
PARTICELLE
 10
   48756.058
 20
   46428.956
 30
0.0
  0
SEQEND
  8
PARTICELLE
  0
TEXT
  8
PARTICELLE
 62
7
 10
   48762.124
 20
   46424.679
 30
0.0
 40
       1.800
  1
334
 50
       0.000
  0
POLYLINE
  8
PARTICELLE
 66
1
 10
0.0
 20
0.0
 30
0.0
 70
1
  0
VERTEX
  8
PARTICELLE
 10
   48761.494
 20
   46427.908
 30
0.0
  0
VERTEX
  8
PARTICELLE
 10
   48760.906
 20
   46423.230
 30
0.0
  0
VERTEX
  8
PARTICELLE
 10
   48768.041
 20
   46421.886
 30
0.0
  0
VERTEX
  8
PARTICELLE
 10
   48768.688
 20
   46426.798
 30
0.0
  0
VERTEX
  8
PARTICELLE
 10
   48761.494
 20
   46427.908
 30
0.0
  0
SEQEND
  8
PARTICELLE
  0
TEXT
  8
PARTICELLE
 62
7
 10
   48770.829
 20
   46423.040
 30
0.0
 40
       1.800
  1
335
 50
       0.000
  0
POLYLINE
  8
PARTICELLE
 66
1
 10
0.0
 20
0.0
 30
0.0
 70
1
  0
VERTEX
  8
PARTICELLE
 10
   48768.688
 20
   46426.798
 30
0.0
  0
VERTEX
  8
PARTICELLE
 10
   48768.041
 20
   46421.886
 30
0.0
  0
VERTEX
  8
PARTICELLE
 10
   48776.137
 20
   46420.379
 30
0.0
  0
VERTEX
  8
PARTICELLE
 10
   48777.522
 20
   46425.548
 30
0.0
  0
VERTEX
  8
PARTICELLE
 10
   48773.241
 20
   46426.095
 30
0.0
  0
VERTEX
  8
PARTICELLE
 10
   48773.374
 20
   46427.199
 30
0.0
  0
VERTEX
  8
PARTICELLE
 10
   48772.307
 20
   46427.279
 30
0.0
  0
VERTEX
  8
PARTICELLE
 10
   48772.177
 20
   46426.327
 30
0.0
  0
VERTEX
  8
PARTICELLE
 10
   48768.688
 20
   46426.798
 30
0.0
  0
SEQEND
  8
PARTICELLE
  0
TEXT
  8
PARTICELLE
 62
7
 10
   48856.429
 20
   46411.966
 30
0.0
 40
       1.800
  1
339
 50
       0.000
  0
POLYLINE
  8
PARTICELLE
 66
1
 10
0.0
 20
0.0
 30
0.0
 70
1
  0
VERTEX
  8
PARTICELLE
 10
   48854.947
 20
   46415.733
 30
0.0
  0
VERTEX
  8
PARTICELLE
 10
   48854.833
 20
   46410.190
 30
0.0
  0
VERTEX
  8
PARTICELLE
 10
   48862.887
 20
   46408.746
 30
0.0
  0
VERTEX
  8
PARTICELLE
 10
   48863.144
 20
   46409.994
 30
0.0
  0
VERTEX
  8
PARTICELLE
 10
   48864.622
 20
   46415.180
 30
0.0
  0
VERTEX
  8
PARTICELLE
 10
   48860.519
 20
   46415.450
 30
0.0
  0
VERTEX
  8
PARTICELLE
 10
   48854.947
 20
   46415.733
 30
0.0
  0
SEQEND
  8
PARTICELLE
  0
TEXT
  8
PARTICELLE
 62
7
 10
   48830.750
 20
   46486.743
 30
0.0
 40
       1.200
  1
34
 50
       0.000
  0
POLYLINE
  8
PARTICELLE
 66
1
 10
0.0
 20
0.0
 30
0.0
 70
1
  0
VERTEX
  8
PARTICELLE
 10
   48827.158
 20
   46485.919
 30
0.0
  0
VERTEX
  8
PARTICELLE
 10
   48827.190
 20
   46485.111
 30
0.0
  0
VERTEX
  8
PARTICELLE
 10
   48827.349
 20
   46474.855
 30
0.0
  0
VERTEX
  8
PARTICELLE
 10
   48829.909
 20
   46474.955
 30
0.0
  0
VERTEX
  8
PARTICELLE
 10
   48831.465
 20
   46475.623
 30
0.0
  0
VERTEX
  8
PARTICELLE
 10
   48831.454
 20
   46477.063
 30
0.0
  0
VERTEX
  8
PARTICELLE
 10
   48836.795
 20
   46474.566
 30
0.0
  0
VERTEX
  8
PARTICELLE
 10
   48837.331
 20
   46474.938
 30
0.0
  0
VERTEX
  8
PARTICELLE
 10
   48834.498
 20
   46485.187
 30
0.0
  0
VERTEX
  8
PARTICELLE
 10
   48834.324
 20
   46485.921
 30
0.0
  0
VERTEX
  8
PARTICELLE
 10
   48834.259
 20
   46486.315
 30
0.0
  0
VERTEX
  8
PARTICELLE
 10
   48831.899
 20
   46500.051
 30
0.0
  0
VERTEX
  8
PARTICELLE
 10
   48825.715
 20
   46497.049
 30
0.0
  0
VERTEX
  8
PARTICELLE
 10
   48826.154
 20
   46493.296
 30
0.0
  0
VERTEX
  8
PARTICELLE
 10
   48827.158
 20
   46485.919
 30
0.0
  0
SEQEND
  8
PARTICELLE
  0
TEXT
  8
PARTICELLE
 62
7
 10
   48838.582
 20
   46387.299
 30
0.0
 40
       1.800
  1
340
 50
       0.000
  0
POLYLINE
  8
PARTICELLE
 66
1
 10
0.0
 20
0.0
 30
0.0
 70
1
  0
VERTEX
  8
PARTICELLE
 10
   48835.473
 20
   46392.965
 30
0.0
  0
VERTEX
  8
PARTICELLE
 10
   48835.402
 20
   46385.373
 30
0.0
  0
VERTEX
  8
PARTICELLE
 10
   48845.655
 20
   46383.344
 30
0.0
  0
VERTEX
  8
PARTICELLE
 10
   48845.640
 20
   46390.497
 30
0.0
  0
VERTEX
  8
PARTICELLE
 10
   48835.473
 20
   46392.965
 30
0.0
  0
SEQEND
  8
PARTICELLE
  0
TEXT
  8
PARTICELLE
 62
7
 10
   48837.097
 20
   46380.760
 30
0.0
 40
       1.800
  1
341
 50
       0.000
  0
POLYLINE
  8
PARTICELLE
 66
1
 10
0.0
 20
0.0
 30
0.0
 70
1
  0
VERTEX
  8
PARTICELLE
 10
   48832.146
 20
   46385.825
 30
0.0
  0
VERTEX
  8
PARTICELLE
 10
   48833.447
 20
   46379.531
 30
0.0
  0
VERTEX
  8
PARTICELLE
 10
   48835.420
 20
   46379.339
 30
0.0
  0
VERTEX
  8
PARTICELLE
 10
   48845.607
 20
   46377.436
 30
0.0
  0
VERTEX
  8
PARTICELLE
 10
   48845.655
 20
   46383.344
 30
0.0
  0
VERTEX
  8
PARTICELLE
 10
   48835.402
 20
   46385.373
 30
0.0
  0
VERTEX
  8
PARTICELLE
 10
   48833.698
 20
   46385.610
 30
0.0
  0
VERTEX
  8
PARTICELLE
 10
   48832.146
 20
   46385.825
 30
0.0
  0
SEQEND
  8
PARTICELLE
  0
TEXT
  8
PARTICELLE
 62
7
 10
   48804.877
 20
   46300.613
 30
0.0
 40
       1.200
  1
343
 50
       0.000
  0
POLYLINE
  8
PARTICELLE
 66
1
 10
0.0
 20
0.0
 30
0.0
 70
1
  0
VERTEX
  8
PARTICELLE
 10
   48799.805
 20
   46308.601
 30
0.0
  0
VERTEX
  8
PARTICELLE
 10
   48799.729
 20
   46308.577
 30
0.0
  0
VERTEX
  8
PARTICELLE
 10
   48800.617
 20
   46305.144
 30
0.0
  0
VERTEX
  8
PARTICELLE
 10
   48803.427
 20
   46297.405
 30
0.0
  0
VERTEX
  8
PARTICELLE
 10
   48804.941
 20
   46293.063
 30
0.0
  0
VERTEX
  8
PARTICELLE
 10
   48805.933
 20
   46290.564
 30
0.0
  0
VERTEX
  8
PARTICELLE
 10
   48810.115
 20
   46293.981
 30
0.0
  0
VERTEX
  8
PARTICELLE
 10
   48805.250
 20
   46306.929
 30
0.0
  0
VERTEX
  8
PARTICELLE
 10
   48804.125
 20
   46309.975
 30
0.0
  0
VERTEX
  8
PARTICELLE
 10
   48799.805
 20
   46308.601
 30
0.0
  0
SEQEND
  8
PARTICELLE
  0
TEXT
  8
PARTICELLE
 62
7
 10
   48875.768
 20
   46384.531
 30
0.0
 40
       1.200
  1
345
 50
      83.486
  0
POLYLINE
  8
PARTICELLE
 66
1
 10
0.0
 20
0.0
 30
0.0
 70
1
  0
VERTEX
  8
PARTICELLE
 10
   48874.113
 20
   46387.960
 30
0.0
  0
VERTEX
  8
PARTICELLE
 10
   48873.776
 20
   46384.122
 30
0.0
  0
VERTEX
  8
PARTICELLE
 10
   48876.309
 20
   46383.794
 30
0.0
  0
VERTEX
  8
PARTICELLE
 10
   48876.867
 20
   46387.546
 30
0.0
  0
VERTEX
  8
PARTICELLE
 10
   48874.113
 20
   46387.960
 30
0.0
  0
SEQEND
  8
PARTICELLE
  0
TEXT
  8
PARTICELLE
 62
7
 10
   48878.387
 20
   46383.986
 30
0.0
 40
       1.200
  1
346
 50
      80.621
  0
POLYLINE
  8
PARTICELLE
 66
1
 10
0.0
 20
0.0
 30
0.0
 70
1
  0
VERTEX
  8
PARTICELLE
 10
   48876.867
 20
   46387.546
 30
0.0
  0
VERTEX
  8
PARTICELLE
 10
   48876.309
 20
   46383.794
 30
0.0
  0
VERTEX
  8
PARTICELLE
 10
   48878.012
 20
   46383.580
 30
0.0
  0
VERTEX
  8
PARTICELLE
 10
   48877.868
 20
   46382.113
 30
0.0
  0
VERTEX
  8
PARTICELLE
 10
   48879.311
 20
   46381.979
 30
0.0
  0
VERTEX
  8
PARTICELLE
 10
   48880.161
 20
   46387.131
 30
0.0
  0
VERTEX
  8
PARTICELLE
 10
   48876.867
 20
   46387.546
 30
0.0
  0
SEQEND
  8
PARTICELLE
  0
TEXT
  8
PARTICELLE
 62
7
 10
   48879.234
 20
   46377.342
 30
0.0
 40
       1.800
  1
347
 50
       0.000
  0
POLYLINE
  8
PARTICELLE
 66
1
 10
0.0
 20
0.0
 30
0.0
 70
1
  0
VERTEX
  8
PARTICELLE
 10
   48875.275
 20
   46378.936
 30
0.0
  0
VERTEX
  8
PARTICELLE
 10
   48875.024
 20
   46376.943
 30
0.0
  0
VERTEX
  8
PARTICELLE
 10
   48880.191
 20
   46376.048
 30
0.0
  0
VERTEX
  8
PARTICELLE
 10
   48883.759
 20
   46375.462
 30
0.0
  0
VERTEX
  8
PARTICELLE
 10
   48884.910
 20
   46375.381
 30
0.0
  0
VERTEX
  8
PARTICELLE
 10
   48885.695
 20
   46379.956
 30
0.0
  0
VERTEX
  8
PARTICELLE
 10
   48879.117
 20
   46380.856
 30
0.0
  0
VERTEX
  8
PARTICELLE
 10
   48878.723
 20
   46378.467
 30
0.0
  0
VERTEX
  8
PARTICELLE
 10
   48875.275
 20
   46378.936
 30
0.0
  0
SEQEND
  8
PARTICELLE
  0
TEXT
  8
PARTICELLE
 62
7
 10
   48867.483
 20
   46352.856
 30
0.0
 40
       1.800
  1
348
 50
       0.000
  0
POLYLINE
  8
PARTICELLE
 66
1
 10
0.0
 20
0.0
 30
0.0
 70
1
  0
VERTEX
  8
PARTICELLE
 10
   48866.400
 20
   46354.937
 30
0.0
  0
VERTEX
  8
PARTICELLE
 10
   48865.613
 20
   46351.194
 30
0.0
  0
VERTEX
  8
PARTICELLE
 10
   48868.608
 20
   46350.773
 30
0.0
  0
VERTEX
  8
PARTICELLE
 10
   48869.243
 20
   46354.464
 30
0.0
  0
VERTEX
  8
PARTICELLE
 10
   48866.400
 20
   46354.937
 30
0.0
  0
SEQEND
  8
PARTICELLE
  0
TEXT
  8
PARTICELLE
 62
7
 10
   48845.993
 20
   46477.389
 30
0.0
 40
       1.200
  1
35
 50
       0.000
  0
POLYLINE
  8
PARTICELLE
 66
1
 10
0.0
 20
0.0
 30
0.0
 70
1
  0
VERTEX
  8
PARTICELLE
 10
   48841.664
 20
   46483.012
 30
0.0
  0
VERTEX
  8
PARTICELLE
 10
   48842.970
 20
   46471.666
 30
0.0
  0
VERTEX
  8
PARTICELLE
 10
   48850.391
 20
   46472.387
 30
0.0
  0
VERTEX
  8
PARTICELLE
 10
   48852.364
 20
   46472.540
 30
0.0
  0
VERTEX
  8
PARTICELLE
 10
   48850.651
 20
   46484.008
 30
0.0
  0
VERTEX
  8
PARTICELLE
 10
   48849.013
 20
   46483.889
 30
0.0
  0
VERTEX
  8
PARTICELLE
 10
   48841.664
 20
   46483.012
 30
0.0
  0
SEQEND
  8
PARTICELLE
  0
TEXT
  8
PARTICELLE
 62
7
 10
   48834.682
 20
   46466.438
 30
0.0
 40
       1.800
  1
36
 50
       0.000
  0
POLYLINE
  8
PARTICELLE
 66
1
 10
0.0
 20
0.0
 30
0.0
 70
1
  0
VERTEX
  8
PARTICELLE
 10
   48829.064
 20
   46469.972
 30
0.0
  0
VERTEX
  8
PARTICELLE
 10
   48826.444
 20
   46466.492
 30
0.0
  0
VERTEX
  8
PARTICELLE
 10
   48832.413
 20
   46462.248
 30
0.0
  0
VERTEX
  8
PARTICELLE
 10
   48842.887
 20
   46454.219
 30
0.0
  0
VERTEX
  8
PARTICELLE
 10
   48844.144
 20
   46456.905
 30
0.0
  0
VERTEX
  8
PARTICELLE
 10
   48849.997
 20
   46469.885
 30
0.0
  0
VERTEX
  8
PARTICELLE
 10
   48847.354
 20
   46468.428
 30
0.0
  0
VERTEX
  8
PARTICELLE
 10
   48846.990
 20
   46468.062
 30
0.0
  0
VERTEX
  8
PARTICELLE
 10
   48832.685
 20
   46474.706
 30
0.0
  0
VERTEX
  8
PARTICELLE
 10
   48829.064
 20
   46469.972
 30
0.0
  0
SEQEND
  8
PARTICELLE
  0
TEXT
  8
PARTICELLE
 62
7
 10
   48827.802
 20
   46456.387
 30
0.0
 40
       1.800
  1
37
 50
       0.000
  0
POLYLINE
  8
PARTICELLE
 66
1
 10
0.0
 20
0.0
 30
0.0
 70
1
  0
VERTEX
  8
PARTICELLE
 10
   48823.953
 20
   46454.417
 30
0.0
  0
VERTEX
  8
PARTICELLE
 10
   48832.350
 20
   46442.448
 30
0.0
  0
VERTEX
  8
PARTICELLE
 10
   48832.364
 20
   46442.426
 30
0.0
  0
VERTEX
  8
PARTICELLE
 10
   48832.837
 20
   46442.463
 30
0.0
  0
VERTEX
  8
PARTICELLE
 10
   48835.995
 20
   46446.129
 30
0.0
  0
VERTEX
  8
PARTICELLE
 10
   48842.887
 20
   46454.219
 30
0.0
  0
VERTEX
  8
PARTICELLE
 10
   48832.413
 20
   46462.248
 30
0.0
  0
VERTEX
  8
PARTICELLE
 10
   48826.444
 20
   46466.492
 30
0.0
  0
VERTEX
  8
PARTICELLE
 10
   48816.132
 20
   46465.853
 30
0.0
  0
VERTEX
  8
PARTICELLE
 10
   48817.660
 20
   46463.332
 30
0.0
  0
VERTEX
  8
PARTICELLE
 10
   48823.670
 20
   46454.811
 30
0.0
  0
VERTEX
  8
PARTICELLE
 10
   48823.953
 20
   46454.417
 30
0.0
  0
SEQEND
  8
PARTICELLE
  0
TEXT
  8
PARTICELLE
 62
7
 10
   48868.103
 20
   46474.848
 30
0.0
 40
       1.800
  1
38
 50
       0.000
  0
POLYLINE
  8
PARTICELLE
 66
1
 10
0.0
 20
0.0
 30
0.0
 70
1
  0
VERTEX
  8
PARTICELLE
 10
   48855.238
 20
   46470.315
 30
0.0
  0
VERTEX
  8
PARTICELLE
 10
   48857.378
 20
   46468.889
 30
0.0
  0
VERTEX
  8
PARTICELLE
 10
   48868.378
 20
   46461.890
 30
0.0
  0
VERTEX
  8
PARTICELLE
 10
   48874.799
 20
   46471.429
 30
0.0
  0
VERTEX
  8
PARTICELLE
 10
   48883.870
 20
   46484.636
 30
0.0
  0
VERTEX
  8
PARTICELLE
 10
   48871.885
 20
   46492.763
 30
0.0
  0
VERTEX
  8
PARTICELLE
 10
   48862.601
 20
   46480.095
 30
0.0
  0
VERTEX
  8
PARTICELLE
 10
   48855.238
 20
   46470.315
 30
0.0
  0
SEQEND
  8
PARTICELLE
  0
TEXT
  8
PARTICELLE
 62
7
 10
   48856.138
 20
   46460.323
 30
0.0
 40
       1.800
  1
39
 50
       0.000
  0
POLYLINE
  8
PARTICELLE
 66
1
 10
0.0
 20
0.0
 30
0.0
 70
1
  0
VERTEX
  8
PARTICELLE
 10
   48850.101
 20
   46464.712
 30
0.0
  0
VERTEX
  8
PARTICELLE
 10
   48848.672
 20
   46460.180
 30
0.0
  0
VERTEX
  8
PARTICELLE
 10
   48850.210
 20
   46459.154
 30
0.0
  0
VERTEX
  8
PARTICELLE
 10
   48851.015
 20
   46458.727
 30
0.0
  0
VERTEX
  8
PARTICELLE
 10
   48861.467
 20
   46451.782
 30
0.0
  0
VERTEX
  8
PARTICELLE
 10
   48868.378
 20
   46461.890
 30
0.0
  0
VERTEX
  8
PARTICELLE
 10
   48857.378
 20
   46468.889
 30
0.0
  0
VERTEX
  8
PARTICELLE
 10
   48855.238
 20
   46470.315
 30
0.0
  0
VERTEX
  8
PARTICELLE
 10
   48852.332
 20
   46472.030
 30
0.0
  0
VERTEX
  8
PARTICELLE
 10
   48850.101
 20
   46464.712
 30
0.0
  0
SEQEND
  8
PARTICELLE
  0
TEXT
  8
PARTICELLE
 62
7
 10
   48853.516
 20
   46448.791
 30
0.0
 40
       1.800
  1
40
 50
       0.000
  0
POLYLINE
  8
PARTICELLE
 66
1
 10
0.0
 20
0.0
 30
0.0
 70
1
  0
VERTEX
  8
PARTICELLE
 10
   48843.016
 20
   46451.426
 30
0.0
  0
VERTEX
  8
PARTICELLE
 10
   48845.542
 20
   46449.294
 30
0.0
  0
VERTEX
  8
PARTICELLE
 10
   48845.069
 20
   46448.475
 30
0.0
  0
VERTEX
  8
PARTICELLE
 10
   48855.505
 20
   46442.635
 30
0.0
  0
VERTEX
  8
PARTICELLE
 10
   48861.467
 20
   46451.782
 30
0.0
  0
VERTEX
  8
PARTICELLE
 10
   48851.015
 20
   46458.727
 30
0.0
  0
VERTEX
  8
PARTICELLE
 10
   48850.210
 20
   46459.154
 30
0.0
  0
VERTEX
  8
PARTICELLE
 10
   48848.672
 20
   46460.180
 30
0.0
  0
VERTEX
  8
PARTICELLE
 10
   48846.077
 20
   46456.163
 30
0.0
  0
VERTEX
  8
PARTICELLE
 10
   48843.016
 20
   46451.426
 30
0.0
  0
SEQEND
  8
PARTICELLE
  0
TEXT
  8
PARTICELLE
 62
7
 10
   48845.644
 20
   46439.608
 30
0.0
 40
       1.800
  1
41
 50
       0.000
  0
POLYLINE
  8
PARTICELLE
 66
1
 10
0.0
 20
0.0
 30
0.0
 70
1
  0
VERTEX
  8
PARTICELLE
 10
   48845.069
 20
   46448.475
 30
0.0
  0
VERTEX
  8
PARTICELLE
 10
   48838.377
 20
   46439.254
 30
0.0
  0
VERTEX
  8
PARTICELLE
 10
   48848.758
 20
   46433.017
 30
0.0
  0
VERTEX
  8
PARTICELLE
 10
   48855.505
 20
   46442.635
 30
0.0
  0
VERTEX
  8
PARTICELLE
 10
   48845.069
 20
   46448.475
 30
0.0
  0
SEQEND
  8
PARTICELLE
  0
TEXT
  8
PARTICELLE
 62
7
 10
   48838.927
 20
   46444.485
 30
0.0
 40
       1.800
  1
42
 50
       0.000
  0
POLYLINE
  8
PARTICELLE
 66
1
 10
0.0
 20
0.0
 30
0.0
 70
1
  0
VERTEX
  8
PARTICELLE
 10
   48834.706
 20
   46441.282
 30
0.0
  0
VERTEX
  8
PARTICELLE
 10
   48838.377
 20
   46439.254
 30
0.0
  0
VERTEX
  8
PARTICELLE
 10
   48845.069
 20
   46448.475
 30
0.0
  0
VERTEX
  8
PARTICELLE
 10
   48845.542
 20
   46449.294
 30
0.0
  0
VERTEX
  8
PARTICELLE
 10
   48843.016
 20
   46451.426
 30
0.0
  0
VERTEX
  8
PARTICELLE
 10
   48842.357
 20
   46451.758
 30
0.0
  0
VERTEX
  8
PARTICELLE
 10
   48838.324
 20
   46445.977
 30
0.0
  0
VERTEX
  8
PARTICELLE
 10
   48834.706
 20
   46441.282
 30
0.0
  0
SEQEND
  8
PARTICELLE
  0
TEXT
  8
PARTICELLE
 62
7
 10
   48825.784
 20
   46427.598
 30
0.0
 40
       1.200
  1
43
 50
       0.000
  0
POLYLINE
  8
PARTICELLE
 66
1
 10
0.0
 20
0.0
 30
0.0
 70
1
  0
VERTEX
  8
PARTICELLE
 10
   48823.209
 20
   46428.819
 30
0.0
  0
VERTEX
  8
PARTICELLE
 10
   48824.232
 20
   46418.672
 30
0.0
  0
VERTEX
  8
PARTICELLE
 10
   48828.498
 20
   46418.827
 30
0.0
  0
VERTEX
  8
PARTICELLE
 10
   48829.236
 20
   46418.853
 30
0.0
  0
VERTEX
  8
PARTICELLE
 10
   48828.065
 20
   46429.077
 30
0.0
  0
VERTEX
  8
PARTICELLE
 10
   48827.176
 20
   46436.771
 30
0.0
  0
VERTEX
  8
PARTICELLE
 10
   48822.362
 20
   46436.691
 30
0.0
  0
VERTEX
  8
PARTICELLE
 10
   48823.209
 20
   46428.819
 30
0.0
  0
SEQEND
  8
PARTICELLE
  0
TEXT
  8
PARTICELLE
 62
7
 10
   48808.565
 20
   46439.241
 30
0.0
 40
       1.800
  1
44
 50
       0.000
  0
POLYLINE
  8
PARTICELLE
 66
1
 10
0.0
 20
0.0
 30
0.0
 70
1
  0
VERTEX
  8
PARTICELLE
 10
   48801.409
 20
   46447.820
 30
0.0
  0
VERTEX
  8
PARTICELLE
 10
   48802.818
 20
   46434.490
 30
0.0
  0
VERTEX
  8
PARTICELLE
 10
   48802.884
 20
   46433.017
 30
0.0
  0
VERTEX
  8
PARTICELLE
 10
   48812.060
 20
   46433.378
 30
0.0
  0
VERTEX
  8
PARTICELLE
 10
   48817.885
 20
   46433.507
 30
0.0
  0
VERTEX
  8
PARTICELLE
 10
   48817.758
 20
   46441.051
 30
0.0
  0
VERTEX
  8
PARTICELLE
 10
   48817.788
 20
   46442.447
 30
0.0
  0
VERTEX
  8
PARTICELLE
 10
   48817.859
 20
   46445.807
 30
0.0
  0
VERTEX
  8
PARTICELLE
 10
   48806.674
 20
   46448.431
 30
0.0
  0
VERTEX
  8
PARTICELLE
 10
   48801.409
 20
   46447.820
 30
0.0
  0
SEQEND
  8
PARTICELLE
  0
TEXT
  8
PARTICELLE
 62
7
 10
   48797.826
 20
   46441.403
 30
0.0
 40
       1.800
  1
45
 50
       0.000
  0
POLYLINE
  8
PARTICELLE
 66
1
 10
0.0
 20
0.0
 30
0.0
 70
1
  0
VERTEX
  8
PARTICELLE
 10
   48794.051
 20
   46434.469
 30
0.0
  0
VERTEX
  8
PARTICELLE
 10
   48794.139
 20
   46432.545
 30
0.0
  0
VERTEX
  8
PARTICELLE
 10
   48800.676
 20
   46432.863
 30
0.0
  0
VERTEX
  8
PARTICELLE
 10
   48802.884
 20
   46433.017
 30
0.0
  0
VERTEX
  8
PARTICELLE
 10
   48802.818
 20
   46434.490
 30
0.0
  0
VERTEX
  8
PARTICELLE
 10
   48801.409
 20
   46447.820
 30
0.0
  0
VERTEX
  8
PARTICELLE
 10
   48806.674
 20
   46448.431
 30
0.0
  0
VERTEX
  8
PARTICELLE
 10
   48805.731
 20
   46448.757
 30
0.0
  0
VERTEX
  8
PARTICELLE
 10
   48802.174
 20
   46449.985
 30
0.0
  0
VERTEX
  8
PARTICELLE
 10
   48792.912
 20
   46449.303
 30
0.0
  0
VERTEX
  8
PARTICELLE
 10
   48792.975
 20
   46448.401
 30
0.0
  0
VERTEX
  8
PARTICELLE
 10
   48793.091
 20
   46446.872
 30
0.0
  0
VERTEX
  8
PARTICELLE
 10
   48794.051
 20
   46434.469
 30
0.0
  0
SEQEND
  8
PARTICELLE
  0
TEXT
  8
PARTICELLE
 62
7
 10
   48790.292
 20
   46440.749
 30
0.0
 40
       1.800
  1
46
 50
       0.000
  0
POLYLINE
  8
PARTICELLE
 66
1
 10
0.0
 20
0.0
 30
0.0
 70
1
  0
VERTEX
  8
PARTICELLE
 10
   48779.966
 20
   46437.271
 30
0.0
  0
VERTEX
  8
PARTICELLE
 10
   48778.070
 20
   46437.229
 30
0.0
  0
VERTEX
  8
PARTICELLE
 10
   48779.075
 20
   46432.143
 30
0.0
  0
VERTEX
  8
PARTICELLE
 10
   48780.886
 20
   46432.186
 30
0.0
  0
VERTEX
  8
PARTICELLE
 10
   48781.584
 20
   46432.275
 30
0.0
  0
VERTEX
  8
PARTICELLE
 10
   48786.997
 20
   46432.437
 30
0.0
  0
VERTEX
  8
PARTICELLE
 10
   48794.139
 20
   46432.545
 30
0.0
  0
VERTEX
  8
PARTICELLE
 10
   48794.051
 20
   46434.469
 30
0.0
  0
VERTEX
  8
PARTICELLE
 10
   48793.091
 20
   46446.872
 30
0.0
  0
VERTEX
  8
PARTICELLE
 10
   48792.975
 20
   46448.401
 30
0.0
  0
VERTEX
  8
PARTICELLE
 10
   48792.912
 20
   46449.303
 30
0.0
  0
VERTEX
  8
PARTICELLE
 10
   48786.533
 20
   46448.538
 30
0.0
  0
VERTEX
  8
PARTICELLE
 10
   48786.527
 20
   46447.867
 30
0.0
  0
VERTEX
  8
PARTICELLE
 10
   48786.607
 20
   46446.137
 30
0.0
  0
VERTEX
  8
PARTICELLE
 10
   48787.463
 20
   46437.437
 30
0.0
  0
VERTEX
  8
PARTICELLE
 10
   48779.966
 20
   46437.271
 30
0.0
  0
SEQEND
  8
PARTICELLE
  0
TEXT
  8
PARTICELLE
 62
7
 10
   48791.722
 20
   46451.688
 30
0.0
 40
       1.800
  1
47
 50
       0.000
  0
POLYLINE
  8
PARTICELLE
 66
1
 10
0.0
 20
0.0
 30
0.0
 70
1
  0
VERTEX
  8
PARTICELLE
 10
   48773.540
 20
   46453.736
 30
0.0
  0
VERTEX
  8
PARTICELLE
 10
   48773.948
 20
   46449.047
 30
0.0
  0
VERTEX
  8
PARTICELLE
 10
   48774.249
 20
   46445.760
 30
0.0
  0
VERTEX
  8
PARTICELLE
 10
   48776.503
 20
   46445.888
 30
0.0
  0
VERTEX
  8
PARTICELLE
 10
   48786.527
 20
   46447.867
 30
0.0
  0
VERTEX
  8
PARTICELLE
 10
   48786.533
 20
   46448.538
 30
0.0
  0
VERTEX
  8
PARTICELLE
 10
   48792.912
 20
   46449.303
 30
0.0
  0
VERTEX
  8
PARTICELLE
 10
   48802.174
 20
   46449.985
 30
0.0
  0
VERTEX
  8
PARTICELLE
 10
   48801.095
 20
   46455.433
 30
0.0
  0
VERTEX
  8
PARTICELLE
 10
   48785.815
 20
   46454.973
 30
0.0
  0
VERTEX
  8
PARTICELLE
 10
   48773.540
 20
   46453.736
 30
0.0
  0
SEQEND
  8
PARTICELLE
  0
TEXT
  8
PARTICELLE
 62
7
 10
   48780.717
 20
   46442.221
 30
0.0
 40
       1.800
  1
48
 50
       0.000
  0
POLYLINE
  8
PARTICELLE
 66
1
 10
0.0
 20
0.0
 30
0.0
 70
1
  0
VERTEX
  8
PARTICELLE
 10
   48776.503
 20
   46445.888
 30
0.0
  0
VERTEX
  8
PARTICELLE
 10
   48778.070
 20
   46437.229
 30
0.0
  0
VERTEX
  8
PARTICELLE
 10
   48779.966
 20
   46437.271
 30
0.0
  0
VERTEX
  8
PARTICELLE
 10
   48787.463
 20
   46437.437
 30
0.0
  0
VERTEX
  8
PARTICELLE
 10
   48786.607
 20
   46446.137
 30
0.0
  0
VERTEX
  8
PARTICELLE
 10
   48786.527
 20
   46447.867
 30
0.0
  0
VERTEX
  8
PARTICELLE
 10
   48776.503
 20
   46445.888
 30
0.0
  0
SEQEND
  8
PARTICELLE
  0
TEXT
  8
PARTICELLE
 62
7
 10
   49070.608
 20
   45908.814
 30
0.0
 40
       1.800
  1
487
 50
       0.000
  0
POLYLINE
  8
PARTICELLE
 66
1
 10
0.0
 20
0.0
 30
0.0
 70
1
  0
VERTEX
  8
PARTICELLE
 10
   49067.607
 20
   45904.950
 30
0.0
  0
VERTEX
  8
PARTICELLE
 10
   49067.098
 20
   45903.780
 30
0.0
  0
VERTEX
  8
PARTICELLE
 10
   49073.927
 20
   45900.817
 30
0.0
  0
VERTEX
  8
PARTICELLE
 10
   49076.326
 20
   45906.017
 30
0.0
  0
VERTEX
  8
PARTICELLE
 10
   49078.662
 20
   45905.067
 30
0.0
  0
VERTEX
  8
PARTICELLE
 10
   49081.887
 20
   45913.259
 30
0.0
  0
VERTEX
  8
PARTICELLE
 10
   49082.025
 20
   45913.579
 30
0.0
  0
VERTEX
  8
PARTICELLE
 10
   49075.845
 20
   45916.129
 30
0.0
  0
VERTEX
  8
PARTICELLE
 10
   49072.861
 20
   45917.362
 30
0.0
  0
VERTEX
  8
PARTICELLE
 10
   49072.463
 20
   45916.463
 30
0.0
  0
VERTEX
  8
PARTICELLE
 10
   49072.207
 20
   45915.858
 30
0.0
  0
VERTEX
  8
PARTICELLE
 10
   49068.756
 20
   45907.786
 30
0.0
  0
VERTEX
  8
PARTICELLE
 10
   49067.607
 20
   45904.950
 30
0.0
  0
SEQEND
  8
PARTICELLE
  0
TEXT
  8
PARTICELLE
 62
7
 10
   49054.752
 20
   45915.658
 30
0.0
 40
       1.800
  1
488
 50
       0.000
  0
POLYLINE
  8
PARTICELLE
 66
1
 10
0.0
 20
0.0
 30
0.0
 70
1
  0
VERTEX
  8
PARTICELLE
 10
   49051.357
 20
   45918.828
 30
0.0
  0
VERTEX
  8
PARTICELLE
 10
   49048.310
 20
   45911.916
 30
0.0
  0
VERTEX
  8
PARTICELLE
 10
   49055.144
 20
   45908.897
 30
0.0
  0
VERTEX
  8
PARTICELLE
 10
   49067.098
 20
   45903.780
 30
0.0
  0
VERTEX
  8
PARTICELLE
 10
   49067.607
 20
   45904.950
 30
0.0
  0
VERTEX
  8
PARTICELLE
 10
   49068.756
 20
   45907.786
 30
0.0
  0
VERTEX
  8
PARTICELLE
 10
   49072.207
 20
   45915.858
 30
0.0
  0
VERTEX
  8
PARTICELLE
 10
   49072.463
 20
   45916.463
 30
0.0
  0
VERTEX
  8
PARTICELLE
 10
   49072.861
 20
   45917.362
 30
0.0
  0
VERTEX
  8
PARTICELLE
 10
   49063.919
 20
   45921.290
 30
0.0
  0
VERTEX
  8
PARTICELLE
 10
   49065.474
 20
   45925.214
 30
0.0
  0
VERTEX
  8
PARTICELLE
 10
   49061.557
 20
   45926.694
 30
0.0
  0
VERTEX
  8
PARTICELLE
 10
   49055.754
 20
   45929.001
 30
0.0
  0
VERTEX
  8
PARTICELLE
 10
   49051.357
 20
   45918.828
 30
0.0
  0
SEQEND
  8
PARTICELLE
  0
TEXT
  8
PARTICELLE
 62
7
 10
   48763.897
 20
   46437.033
 30
0.0
 40
       1.800
  1
49
 50
       0.000
  0
POLYLINE
  8
PARTICELLE
 66
1
 10
0.0
 20
0.0
 30
0.0
 70
1
  0
VERTEX
  8
PARTICELLE
 10
   48752.444
 20
   46439.905
 30
0.0
  0
VERTEX
  8
PARTICELLE
 10
   48754.108
 20
   46434.688
 30
0.0
  0
VERTEX
  8
PARTICELLE
 10
   48754.139
 20
   46434.675
 30
0.0
  0
VERTEX
  8
PARTICELLE
 10
   48761.380
 20
   46435.251
 30
0.0
  0
VERTEX
  8
PARTICELLE
 10
   48761.785
 20
   46432.365
 30
0.0
  0
VERTEX
  8
PARTICELLE
 10
   48761.995
 20
   46431.125
 30
0.0
  0
VERTEX
  8
PARTICELLE
 10
   48755.544
 20
   46430.984
 30
0.0
  0
VERTEX
  8
PARTICELLE
 10
   48761.922
 20
   46430.548
 30
0.0
  0
VERTEX
  8
PARTICELLE
 10
   48774.606
 20
   46430.259
 30
0.0
  0
VERTEX
  8
PARTICELLE
 10
   48774.156
 20
   46432.736
 30
0.0
  0
VERTEX
  8
PARTICELLE
 10
   48771.443
 20
   46445.106
 30
0.0
  0
VERTEX
  8
PARTICELLE
 10
   48762.073
 20
   46442.536
 30
0.0
  0
VERTEX
  8
PARTICELLE
 10
   48755.637
 20
   46440.776
 30
0.0
  0
VERTEX
  8
PARTICELLE
 10
   48752.444
 20
   46439.905
 30
0.0
  0
SEQEND
  8
PARTICELLE
  0
TEXT
  8
PARTICELLE
 62
7
 10
   49075.071
 20
   45880.167
 30
0.0
 40
       1.200
  1
499
 50
       0.000
  0
POLYLINE
  8
PARTICELLE
 66
1
 10
0.0
 20
0.0
 30
0.0
 70
1
  0
VERTEX
  8
PARTICELLE
 10
   49091.203
 20
   45876.242
 30
0.0
  0
VERTEX
  8
PARTICELLE
 10
   49091.371
 20
   45876.201
 30
0.0
  0
VERTEX
  8
PARTICELLE
 10
   49096.037
 20
   45888.286
 30
0.0
  0
VERTEX
  8
PARTICELLE
 10
   49096.003
 20
   45888.298
 30
0.0
  0
VERTEX
  8
PARTICELLE
 10
   49082.357
 20
   45893.182
 30
0.0
  0
VERTEX
  8
PARTICELLE
 10
   49081.347
 20
   45890.395
 30
0.0
  0
VERTEX
  8
PARTICELLE
 10
   49074.347
 20
   45893.140
 30
0.0
  0
VERTEX
  8
PARTICELLE
 10
   49066.288
 20
   45896.425
 30
0.0
  0
VERTEX
  8
PARTICELLE
 10
   49063.374
 20
   45890.146
 30
0.0
  0
VERTEX
  8
PARTICELLE
 10
   49059.366
 20
   45881.642
 30
0.0
  0
VERTEX
  8
PARTICELLE
 10
   49054.606
 20
   45871.581
 30
0.0
  0
VERTEX
  8
PARTICELLE
 10
   49061.747
 20
   45869.317
 30
0.0
  0
VERTEX
  8
PARTICELLE
 10
   49068.228
 20
   45867.257
 30
0.0
  0
VERTEX
  8
PARTICELLE
 10
   49073.813
 20
   45864.868
 30
0.0
  0
VERTEX
  8
PARTICELLE
 10
   49074.366
 20
   45864.746
 30
0.0
  0
VERTEX
  8
PARTICELLE
 10
   49076.746
 20
   45868.620
 30
0.0
  0
VERTEX
  8
PARTICELLE
 10
   49078.116
 20
   45872.211
 30
0.0
  0
VERTEX
  8
PARTICELLE
 10
   49079.648
 20
   45876.085
 30
0.0
  0
VERTEX
  8
PARTICELLE
 10
   49081.210
 20
   45880.035
 30
0.0
  0
VERTEX
  8
PARTICELLE
 10
   49085.986
 20
   45878.293
 30
0.0
  0
VERTEX
  8
PARTICELLE
 10
   49091.203
 20
   45876.242
 30
0.0
  0
SEQEND
  8
PARTICELLE
  0
TEXT
  8
PARTICELLE
 62
7
 10
   48808.682
 20
   46594.503
 30
0.0
 40
       1.800
  1
5
 50
       0.000
  0
POLYLINE
  8
PARTICELLE
 66
1
 10
0.0
 20
0.0
 30
0.0
 70
1
  0
VERTEX
  8
PARTICELLE
 10
   48820.720
 20
   46602.306
 30
0.0
  0
VERTEX
  8
PARTICELLE
 10
   48817.547
 20
   46604.426
 30
0.0
  0
VERTEX
  8
PARTICELLE
 10
   48811.876
 20
   46608.268
 30
0.0
  0
VERTEX
  8
PARTICELLE
 10
   48808.079
 20
   46602.530
 30
0.0
  0
VERTEX
  8
PARTICELLE
 10
   48802.520
 20
   46594.634
 30
0.0
  0
VERTEX
  8
PARTICELLE
 10
   48800.616
 20
   46591.856
 30
0.0
  0
VERTEX
  8
PARTICELLE
 10
   48805.666
 20
   46588.650
 30
0.0
  0
VERTEX
  8
PARTICELLE
 10
   48808.201
 20
   46587.013
 30
0.0
  0
VERTEX
  8
PARTICELLE
 10
   48809.501
 20
   46586.150
 30
0.0
  0
VERTEX
  8
PARTICELLE
 10
   48816.889
 20
   46596.700
 30
0.0
  0
VERTEX
  8
PARTICELLE
 10
   48820.706
 20
   46602.286
 30
0.0
  0
VERTEX
  8
PARTICELLE
 10
   48820.720
 20
   46602.306
 30
0.0
  0
SEQEND
  8
PARTICELLE
  0
TEXT
  8
PARTICELLE
 62
7
 10
   48761.961
 20
   46448.241
 30
0.0
 40
       1.800
  1
50
 50
       0.000
  0
POLYLINE
  8
PARTICELLE
 66
1
 10
0.0
 20
0.0
 30
0.0
 70
1
  0
VERTEX
  8
PARTICELLE
 10
   48750.030
 20
   46447.337
 30
0.0
  0
VERTEX
  8
PARTICELLE
 10
   48750.682
 20
   46445.317
 30
0.0
  0
VERTEX
  8
PARTICELLE
 10
   48751.218
 20
   46443.673
 30
0.0
  0
VERTEX
  8
PARTICELLE
 10
   48752.444
 20
   46439.905
 30
0.0
  0
VERTEX
  8
PARTICELLE
 10
   48755.637
 20
   46440.776
 30
0.0
  0
VERTEX
  8
PARTICELLE
 10
   48762.073
 20
   46442.536
 30
0.0
  0
VERTEX
  8
PARTICELLE
 10
   48771.443
 20
   46445.106
 30
0.0
  0
VERTEX
  8
PARTICELLE
 10
   48774.249
 20
   46445.760
 30
0.0
  0
VERTEX
  8
PARTICELLE
 10
   48773.948
 20
   46449.047
 30
0.0
  0
VERTEX
  8
PARTICELLE
 10
   48773.540
 20
   46453.736
 30
0.0
  0
VERTEX
  8
PARTICELLE
 10
   48773.414
 20
   46454.498
 30
0.0
  0
VERTEX
  8
PARTICELLE
 10
   48753.182
 20
   46448.367
 30
0.0
  0
VERTEX
  8
PARTICELLE
 10
   48750.030
 20
   46447.337
 30
0.0
  0
SEQEND
  8
PARTICELLE
  0
TEXT
  8
PARTICELLE
 62
7
 10
   49044.840
 20
   46098.306
 30
0.0
 40
       1.800
  1
509
 50
       0.000
  0
POLYLINE
  8
PARTICELLE
 66
1
 10
0.0
 20
0.0
 30
0.0
 70
1
  0
VERTEX
  8
PARTICELLE
 10
   49035.811
 20
   46112.379
 30
0.0
  0
VERTEX
  8
PARTICELLE
 10
   49031.092
 20
   46100.807
 30
0.0
  0
VERTEX
  8
PARTICELLE
 10
   49027.797
 20
   46092.305
 30
0.0
  0
VERTEX
  8
PARTICELLE
 10
   49027.986
 20
   46092.286
 30
0.0
  0
VERTEX
  8
PARTICELLE
 10
   49034.588
 20
   46091.633
 30
0.0
  0
VERTEX
  8
PARTICELLE
 10
   49037.588
 20
   46091.267
 30
0.0
  0
VERTEX
  8
PARTICELLE
 10
   49037.939
 20
   46090.838
 30
0.0
  0
VERTEX
  8
PARTICELLE
 10
   49039.548
 20
   46088.989
 30
0.0
  0
VERTEX
  8
PARTICELLE
 10
   49043.518
 20
   46084.683
 30
0.0
  0
VERTEX
  8
PARTICELLE
 10
   49044.225
 20
   46083.925
 30
0.0
  0
VERTEX
  8
PARTICELLE
 10
   49047.932
 20
   46079.964
 30
0.0
  0
VERTEX
  8
PARTICELLE
 10
   49050.169
 20
   46077.333
 30
0.0
  0
VERTEX
  8
PARTICELLE
 10
   49052.349
 20
   46075.019
 30
0.0
  0
VERTEX
  8
PARTICELLE
 10
   49052.822
 20
   46074.586
 30
0.0
  0
VERTEX
  8
PARTICELLE
 10
   49058.076
 20
   46080.372
 30
0.0
  0
VERTEX
  8
PARTICELLE
 10
   49060.220
 20
   46078.246
 30
0.0
  0
VERTEX
  8
PARTICELLE
 10
   49062.122
 20
   46080.026
 30
0.0
  0
VERTEX
  8
PARTICELLE
 10
   49059.251
 20
   46083.431
 30
0.0
  0
VERTEX
  8
PARTICELLE
 10
   49055.869
 20
   46087.401
 30
0.0
  0
VERTEX
  8
PARTICELLE
 10
   49053.939
 20
   46089.670
 30
0.0
  0
VERTEX
  8
PARTICELLE
 10
   49050.633
 20
   46093.560
 30
0.0
  0
VERTEX
  8
PARTICELLE
 10
   49052.739
 20
   46094.966
 30
0.0
  0
VERTEX
  8
PARTICELLE
 10
   49053.603
 20
   46095.548
 30
0.0
  0
VERTEX
  8
PARTICELLE
 10
   49054.891
 20
   46096.573
 30
0.0
  0
VERTEX
  8
PARTICELLE
 10
   49058.545
 20
   46100.167
 30
0.0
  0
VERTEX
  8
PARTICELLE
 10
   49061.685
 20
   46106.310
 30
0.0
  0
VERTEX
  8
PARTICELLE
 10
   49066.867
 20
   46116.274
 30
0.0
  0
VERTEX
  8
PARTICELLE
 10
   49066.923
 20
   46116.669
 30
0.0
  0
VERTEX
  8
PARTICELLE
 10
   49064.078
 20
   46117.836
 30
0.0
  0
VERTEX
  8
PARTICELLE
 10
   49060.019
 20
   46119.341
 30
0.0
  0
VERTEX
  8
PARTICELLE
 10
   49052.637
 20
   46122.247
 30
0.0
  0
VERTEX
  8
PARTICELLE
 10
   49043.192
 20
   46125.881
 30
0.0
  0
VERTEX
  8
PARTICELLE
 10
   49041.302
 20
   46126.698
 30
0.0
  0
VERTEX
  8
PARTICELLE
 10
   49041.248
 20
   46126.719
 30
0.0
  0
VERTEX
  8
PARTICELLE
 10
   49037.476
 20
   46116.673
 30
0.0
  0
VERTEX
  8
PARTICELLE
 10
   49036.978
 20
   46115.389
 30
0.0
  0
VERTEX
  8
PARTICELLE
 10
   49035.811
 20
   46112.379
 30
0.0
  0
SEQEND
  8
PARTICELLE
  0
TEXT
  8
PARTICELLE
 62
7
 10
   49062.333
 20
   46143.886
 30
0.0
 40
       1.800
  1
510
 50
       0.000
  0
POLYLINE
  8
PARTICELLE
 66
1
 10
0.0
 20
0.0
 30
0.0
 70
1
  0
VERTEX
  8
PARTICELLE
 10
   49049.367
 20
   46155.355
 30
0.0
  0
VERTEX
  8
PARTICELLE
 10
   49047.396
 20
   46150.070
 30
0.0
  0
VERTEX
  8
PARTICELLE
 10
   49057.704
 20
   46145.850
 30
0.0
  0
VERTEX
  8
PARTICELLE
 10
   49056.376
 20
   46142.454
 30
0.0
  0
VERTEX
  8
PARTICELLE
 10
   49059.055
 20
   46141.380
 30
0.0
  0
VERTEX
  8
PARTICELLE
 10
   49061.558
 20
   46140.300
 30
0.0
  0
VERTEX
  8
PARTICELLE
 10
   49070.068
 20
   46136.575
 30
0.0
  0
VERTEX
  8
PARTICELLE
 10
   49073.198
 20
   46135.153
 30
0.0
  0
VERTEX
  8
PARTICELLE
 10
   49075.436
 20
   46134.187
 30
0.0
  0
VERTEX
  8
PARTICELLE
 10
   49079.771
 20
   46142.846
 30
0.0
  0
VERTEX
  8
PARTICELLE
 10
   49081.639
 20
   46146.562
 30
0.0
  0
VERTEX
  8
PARTICELLE
 10
   49069.347
 20
   46151.532
 30
0.0
  0
VERTEX
  8
PARTICELLE
 10
   49050.902
 20
   46158.574
 30
0.0
  0
VERTEX
  8
PARTICELLE
 10
   49049.367
 20
   46155.355
 30
0.0
  0
SEQEND
  8
PARTICELLE
  0
TEXT
  8
PARTICELLE
 62
7
 10
   48765.717
 20
   46418.295
 30
0.0
 40
       1.800
  1
52
 50
       0.000
  0
POLYLINE
  8
PARTICELLE
 66
1
 10
0.0
 20
0.0
 30
0.0
 70
1
  0
VERTEX
  8
PARTICELLE
 10
   48757.633
 20
   46423.581
 30
0.0
  0
VERTEX
  8
PARTICELLE
 10
   48758.213
 20
   46421.650
 30
0.0
  0
VERTEX
  8
PARTICELLE
 10
   48759.253
 20
   46417.693
 30
0.0
  0
VERTEX
  8
PARTICELLE
 10
   48773.737
 20
   46412.503
 30
0.0
  0
VERTEX
  8
PARTICELLE
 10
   48773.894
 20
   46412.465
 30
0.0
  0
VERTEX
  8
PARTICELLE
 10
   48775.076
 20
   46416.527
 30
0.0
  0
VERTEX
  8
PARTICELLE
 10
   48776.137
 20
   46420.379
 30
0.0
  0
VERTEX
  8
PARTICELLE
 10
   48768.041
 20
   46421.886
 30
0.0
  0
VERTEX
  8
PARTICELLE
 10
   48760.906
 20
   46423.230
 30
0.0
  0
VERTEX
  8
PARTICELLE
 10
   48757.633
 20
   46423.581
 30
0.0
  0
SEQEND
  8
PARTICELLE
  0
TEXT
  8
PARTICELLE
 62
7
 10
   48782.898
 20
   46422.779
 30
0.0
 40
       1.800
  1
53
 50
       0.000
  0
POLYLINE
  8
PARTICELLE
 66
1
 10
0.0
 20
0.0
 30
0.0
 70
1
  0
VERTEX
  8
PARTICELLE
 10
   48776.137
 20
   46420.379
 30
0.0
  0
VERTEX
  8
PARTICELLE
 10
   48775.076
 20
   46416.527
 30
0.0
  0
VERTEX
  8
PARTICELLE
 10
   48773.894
 20
   46412.465
 30
0.0
  0
VERTEX
  8
PARTICELLE
 10
   48779.355
 20
   46411.109
 30
0.0
  0
VERTEX
  8
PARTICELLE
 10
   48790.631
 20
   46408.379
 30
0.0
  0
VERTEX
  8
PARTICELLE
 10
   48790.062
 20
   46416.619
 30
0.0
  0
VERTEX
  8
PARTICELLE
 10
   48789.122
 20
   46428.253
 30
0.0
  0
VERTEX
  8
PARTICELLE
 10
   48778.235
 20
   46428.001
 30
0.0
  0
VERTEX
  8
PARTICELLE
 10
   48777.522
 20
   46425.548
 30
0.0
  0
VERTEX
  8
PARTICELLE
 10
   48776.137
 20
   46420.379
 30
0.0
  0
SEQEND
  8
PARTICELLE
  0
TEXT
  8
PARTICELLE
 62
7
 10
   48792.138
 20
   46413.524
 30
0.0
 40
       1.800
  1
54
 50
       0.000
  0
POLYLINE
  8
PARTICELLE
 66
1
 10
0.0
 20
0.0
 30
0.0
 70
1
  0
VERTEX
  8
PARTICELLE
 10
   48789.122
 20
   46428.253
 30
0.0
  0
VERTEX
  8
PARTICELLE
 10
   48790.062
 20
   46416.619
 30
0.0
  0
VERTEX
  8
PARTICELLE
 10
   48790.631
 20
   46408.379
 30
0.0
  0
VERTEX
  8
PARTICELLE
 10
   48797.468
 20
   46406.539
 30
0.0
  0
VERTEX
  8
PARTICELLE
 10
   48796.884
 20
   46415.999
 30
0.0
  0
VERTEX
  8
PARTICELLE
 10
   48796.621
 20
   46417.404
 30
0.0
  0
VERTEX
  8
PARTICELLE
 10
   48796.161
 20
   46423.070
 30
0.0
  0
VERTEX
  8
PARTICELLE
 10
   48795.841
 20
   46426.162
 30
0.0
  0
VERTEX
  8
PARTICELLE
 10
   48795.757
 20
   46428.507
 30
0.0
  0
VERTEX
  8
PARTICELLE
 10
   48789.122
 20
   46428.253
 30
0.0
  0
SEQEND
  8
PARTICELLE
  0
TEXT
  8
PARTICELLE
 62
7
 10
   48799.761
 20
   46421.464
 30
0.0
 40
       1.800
  1
55
 50
       0.000
  0
POLYLINE
  8
PARTICELLE
 66
1
 10
0.0
 20
0.0
 30
0.0
 70
1
  0
VERTEX
  8
PARTICELLE
 10
   48795.757
 20
   46428.507
 30
0.0
  0
VERTEX
  8
PARTICELLE
 10
   48795.841
 20
   46426.162
 30
0.0
  0
VERTEX
  8
PARTICELLE
 10
   48796.161
 20
   46423.070
 30
0.0
  0
VERTEX
  8
PARTICELLE
 10
   48797.252
 20
   46423.034
 30
0.0
  0
VERTEX
  8
PARTICELLE
 10
   48797.947
 20
   46417.237
 30
0.0
  0
VERTEX
  8
PARTICELLE
 10
   48801.969
 20
   46417.408
 30
0.0
  0
VERTEX
  8
PARTICELLE
 10
   48802.399
 20
   46417.560
 30
0.0
  0
VERTEX
  8
PARTICELLE
 10
   48802.459
 20
   46418.181
 30
0.0
  0
VERTEX
  8
PARTICELLE
 10
   48803.733
 20
   46418.230
 30
0.0
  0
VERTEX
  8
PARTICELLE
 10
   48803.922
 20
   46418.793
 30
0.0
  0
VERTEX
  8
PARTICELLE
 10
   48805.250
 20
   46419.016
 30
0.0
  0
VERTEX
  8
PARTICELLE
 10
   48805.377
 20
   46420.016
 30
0.0
  0
VERTEX
  8
PARTICELLE
 10
   48805.013
 20
   46424.634
 30
0.0
  0
VERTEX
  8
PARTICELLE
 10
   48804.631
 20
   46428.635
 30
0.0
  0
VERTEX
  8
PARTICELLE
 10
   48795.757
 20
   46428.507
 30
0.0
  0
SEQEND
  8
PARTICELLE
  0
TEXT
  8
PARTICELLE
 62
7
 10
   48809.877
 20
   46425.985
 30
0.0
 40
       1.800
  1
56
 50
       0.000
  0
POLYLINE
  8
PARTICELLE
 66
1
 10
0.0
 20
0.0
 30
0.0
 70
1
  0
VERTEX
  8
PARTICELLE
 10
   48804.631
 20
   46428.635
 30
0.0
  0
VERTEX
  8
PARTICELLE
 10
   48805.013
 20
   46424.634
 30
0.0
  0
VERTEX
  8
PARTICELLE
 10
   48809.972
 20
   46424.720
 30
0.0
  0
VERTEX
  8
PARTICELLE
 10
   48818.321
 20
   46424.674
 30
0.0
  0
VERTEX
  8
PARTICELLE
 10
   48817.811
 20
   46428.833
 30
0.0
  0
VERTEX
  8
PARTICELLE
 10
   48805.712
 20
   46428.779
 30
0.0
  0
VERTEX
  8
PARTICELLE
 10
   48804.631
 20
   46428.635
 30
0.0
  0
SEQEND
  8
PARTICELLE
  0
TEXT
  8
PARTICELLE
 62
7
 10
   48811.131
 20
   46412.684
 30
0.0
 40
       1.800
  1
57
 50
       0.000
  0
POLYLINE
  8
PARTICELLE
 66
1
 10
0.0
 20
0.0
 30
0.0
 70
1
  0
VERTEX
  8
PARTICELLE
 10
   48805.013
 20
   46424.634
 30
0.0
  0
VERTEX
  8
PARTICELLE
 10
   48805.377
 20
   46420.016
 30
0.0
  0
VERTEX
  8
PARTICELLE
 10
   48805.250
 20
   46419.016
 30
0.0
  0
VERTEX
  8
PARTICELLE
 10
   48807.250
 20
   46404.126
 30
0.0
  0
VERTEX
  8
PARTICELLE
 10
   48815.434
 20
   46401.886
 30
0.0
  0
VERTEX
  8
PARTICELLE
 10
   48821.268
 20
   46400.380
 30
0.0
  0
VERTEX
  8
PARTICELLE
 10
   48819.782
 20
   46412.909
 30
0.0
  0
VERTEX
  8
PARTICELLE
 10
   48818.910
 20
   46420.517
 30
0.0
  0
VERTEX
  8
PARTICELLE
 10
   48818.321
 20
   46424.674
 30
0.0
  0
VERTEX
  8
PARTICELLE
 10
   48809.972
 20
   46424.720
 30
0.0
  0
VERTEX
  8
PARTICELLE
 10
   48805.013
 20
   46424.634
 30
0.0
  0
SEQEND
  8
PARTICELLE
  0
TEXT
  8
PARTICELLE
 62
7
 10
   49054.581
 20
   46024.410
 30
0.0
 40
       1.200
  1
58
 50
       0.000
  0
POLYLINE
  8
PARTICELLE
 66
1
 10
0.0
 20
0.0
 30
0.0
 70
1
  0
VERTEX
  8
PARTICELLE
 10
   49062.889
 20
   46042.228
 30
0.0
  0
VERTEX
  8
PARTICELLE
 10
   49058.999
 20
   46043.891
 30
0.0
  0
VERTEX
  8
PARTICELLE
 10
   49055.252
 20
   46040.820
 30
0.0
  0
VERTEX
  8
PARTICELLE
 10
   49051.741
 20
   46038.393
 30
0.0
  0
VERTEX
  8
PARTICELLE
 10
   49047.042
 20
   46035.005
 30
0.0
  0
VERTEX
  8
PARTICELLE
 10
   49041.407
 20
   46031.993
 30
0.0
  0
VERTEX
  8
PARTICELLE
 10
   49034.216
 20
   46028.056
 30
0.0
  0
VERTEX
  8
PARTICELLE
 10
   49029.429
 20
   46025.428
 30
0.0
  0
VERTEX
  8
PARTICELLE
 10
   49026.471
 20
   46023.799
 30
0.0
  0
VERTEX
  8
PARTICELLE
 10
   49025.825
 20
   46023.322
 30
0.0
  0
VERTEX
  8
PARTICELLE
 10
   49025.448
 20
   46022.113
 30
0.0
  0
VERTEX
  8
PARTICELLE
 10
   49025.585
 20
   46021.106
 30
0.0
  0
VERTEX
  8
PARTICELLE
 10
   49026.275
 20
   46020.243
 30
0.0
  0
VERTEX
  8
PARTICELLE
 10
   49033.024
 20
   46017.351
 30
0.0
  0
VERTEX
  8
PARTICELLE
 10
   49041.739
 20
   46013.487
 30
0.0
  0
VERTEX
  8
PARTICELLE
 10
   49050.225
 20
   46009.901
 30
0.0
  0
VERTEX
  8
PARTICELLE
 10
   49055.515
 20
   46007.550
 30
0.0
  0
VERTEX
  8
PARTICELLE
 10
   49064.210
 20
   46003.668
 30
0.0
  0
VERTEX
  8
PARTICELLE
 10
   49064.094
 20
   46004.360
 30
0.0
  0
VERTEX
  8
PARTICELLE
 10
   49066.668
 20
   46010.362
 30
0.0
  0
VERTEX
  8
PARTICELLE
 10
   49071.482
 20
   46022.140
 30
0.0
  0
VERTEX
  8
PARTICELLE
 10
   49075.822
 20
   46032.271
 30
0.0
  0
VERTEX
  8
PARTICELLE
 10
   49076.380
 20
   46033.510
 30
0.0
  0
VERTEX
  8
PARTICELLE
 10
   49077.252
 20
   46036.128
 30
0.0
  0
VERTEX
  8
PARTICELLE
 10
   49064.807
 20
   46041.408
 30
0.0
  0
VERTEX
  8
PARTICELLE
 10
   49062.889
 20
   46042.228
 30
0.0
  0
SEQEND
  8
PARTICELLE
  0
TEXT
  8
PARTICELLE
 62
7
 10
   48835.897
 20
   46426.557
 30
0.0
 40
       1.200
  1
59
 50
       0.000
  0
POLYLINE
  8
PARTICELLE
 66
1
 10
0.0
 20
0.0
 30
0.0
 70
1
  0
VERTEX
  8
PARTICELLE
 10
   48829.236
 20
   46418.853
 30
0.0
  0
VERTEX
  8
PARTICELLE
 10
   48830.079
 20
   46418.906
 30
0.0
  0
VERTEX
  8
PARTICELLE
 10
   48830.130
 20
   46417.657
 30
0.0
  0
VERTEX
  8
PARTICELLE
 10
   48843.886
 20
   46418.127
 30
0.0
  0
VERTEX
  8
PARTICELLE
 10
   48843.933
 20
   46419.775
 30
0.0
  0
VERTEX
  8
PARTICELLE
 10
   48843.886
 20
   46429.635
 30
0.0
  0
VERTEX
  8
PARTICELLE
 10
   48837.455
 20
   46434.022
 30
0.0
  0
VERTEX
  8
PARTICELLE
 10
   48832.896
 20
   46436.980
 30
0.0
  0
VERTEX
  8
PARTICELLE
 10
   48827.176
 20
   46436.771
 30
0.0
  0
VERTEX
  8
PARTICELLE
 10
   48828.065
 20
   46429.077
 30
0.0
  0
VERTEX
  8
PARTICELLE
 10
   48829.236
 20
   46418.853
 30
0.0
  0
SEQEND
  8
PARTICELLE
  0
TEXT
  8
PARTICELLE
 62
7
 10
   48834.857
 20
   46407.758
 30
0.0
 40
       1.800
  1
60
 50
       0.000
  0
POLYLINE
  8
PARTICELLE
 66
1
 10
0.0
 20
0.0
 30
0.0
 70
1
  0
VERTEX
  8
PARTICELLE
 10
   48824.682
 20
   46414.315
 30
0.0
  0
VERTEX
  8
PARTICELLE
 10
   48825.567
 20
   46405.748
 30
0.0
  0
VERTEX
  8
PARTICELLE
 10
   48826.268
 20
   46399.380
 30
0.0
  0
VERTEX
  8
PARTICELLE
 10
   48828.427
 20
   46398.904
 30
0.0
  0
VERTEX
  8
PARTICELLE
 10
   48839.356
 20
   46396.773
 30
0.0
  0
VERTEX
  8
PARTICELLE
 10
   48844.760
 20
   46395.635
 30
0.0
  0
VERTEX
  8
PARTICELLE
 10
   48844.506
 20
   46404.254
 30
0.0
  0
VERTEX
  8
PARTICELLE
 10
   48844.006
 20
   46415.501
 30
0.0
  0
VERTEX
  8
PARTICELLE
 10
   48843.886
 20
   46418.127
 30
0.0
  0
VERTEX
  8
PARTICELLE
 10
   48830.130
 20
   46417.657
 30
0.0
  0
VERTEX
  8
PARTICELLE
 10
   48830.079
 20
   46418.906
 30
0.0
  0
VERTEX
  8
PARTICELLE
 10
   48829.236
 20
   46418.853
 30
0.0
  0
VERTEX
  8
PARTICELLE
 10
   48828.498
 20
   46418.827
 30
0.0
  0
VERTEX
  8
PARTICELLE
 10
   48824.232
 20
   46418.672
 30
0.0
  0
VERTEX
  8
PARTICELLE
 10
   48824.682
 20
   46414.315
 30
0.0
  0
SEQEND
  8
PARTICELLE
  0
TEXT
  8
PARTICELLE
 62
7
 10
   48800.977
 20
   46390.574
 30
0.0
 40
       1.800
  1
61
 50
       0.000
  0
POLYLINE
  8
PARTICELLE
 66
1
 10
0.0
 20
0.0
 30
0.0
 70
1
  0
VERTEX
  8
PARTICELLE
 10
   48789.476
 20
   46390.892
 30
0.0
  0
VERTEX
  8
PARTICELLE
 10
   48789.270
 20
   46388.291
 30
0.0
  0
VERTEX
  8
PARTICELLE
 10
   48788.991
 20
   46383.949
 30
0.0
  0
VERTEX
  8
PARTICELLE
 10
   48788.964
 20
   46379.196
 30
0.0
  0
VERTEX
  8
PARTICELLE
 10
   48793.078
 20
   46380.397
 30
0.0
  0
VERTEX
  8
PARTICELLE
 10
   48797.329
 20
   46381.630
 30
0.0
  0
VERTEX
  8
PARTICELLE
 10
   48799.210
 20
   46382.176
 30
0.0
  0
VERTEX
  8
PARTICELLE
 10
   48800.125
 20
   46382.385
 30
0.0
  0
VERTEX
  8
PARTICELLE
 10
   48810.505
 20
   46385.253
 30
0.0
  0
VERTEX
  8
PARTICELLE
 10
   48813.632
 20
   46385.762
 30
0.0
  0
VERTEX
  8
PARTICELLE
 10
   48812.304
 20
   46391.267
 30
0.0
  0
VERTEX
  8
PARTICELLE
 10
   48811.825
 20
   46393.252
 30
0.0
  0
VERTEX
  8
PARTICELLE
 10
   48811.581
 20
   46394.222
 30
0.0
  0
VERTEX
  8
PARTICELLE
 10
   48810.505
 20
   46398.507
 30
0.0
  0
VERTEX
  8
PARTICELLE
 10
   48807.225
 20
   46398.924
 30
0.0
  0
VERTEX
  8
PARTICELLE
 10
   48794.365
 20
   46400.875
 30
0.0
  0
VERTEX
  8
PARTICELLE
 10
   48790.307
 20
   46401.545
 30
0.0
  0
VERTEX
  8
PARTICELLE
 10
   48790.284
 20
   46401.250
 30
0.0
  0
VERTEX
  8
PARTICELLE
 10
   48789.911
 20
   46396.385
 30
0.0
  0
VERTEX
  8
PARTICELLE
 10
   48789.476
 20
   46390.892
 30
0.0
  0
SEQEND
  8
PARTICELLE
  0
TEXT
  8
PARTICELLE
 62
7
 10
   48828.000
 20
   46390.284
 30
0.0
 40
       1.800
  1
62
 50
       0.000
  0
POLYLINE
  8
PARTICELLE
 66
1
 10
0.0
 20
0.0
 30
0.0
 70
1
  0
VERTEX
  8
PARTICELLE
 10
   48833.698
 20
   46385.610
 30
0.0
  0
VERTEX
  8
PARTICELLE
 10
   48835.402
 20
   46385.373
 30
0.0
  0
VERTEX
  8
PARTICELLE
 10
   48835.473
 20
   46392.965
 30
0.0
  0
VERTEX
  8
PARTICELLE
 10
   48830.022
 20
   46394.439
 30
0.0
  0
VERTEX
  8
PARTICELLE
 10
   48824.869
 20
   46395.790
 30
0.0
  0
VERTEX
  8
PARTICELLE
 10
   48823.675
 20
   46395.945
 30
0.0
  0
VERTEX
  8
PARTICELLE
 10
   48818.613
 20
   46396.862
 30
0.0
  0
VERTEX
  8
PARTICELLE
 10
   48821.886
 20
   46384.634
 30
0.0
  0
VERTEX
  8
PARTICELLE
 10
   48828.358
 20
   46385.687
 30
0.0
  0
VERTEX
  8
PARTICELLE
 10
   48828.727
 20
   46385.747
 30
0.0
  0
VERTEX
  8
PARTICELLE
 10
   48832.146
 20
   46385.825
 30
0.0
  0
VERTEX
  8
PARTICELLE
 10
   48833.698
 20
   46385.610
 30
0.0
  0
SEQEND
  8
PARTICELLE
  0
TEXT
  8
PARTICELLE
 62
7
 10
   48825.365
 20
   46379.977
 30
0.0
 40
       1.800
  1
64
 50
       0.000
  0
POLYLINE
  8
PARTICELLE
 66
1
 10
0.0
 20
0.0
 30
0.0
 70
1
  0
VERTEX
  8
PARTICELLE
 10
   48821.886
 20
   46384.634
 30
0.0
  0
VERTEX
  8
PARTICELLE
 10
   48824.313
 20
   46373.948
 30
0.0
  0
VERTEX
  8
PARTICELLE
 10
   48834.027
 20
   46376.900
 30
0.0
  0
VERTEX
  8
PARTICELLE
 10
   48833.447
 20
   46379.531
 30
0.0
  0
VERTEX
  8
PARTICELLE
 10
   48832.146
 20
   46385.825
 30
0.0
  0
VERTEX
  8
PARTICELLE
 10
   48828.727
 20
   46385.747
 30
0.0
  0
VERTEX
  8
PARTICELLE
 10
   48828.358
 20
   46385.687
 30
0.0
  0
VERTEX
  8
PARTICELLE
 10
   48821.886
 20
   46384.634
 30
0.0
  0
SEQEND
  8
PARTICELLE
  0
TEXT
  8
PARTICELLE
 62
7
 10
   48804.816
 20
   46376.807
 30
0.0
 40
       1.800
  1
65
 50
       0.000
  0
POLYLINE
  8
PARTICELLE
 66
1
 10
0.0
 20
0.0
 30
0.0
 70
1
  0
VERTEX
  8
PARTICELLE
 10
   48795.055
 20
   46372.386
 30
0.0
  0
VERTEX
  8
PARTICELLE
 10
   48795.221
 20
   46371.712
 30
0.0
  0
VERTEX
  8
PARTICELLE
 10
   48796.251
 20
   46367.634
 30
0.0
  0
VERTEX
  8
PARTICELLE
 10
   48803.695
 20
   46369.806
 30
0.0
  0
VERTEX
  8
PARTICELLE
 10
   48816.632
 20
   46373.270
 30
0.0
  0
VERTEX
  8
PARTICELLE
 10
   48813.632
 20
   46385.762
 30
0.0
  0
VERTEX
  8
PARTICELLE
 10
   48810.505
 20
   46385.253
 30
0.0
  0
VERTEX
  8
PARTICELLE
 10
   48800.125
 20
   46382.385
 30
0.0
  0
VERTEX
  8
PARTICELLE
 10
   48799.210
 20
   46382.176
 30
0.0
  0
VERTEX
  8
PARTICELLE
 10
   48797.329
 20
   46381.630
 30
0.0
  0
VERTEX
  8
PARTICELLE
 10
   48793.078
 20
   46380.397
 30
0.0
  0
VERTEX
  8
PARTICELLE
 10
   48793.714
 20
   46377.824
 30
0.0
  0
VERTEX
  8
PARTICELLE
 10
   48795.055
 20
   46372.386
 30
0.0
  0
SEQEND
  8
PARTICELLE
  0
TEXT
  8
PARTICELLE
 62
7
 10
   48992.663
 20
   46324.355
 30
0.0
 40
       1.800
  1
651
 50
       0.000
  0
POLYLINE
  8
PARTICELLE
 66
1
 10
0.0
 20
0.0
 30
0.0
 70
1
  0
VERTEX
  8
PARTICELLE
 10
   48989.263
 20
   46329.361
 30
0.0
  0
VERTEX
  8
PARTICELLE
 10
   48987.382
 20
   46326.510
 30
0.0
  0
VERTEX
  8
PARTICELLE
 10
   48990.357
 20
   46324.365
 30
0.0
  0
VERTEX
  8
PARTICELLE
 10
   48997.042
 20
   46319.659
 30
0.0
  0
VERTEX
  8
PARTICELLE
 10
   49000.344
 20
   46324.625
 30
0.0
  0
VERTEX
  8
PARTICELLE
 10
   48990.731
 20
   46331.450
 30
0.0
  0
VERTEX
  8
PARTICELLE
 10
   48989.263
 20
   46329.361
 30
0.0
  0
SEQEND
  8
PARTICELLE
  0
TEXT
  8
PARTICELLE
 62
7
 10
   49062.343
 20
   46131.544
 30
0.0
 40
       1.800
  1
652
 50
       0.000
  0
POLYLINE
  8
PARTICELLE
 66
1
 10
0.0
 20
0.0
 30
0.0
 70
1
  0
VERTEX
  8
PARTICELLE
 10
   49062.262
 20
   46134.932
 30
0.0
  0
VERTEX
  8
PARTICELLE
 10
   49059.151
 20
   46127.417
 30
0.0
  0
VERTEX
  8
PARTICELLE
 10
   49066.627
 20
   46124.233
 30
0.0
  0
VERTEX
  8
PARTICELLE
 10
   49067.441
 20
   46125.885
 30
0.0
  0
VERTEX
  8
PARTICELLE
 10
   49068.964
 20
   46128.673
 30
0.0
  0
VERTEX
  8
PARTICELLE
 10
   49070.788
 20
   46132.120
 30
0.0
  0
VERTEX
  8
PARTICELLE
 10
   49068.493
 20
   46133.312
 30
0.0
  0
VERTEX
  8
PARTICELLE
 10
   49070.068
 20
   46136.575
 30
0.0
  0
VERTEX
  8
PARTICELLE
 10
   49061.558
 20
   46140.300
 30
0.0
  0
VERTEX
  8
PARTICELLE
 10
   49059.500
 20
   46136.059
 30
0.0
  0
VERTEX
  8
PARTICELLE
 10
   49062.262
 20
   46134.932
 30
0.0
  0
SEQEND
  8
PARTICELLE
  0
TEXT
  8
PARTICELLE
 62
7
 10
   49048.176
 20
   46135.008
 30
0.0
 40
       1.800
  1
653
 50
       0.000
  0
POLYLINE
  8
PARTICELLE
 66
1
 10
0.0
 20
0.0
 30
0.0
 70
1
  0
VERTEX
  8
PARTICELLE
 10
   49038.211
 20
   46127.886
 30
0.0
  0
VERTEX
  8
PARTICELLE
 10
   49041.248
 20
   46126.719
 30
0.0
  0
VERTEX
  8
PARTICELLE
 10
   49041.302
 20
   46126.698
 30
0.0
  0
VERTEX
  8
PARTICELLE
 10
   49043.192
 20
   46125.881
 30
0.0
  0
VERTEX
  8
PARTICELLE
 10
   49052.637
 20
   46122.247
 30
0.0
  0
VERTEX
  8
PARTICELLE
 10
   49055.950
 20
   46128.704
 30
0.0
  0
VERTEX
  8
PARTICELLE
 10
   49059.151
 20
   46127.417
 30
0.0
  0
VERTEX
  8
PARTICELLE
 10
   49062.262
 20
   46134.932
 30
0.0
  0
VERTEX
  8
PARTICELLE
 10
   49059.500
 20
   46136.059
 30
0.0
  0
VERTEX
  8
PARTICELLE
 10
   49061.558
 20
   46140.300
 30
0.0
  0
VERTEX
  8
PARTICELLE
 10
   49059.055
 20
   46141.380
 30
0.0
  0
VERTEX
  8
PARTICELLE
 10
   49056.376
 20
   46142.454
 30
0.0
  0
VERTEX
  8
PARTICELLE
 10
   49057.704
 20
   46145.850
 30
0.0
  0
VERTEX
  8
PARTICELLE
 10
   49047.396
 20
   46150.070
 30
0.0
  0
VERTEX
  8
PARTICELLE
 10
   49042.641
 20
   46138.740
 30
0.0
  0
VERTEX
  8
PARTICELLE
 10
   49038.211
 20
   46127.886
 30
0.0
  0
SEQEND
  8
PARTICELLE
  0
TEXT
  8
PARTICELLE
 62
7
 10
   48791.477
 20
   46371.780
 30
0.0
 40
       1.800
  1
66
 50
       0.000
  0
POLYLINE
  8
PARTICELLE
 66
1
 10
0.0
 20
0.0
 30
0.0
 70
1
  0
VERTEX
  8
PARTICELLE
 10
   48791.481
 20
   46366.626
 30
0.0
  0
VERTEX
  8
PARTICELLE
 10
   48791.505
 20
   46366.634
 30
0.0
  0
VERTEX
  8
PARTICELLE
 10
   48796.251
 20
   46367.634
 30
0.0
  0
VERTEX
  8
PARTICELLE
 10
   48795.221
 20
   46371.712
 30
0.0
  0
VERTEX
  8
PARTICELLE
 10
   48795.055
 20
   46372.386
 30
0.0
  0
VERTEX
  8
PARTICELLE
 10
   48793.714
 20
   46377.824
 30
0.0
  0
VERTEX
  8
PARTICELLE
 10
   48793.078
 20
   46380.397
 30
0.0
  0
VERTEX
  8
PARTICELLE
 10
   48788.964
 20
   46379.196
 30
0.0
  0
VERTEX
  8
PARTICELLE
 10
   48789.073
 20
   46378.655
 30
0.0
  0
VERTEX
  8
PARTICELLE
 10
   48789.077
 20
   46378.298
 30
0.0
  0
VERTEX
  8
PARTICELLE
 10
   48791.481
 20
   46366.626
 30
0.0
  0
SEQEND
  8
PARTICELLE
  0
TEXT
  8
PARTICELLE
 62
7
 10
   48833.087
 20
   46367.615
 30
0.0
 40
       1.800
  1
661
 50
       0.000
  0
POLYLINE
  8
PARTICELLE
 66
1
 10
0.0
 20
0.0
 30
0.0
 70
1
  0
VERTEX
  8
PARTICELLE
 10
   48824.313
 20
   46373.948
 30
0.0
  0
VERTEX
  8
PARTICELLE
 10
   48825.600
 20
   46368.447
 30
0.0
  0
VERTEX
  8
PARTICELLE
 10
   48826.692
 20
   46364.253
 30
0.0
  0
VERTEX
  8
PARTICELLE
 10
   48827.185
 20
   46362.387
 30
0.0
  0
VERTEX
  8
PARTICELLE
 10
   48829.441
 20
   46362.617
 30
0.0
  0
VERTEX
  8
PARTICELLE
 10
   48842.584
 20
   46363.448
 30
0.0
  0
VERTEX
  8
PARTICELLE
 10
   48845.588
 20
   46363.532
 30
0.0
  0
VERTEX
  8
PARTICELLE
 10
   48845.607
 20
   46377.436
 30
0.0
  0
VERTEX
  8
PARTICELLE
 10
   48835.420
 20
   46379.339
 30
0.0
  0
VERTEX
  8
PARTICELLE
 10
   48833.447
 20
   46379.531
 30
0.0
  0
VERTEX
  8
PARTICELLE
 10
   48834.027
 20
   46376.900
 30
0.0
  0
VERTEX
  8
PARTICELLE
 10
   48824.313
 20
   46373.948
 30
0.0
  0
SEQEND
  8
PARTICELLE
  0
TEXT
  8
PARTICELLE
 62
7
 10
   48879.629
 20
   46393.398
 30
0.0
 40
       1.200
  1
662
 50
       0.000
  0
POLYLINE
  8
PARTICELLE
 66
1
 10
0.0
 20
0.0
 30
0.0
 70
1
  0
VERTEX
  8
PARTICELLE
 10
   48877.795
 20
   46392.624
 30
0.0
  0
VERTEX
  8
PARTICELLE
 10
   48877.712
 20
   46392.019
 30
0.0
  0
VERTEX
  8
PARTICELLE
 10
   48880.999
 20
   46391.582
 30
0.0
  0
VERTEX
  8
PARTICELLE
 10
   48881.489
 20
   46394.628
 30
0.0
  0
VERTEX
  8
PARTICELLE
 10
   48878.373
 20
   46395.213
 30
0.0
  0
VERTEX
  8
PARTICELLE
 10
   48877.795
 20
   46392.624
 30
0.0
  0
SEQEND
  8
PARTICELLE
  0
TEXT
  8
PARTICELLE
 62
7
 10
   48868.104
 20
   46401.301
 30
0.0
 40
       1.200
  1
663
 50
       0.000
  0
POLYLINE
  8
PARTICELLE
 66
1
 10
0.0
 20
0.0
 30
0.0
 70
1
  0
VERTEX
  8
PARTICELLE
 10
   48867.340
 20
   46403.328
 30
0.0
  0
VERTEX
  8
PARTICELLE
 10
   48867.056
 20
   46399.372
 30
0.0
  0
VERTEX
  8
PARTICELLE
 10
   48868.794
 20
   46399.244
 30
0.0
  0
VERTEX
  8
PARTICELLE
 10
   48869.145
 20
   46402.584
 30
0.0
  0
VERTEX
  8
PARTICELLE
 10
   48867.340
 20
   46403.328
 30
0.0
  0
SEQEND
  8
PARTICELLE
  0
TEXT
  8
PARTICELLE
 62
7
 10
   49040.008
 20
   46074.110
 30
0.0
 40
       1.800
  1
664
 50
       0.000
  0
POLYLINE
  8
PARTICELLE
 66
1
 10
0.0
 20
0.0
 30
0.0
 70
1
  0
VERTEX
  8
PARTICELLE
 10
   49032.278
 20
   46070.054
 30
0.0
  0
VERTEX
  8
PARTICELLE
 10
   49032.861
 20
   46069.618
 30
0.0
  0
VERTEX
  8
PARTICELLE
 10
   49040.045
 20
   46064.437
 30
0.0
  0
VERTEX
  8
PARTICELLE
 10
   49041.316
 20
   46066.079
 30
0.0
  0
VERTEX
  8
PARTICELLE
 10
   49042.000
 20
   46066.888
 30
0.0
  0
VERTEX
  8
PARTICELLE
 10
   49046.967
 20
   46073.235
 30
0.0
  0
VERTEX
  8
PARTICELLE
 10
   49048.411
 20
   46075.104
 30
0.0
  0
VERTEX
  8
PARTICELLE
 10
   49050.169
 20
   46077.333
 30
0.0
  0
VERTEX
  8
PARTICELLE
 10
   49047.932
 20
   46079.964
 30
0.0
  0
VERTEX
  8
PARTICELLE
 10
   49044.225
 20
   46083.925
 30
0.0
  0
VERTEX
  8
PARTICELLE
 10
   49042.358
 20
   46082.381
 30
0.0
  0
VERTEX
  8
PARTICELLE
 10
   49041.385
 20
   46081.651
 30
0.0
  0
VERTEX
  8
PARTICELLE
 10
   49034.415
 20
   46072.681
 30
0.0
  0
VERTEX
  8
PARTICELLE
 10
   49032.278
 20
   46070.054
 30
0.0
  0
SEQEND
  8
PARTICELLE
  0
TEXT
  8
PARTICELLE
 62
7
 10
   48947.951
 20
   46253.304
 30
0.0
 40
       1.200
  1
666
 50
     340.362
  0
POLYLINE
  8
PARTICELLE
 66
1
 10
0.0
 20
0.0
 30
0.0
 70
1
  0
VERTEX
  8
PARTICELLE
 10
   48947.596
 20
   46252.836
 30
0.0
  0
VERTEX
  8
PARTICELLE
 10
   48957.520
 20
   46248.906
 30
0.0
  0
VERTEX
  8
PARTICELLE
 10
   48958.325
 20
   46251.002
 30
0.0
  0
VERTEX
  8
PARTICELLE
 10
   48949.125
 20
   46254.586
 30
0.0
  0
VERTEX
  8
PARTICELLE
 10
   48948.452
 20
   46254.829
 30
0.0
  0
VERTEX
  8
PARTICELLE
 10
   48947.596
 20
   46252.836
 30
0.0
  0
SEQEND
  8
PARTICELLE
  0
TEXT
  8
PARTICELLE
 62
7
 10
   48803.778
 20
   46350.638
 30
0.0
 40
       1.800
  1
67
 50
       0.000
  0
POLYLINE
  8
PARTICELLE
 66
1
 10
0.0
 20
0.0
 30
0.0
 70
1
  0
VERTEX
  8
PARTICELLE
 10
   48791.112
 20
   46366.498
 30
0.0
  0
VERTEX
  8
PARTICELLE
 10
   48788.993
 20
   46365.763
 30
0.0
  0
VERTEX
  8
PARTICELLE
 10
   48791.692
 20
   46347.595
 30
0.0
  0
VERTEX
  8
PARTICELLE
 10
   48794.096
 20
   46332.381
 30
0.0
  0
VERTEX
  8
PARTICELLE
 10
   48795.219
 20
   46325.243
 30
0.0
  0
VERTEX
  8
PARTICELLE
 10
   48798.887
 20
   46326.253
 30
0.0
  0
VERTEX
  8
PARTICELLE
 10
   48805.246
 20
   46328.236
 30
0.0
  0
VERTEX
  8
PARTICELLE
 10
   48808.125
 20
   46328.990
 30
0.0
  0
VERTEX
  8
PARTICELLE
 10
   48812.506
 20
   46330.381
 30
0.0
  0
VERTEX
  8
PARTICELLE
 10
   48815.228
 20
   46331.311
 30
0.0
  0
VERTEX
  8
PARTICELLE
 10
   48815.878
 20
   46331.488
 30
0.0
  0
VERTEX
  8
PARTICELLE
 10
   48814.380
 20
   46336.253
 30
0.0
  0
VERTEX
  8
PARTICELLE
 10
   48819.342
 20
   46337.704
 30
0.0
  0
VERTEX
  8
PARTICELLE
 10
   48825.506
 20
   46339.508
 30
0.0
  0
VERTEX
  8
PARTICELLE
 10
   48823.098
 20
   46348.947
 30
0.0
  0
VERTEX
  8
PARTICELLE
 10
   48819.825
 20
   46361.132
 30
0.0
  0
VERTEX
  8
PARTICELLE
 10
   48816.632
 20
   46373.270
 30
0.0
  0
VERTEX
  8
PARTICELLE
 10
   48803.695
 20
   46369.806
 30
0.0
  0
VERTEX
  8
PARTICELLE
 10
   48796.251
 20
   46367.634
 30
0.0
  0
VERTEX
  8
PARTICELLE
 10
   48791.505
 20
   46366.634
 30
0.0
  0
VERTEX
  8
PARTICELLE
 10
   48791.481
 20
   46366.626
 30
0.0
  0
VERTEX
  8
PARTICELLE
 10
   48791.112
 20
   46366.498
 30
0.0
  0
SEQEND
  8
PARTICELLE
  0
TEXT
  8
PARTICELLE
 62
7
 10
   49084.263
 20
   45868.496
 30
0.0
 40
       1.200
  1
68
 50
       0.000
  0
POLYLINE
  8
PARTICELLE
 66
1
 10
0.0
 20
0.0
 30
0.0
 70
1
  0
VERTEX
  8
PARTICELLE
 10
   49076.746
 20
   45868.620
 30
0.0
  0
VERTEX
  8
PARTICELLE
 10
   49074.366
 20
   45864.746
 30
0.0
  0
VERTEX
  8
PARTICELLE
 10
   49078.409
 20
   45862.559
 30
0.0
  0
VERTEX
  8
PARTICELLE
 10
   49077.674
 20
   45860.545
 30
0.0
  0
VERTEX
  8
PARTICELLE
 10
   49082.442
 20
   45858.693
 30
0.0
  0
VERTEX
  8
PARTICELLE
 10
   49087.737
 20
   45856.844
 30
0.0
  0
VERTEX
  8
PARTICELLE
 10
   49090.444
 20
   45864.992
 30
0.0
  0
VERTEX
  8
PARTICELLE
 10
   49093.780
 20
   45875.259
 30
0.0
  0
VERTEX
  8
PARTICELLE
 10
   49091.371
 20
   45876.201
 30
0.0
  0
VERTEX
  8
PARTICELLE
 10
   49091.203
 20
   45876.242
 30
0.0
  0
VERTEX
  8
PARTICELLE
 10
   49085.986
 20
   45878.293
 30
0.0
  0
VERTEX
  8
PARTICELLE
 10
   49081.210
 20
   45880.035
 30
0.0
  0
VERTEX
  8
PARTICELLE
 10
   49079.648
 20
   45876.085
 30
0.0
  0
VERTEX
  8
PARTICELLE
 10
   49078.116
 20
   45872.211
 30
0.0
  0
VERTEX
  8
PARTICELLE
 10
   49076.746
 20
   45868.620
 30
0.0
  0
SEQEND
  8
PARTICELLE
  0
TEXT
  8
PARTICELLE
 62
7
 10
   49083.441
 20
   46019.591
 30
0.0
 40
       1.800
  1
69
 50
       0.000
  0
POLYLINE
  8
PARTICELLE
 66
1
 10
0.0
 20
0.0
 30
0.0
 70
1
  0
VERTEX
  8
PARTICELLE
 10
   49082.103
 20
   46024.859
 30
0.0
  0
VERTEX
  8
PARTICELLE
 10
   49078.304
 20
   46015.605
 30
0.0
  0
VERTEX
  8
PARTICELLE
 10
   49085.576
 20
   46012.913
 30
0.0
  0
VERTEX
  8
PARTICELLE
 10
   49085.828
 20
   46013.490
 30
0.0
  0
VERTEX
  8
PARTICELLE
 10
   49088.407
 20
   46019.487
 30
0.0
  0
VERTEX
  8
PARTICELLE
 10
   49091.142
 20
   46025.615
 30
0.0
  0
VERTEX
  8
PARTICELLE
 10
   49091.625
 20
   46026.654
 30
0.0
  0
VERTEX
  8
PARTICELLE
 10
   49084.252
 20
   46030.128
 30
0.0
  0
VERTEX
  8
PARTICELLE
 10
   49083.795
 20
   46029.097
 30
0.0
  0
VERTEX
  8
PARTICELLE
 10
   49082.103
 20
   46024.859
 30
0.0
  0
SEQEND
  8
PARTICELLE
  0
TEXT
  8
PARTICELLE
 62
7
 10
   49178.579
 20
   46343.457
 30
0.0
 40
       1.800
  1
692
 50
       0.000
  0
POLYLINE
  8
PARTICELLE
 66
1
 10
0.0
 20
0.0
 30
0.0
 70
1
  0
VERTEX
  8
PARTICELLE
 10
   49178.566
 20
   46349.755
 30
0.0
  0
VERTEX
  8
PARTICELLE
 10
   49175.148
 20
   46344.924
 30
0.0
  0
VERTEX
  8
PARTICELLE
 10
   49172.024
 20
   46340.522
 30
0.0
  0
VERTEX
  8
PARTICELLE
 10
   49173.205
 20
   46339.945
 30
0.0
  0
VERTEX
  8
PARTICELLE
 10
   49179.184
 20
   46337.026
 30
0.0
  0
VERTEX
  8
PARTICELLE
 10
   49184.558
 20
   46345.929
 30
0.0
  0
VERTEX
  8
PARTICELLE
 10
   49184.812
 20
   46346.449
 30
0.0
  0
VERTEX
  8
PARTICELLE
 10
   49178.566
 20
   46349.755
 30
0.0
  0
SEQEND
  8
PARTICELLE
  0
TEXT
  8
PARTICELLE
 62
7
 10
   49069.503
 20
   46124.875
 30
0.0
 40
       1.800
  1
693
 50
      60.452
  0
POLYLINE
  8
PARTICELLE
 66
1
 10
0.0
 20
0.0
 30
0.0
 70
1
  0
VERTEX
  8
PARTICELLE
 10
   49067.441
 20
   46125.885
 30
0.0
  0
VERTEX
  8
PARTICELLE
 10
   49066.627
 20
   46124.233
 30
0.0
  0
VERTEX
  8
PARTICELLE
 10
   49069.932
 20
   46122.978
 30
0.0
  0
VERTEX
  8
PARTICELLE
 10
   49071.144
 20
   46125.636
 30
0.0
  0
VERTEX
  8
PARTICELLE
 10
   49073.897
 20
   46131.024
 30
0.0
  0
VERTEX
  8
PARTICELLE
 10
   49071.601
 20
   46131.991
 30
0.0
  0
VERTEX
  8
PARTICELLE
 10
   49073.198
 20
   46135.153
 30
0.0
  0
VERTEX
  8
PARTICELLE
 10
   49070.068
 20
   46136.575
 30
0.0
  0
VERTEX
  8
PARTICELLE
 10
   49068.493
 20
   46133.312
 30
0.0
  0
VERTEX
  8
PARTICELLE
 10
   49070.788
 20
   46132.120
 30
0.0
  0
VERTEX
  8
PARTICELLE
 10
   49068.964
 20
   46128.673
 30
0.0
  0
VERTEX
  8
PARTICELLE
 10
   49067.441
 20
   46125.885
 30
0.0
  0
SEQEND
  8
PARTICELLE
  0
TEXT
  8
PARTICELLE
 62
7
 10
   49066.909
 20
   46118.672
 30
0.0
 40
       1.800
  1
696
 50
      61.769
  0
POLYLINE
  8
PARTICELLE
 66
1
 10
0.0
 20
0.0
 30
0.0
 70
1
  0
VERTEX
  8
PARTICELLE
 10
   49064.729
 20
   46119.177
 30
0.0
  0
VERTEX
  8
PARTICELLE
 10
   49064.078
 20
   46117.836
 30
0.0
  0
VERTEX
  8
PARTICELLE
 10
   49066.923
 20
   46116.669
 30
0.0
  0
VERTEX
  8
PARTICELLE
 10
   49067.195
 20
   46117.267
 30
0.0
  0
VERTEX
  8
PARTICELLE
 10
   49069.932
 20
   46122.978
 30
0.0
  0
VERTEX
  8
PARTICELLE
 10
   49066.627
 20
   46124.233
 30
0.0
  0
VERTEX
  8
PARTICELLE
 10
   49065.186
 20
   46120.509
 30
0.0
  0
VERTEX
  8
PARTICELLE
 10
   49064.729
 20
   46119.177
 30
0.0
  0
SEQEND
  8
PARTICELLE
  0
TEXT
  8
PARTICELLE
 62
7
 10
   49137.265
 20
   46002.466
 30
0.0
 40
       1.800
  1
698
 50
       0.000
  0
POLYLINE
  8
PARTICELLE
 66
1
 10
0.0
 20
0.0
 30
0.0
 70
1
  0
VERTEX
  8
PARTICELLE
 10
   49134.796
 20
   46002.008
 30
0.0
  0
VERTEX
  8
PARTICELLE
 10
   49136.541
 20
   46001.191
 30
0.0
  0
VERTEX
  8
PARTICELLE
 10
   49141.177
 20
   45999.223
 30
0.0
  0
VERTEX
  8
PARTICELLE
 10
   49143.549
 20
   46005.136
 30
0.0
  0
VERTEX
  8
PARTICELLE
 10
   49137.139
 20
   46008.163
 30
0.0
  0
VERTEX
  8
PARTICELLE
 10
   49134.796
 20
   46002.008
 30
0.0
  0
SEQEND
  8
PARTICELLE
  0
TEXT
  8
PARTICELLE
 62
7
 10
   49134.739
 20
   46003.616
 30
0.0
 40
       1.200
  1
699
 50
      67.270
  0
POLYLINE
  8
PARTICELLE
 66
1
 10
0.0
 20
0.0
 30
0.0
 70
1
  0
VERTEX
  8
PARTICELLE
 10
   49135.395
 20
   46008.768
 30
0.0
  0
VERTEX
  8
PARTICELLE
 10
   49132.471
 20
   46002.988
 30
0.0
  0
VERTEX
  8
PARTICELLE
 10
   49134.796
 20
   46002.008
 30
0.0
  0
VERTEX
  8
PARTICELLE
 10
   49137.139
 20
   46008.163
 30
0.0
  0
VERTEX
  8
PARTICELLE
 10
   49135.395
 20
   46008.768
 30
0.0
  0
SEQEND
  8
PARTICELLE
  0
TEXT
  8
PARTICELLE
 62
7
 10
   48786.258
 20
   46561.518
 30
0.0
 40
       1.800
  1
7
 50
       0.000
  0
POLYLINE
  8
PARTICELLE
 66
1
 10
0.0
 20
0.0
 30
0.0
 70
1
  0
VERTEX
  8
PARTICELLE
 10
   48782.373
 20
   46562.888
 30
0.0
  0
VERTEX
  8
PARTICELLE
 10
   48782.751
 20
   46561.856
 30
0.0
  0
VERTEX
  8
PARTICELLE
 10
   48783.290
 20
   46561.151
 30
0.0
  0
VERTEX
  8
PARTICELLE
 10
   48787.929
 20
   46553.843
 30
0.0
  0
VERTEX
  8
PARTICELLE
 10
   48793.841
 20
   46559.242
 30
0.0
  0
VERTEX
  8
PARTICELLE
 10
   48795.011
 20
   46560.232
 30
0.0
  0
VERTEX
  8
PARTICELLE
 10
   48798.287
 20
   46556.883
 30
0.0
  0
VERTEX
  8
PARTICELLE
 10
   48799.652
 20
   46558.143
 30
0.0
  0
VERTEX
  8
PARTICELLE
 10
   48792.154
 20
   46565.617
 30
0.0
  0
VERTEX
  8
PARTICELLE
 10
   48788.991
 20
   46568.761
 30
0.0
  0
VERTEX
  8
PARTICELLE
 10
   48782.373
 20
   46562.888
 30
0.0
  0
SEQEND
  8
PARTICELLE
  0
TEXT
  8
PARTICELLE
 62
7
 10
   49092.379
 20
   46015.112
 30
0.0
 40
       1.800
  1
70
 50
       0.000
  0
POLYLINE
  8
PARTICELLE
 66
1
 10
0.0
 20
0.0
 30
0.0
 70
1
  0
VERTEX
  8
PARTICELLE
 10
   49084.384
 20
   45997.283
 30
0.0
  0
VERTEX
  8
PARTICELLE
 10
   49087.264
 20
   45996.032
 30
0.0
  0
VERTEX
  8
PARTICELLE
 10
   49091.521
 20
   45994.172
 30
0.0
  0
VERTEX
  8
PARTICELLE
 10
   49095.206
 20
   46000.751
 30
0.0
  0
VERTEX
  8
PARTICELLE
 10
   49098.202
 20
   46013.127
 30
0.0
  0
VERTEX
  8
PARTICELLE
 10
   49102.081
 20
   46022.461
 30
0.0
  0
VERTEX
  8
PARTICELLE
 10
   49091.625
 20
   46026.654
 30
0.0
  0
VERTEX
  8
PARTICELLE
 10
   49091.142
 20
   46025.615
 30
0.0
  0
VERTEX
  8
PARTICELLE
 10
   49088.407
 20
   46019.487
 30
0.0
  0
VERTEX
  8
PARTICELLE
 10
   49085.828
 20
   46013.490
 30
0.0
  0
VERTEX
  8
PARTICELLE
 10
   49085.576
 20
   46012.913
 30
0.0
  0
VERTEX
  8
PARTICELLE
 10
   49084.508
 20
   46010.408
 30
0.0
  0
VERTEX
  8
PARTICELLE
 10
   49088.446
 20
   46008.628
 30
0.0
  0
VERTEX
  8
PARTICELLE
 10
   49084.384
 20
   45997.283
 30
0.0
  0
SEQEND
  8
PARTICELLE
  0
TEXT
  8
PARTICELLE
 62
7
 10
   49162.105
 20
   46292.603
 30
0.0
 40
       1.800
  1
700
 50
       0.000
  0
POLYLINE
  8
PARTICELLE
 66
1
 10
0.0
 20
0.0
 30
0.0
 70
1
  0
VERTEX
  8
PARTICELLE
 10
   49156.878
 20
   46299.555
 30
0.0
  0
VERTEX
  8
PARTICELLE
 10
   49152.938
 20
   46290.270
 30
0.0
  0
VERTEX
  8
PARTICELLE
 10
   49161.953
 20
   46286.841
 30
0.0
  0
VERTEX
  8
PARTICELLE
 10
   49169.637
 20
   46283.762
 30
0.0
  0
VERTEX
  8
PARTICELLE
 10
   49176.383
 20
   46299.635
 30
0.0
  0
VERTEX
  8
PARTICELLE
 10
   49164.768
 20
   46304.269
 30
0.0
  0
VERTEX
  8
PARTICELLE
 10
   49164.314
 20
   46304.514
 30
0.0
  0
VERTEX
  8
PARTICELLE
 10
   49164.214
 20
   46304.035
 30
0.0
  0
VERTEX
  8
PARTICELLE
 10
   49159.589
 20
   46305.914
 30
0.0
  0
VERTEX
  8
PARTICELLE
 10
   49156.878
 20
   46299.555
 30
0.0
  0
SEQEND
  8
PARTICELLE
  0
TEXT
  8
PARTICELLE
 62
7
 10
   48917.939
 20
   46332.788
 30
0.0
 40
       1.800
  1
701
 50
       0.000
  0
POLYLINE
  8
PARTICELLE
 66
1
 10
0.0
 20
0.0
 30
0.0
 70
1
  0
VERTEX
  8
PARTICELLE
 10
   48916.391
 20
   46332.217
 30
0.0
  0
VERTEX
  8
PARTICELLE
 10
   48917.971
 20
   46331.094
 30
0.0
  0
VERTEX
  8
PARTICELLE
 10
   48919.461
 20
   46333.385
 30
0.0
  0
VERTEX
  8
PARTICELLE
 10
   48917.946
 20
   46334.481
 30
0.0
  0
VERTEX
  8
PARTICELLE
 10
   48916.391
 20
   46332.217
 30
0.0
  0
SEQEND
  8
PARTICELLE
  0
TEXT
  8
PARTICELLE
 62
7
 10
   48914.928
 20
   46328.339
 30
0.0
 40
       1.800
  1
702
 50
       0.000
  0
POLYLINE
  8
PARTICELLE
 66
1
 10
0.0
 20
0.0
 30
0.0
 70
1
  0
VERTEX
  8
PARTICELLE
 10
   48912.922
 20
   46327.298
 30
0.0
  0
VERTEX
  8
PARTICELLE
 10
   48914.238
 20
   46326.390
 30
0.0
  0
VERTEX
  8
PARTICELLE
 10
   48917.415
 20
   46324.476
 30
0.0
  0
VERTEX
  8
PARTICELLE
 10
   48918.545
 20
   46326.188
 30
0.0
  0
VERTEX
  8
PARTICELLE
 10
   48915.886
 20
   46327.865
 30
0.0
  0
VERTEX
  8
PARTICELLE
 10
   48917.971
 20
   46331.094
 30
0.0
  0
VERTEX
  8
PARTICELLE
 10
   48916.391
 20
   46332.217
 30
0.0
  0
VERTEX
  8
PARTICELLE
 10
   48912.922
 20
   46327.298
 30
0.0
  0
SEQEND
  8
PARTICELLE
  0
TEXT
  8
PARTICELLE
 62
7
 10
   48921.093
 20
   46333.764
 30
0.0
 40
       1.200
  1
703
 50
     326.610
  0
POLYLINE
  8
PARTICELLE
 66
1
 10
0.0
 20
0.0
 30
0.0
 70
1
  0
VERTEX
  8
PARTICELLE
 10
   48919.593
 20
   46336.842
 30
0.0
  0
VERTEX
  8
PARTICELLE
 10
   48919.408
 20
   46336.555
 30
0.0
  0
VERTEX
  8
PARTICELLE
 10
   48920.956
 20
   46335.454
 30
0.0
  0
VERTEX
  8
PARTICELLE
 10
   48920.017
 20
   46334.037
 30
0.0
  0
VERTEX
  8
PARTICELLE
 10
   48924.896
 20
   46330.750
 30
0.0
  0
VERTEX
  8
PARTICELLE
 10
   48925.978
 20
   46332.505
 30
0.0
  0
VERTEX
  8
PARTICELLE
 10
   48919.593
 20
   46336.842
 30
0.0
  0
SEQEND
  8
PARTICELLE
  0
TEXT
  8
PARTICELLE
 62
7
 10
   49084.669
 20
   46000.421
 30
0.0
 40
       1.800
  1
705
 50
      67.843
  0
POLYLINE
  8
PARTICELLE
 66
1
 10
0.0
 20
0.0
 30
0.0
 70
1
  0
VERTEX
  8
PARTICELLE
 10
   49081.448
 20
   46003.309
 30
0.0
  0
VERTEX
  8
PARTICELLE
 10
   49079.379
 20
   45998.636
 30
0.0
  0
VERTEX
  8
PARTICELLE
 10
   49083.960
 20
   45996.575
 30
0.0
  0
VERTEX
  8
PARTICELLE
 10
   49084.384
 20
   45997.283
 30
0.0
  0
VERTEX
  8
PARTICELLE
 10
   49088.446
 20
   46008.628
 30
0.0
  0
VERTEX
  8
PARTICELLE
 10
   49084.508
 20
   46010.408
 30
0.0
  0
VERTEX
  8
PARTICELLE
 10
   49081.448
 20
   46003.309
 30
0.0
  0
SEQEND
  8
PARTICELLE
  0
TEXT
  8
PARTICELLE
 62
7
 10
   48834.753
 20
   46356.909
 30
0.0
 40
       1.800
  1
71
 50
       0.000
  0
POLYLINE
  8
PARTICELLE
 66
1
 10
0.0
 20
0.0
 30
0.0
 70
1
  0
VERTEX
  8
PARTICELLE
 10
   48829.441
 20
   46362.617
 30
0.0
  0
VERTEX
  8
PARTICELLE
 10
   48827.185
 20
   46362.387
 30
0.0
  0
VERTEX
  8
PARTICELLE
 10
   48830.156
 20
   46350.921
 30
0.0
  0
VERTEX
  8
PARTICELLE
 10
   48842.837
 20
   46354.315
 30
0.0
  0
VERTEX
  8
PARTICELLE
 10
   48845.559
 20
   46354.937
 30
0.0
  0
VERTEX
  8
PARTICELLE
 10
   48845.588
 20
   46363.532
 30
0.0
  0
VERTEX
  8
PARTICELLE
 10
   48842.584
 20
   46363.448
 30
0.0
  0
VERTEX
  8
PARTICELLE
 10
   48829.441
 20
   46362.617
 30
0.0
  0
SEQEND
  8
PARTICELLE
  0
TEXT
  8
PARTICELLE
 62
7
 10
   48835.998
 20
   46348.234
 30
0.0
 40
       1.800
  1
72
 50
       0.000
  0
POLYLINE
  8
PARTICELLE
 66
1
 10
0.0
 20
0.0
 30
0.0
 70
1
  0
VERTEX
  8
PARTICELLE
 10
   48830.156
 20
   46350.921
 30
0.0
  0
VERTEX
  8
PARTICELLE
 10
   48832.794
 20
   46341.705
 30
0.0
  0
VERTEX
  8
PARTICELLE
 10
   48845.356
 20
   46344.922
 30
0.0
  0
VERTEX
  8
PARTICELLE
 10
   48845.559
 20
   46354.937
 30
0.0
  0
VERTEX
  8
PARTICELLE
 10
   48842.837
 20
   46354.315
 30
0.0
  0
VERTEX
  8
PARTICELLE
 10
   48830.156
 20
   46350.921
 30
0.0
  0
SEQEND
  8
PARTICELLE
  0
TEXT
  8
PARTICELLE
 62
7
 10
   49102.498
 20
   46005.323
 30
0.0
 40
       1.800
  1
76
 50
       0.000
  0
POLYLINE
  8
PARTICELLE
 66
1
 10
0.0
 20
0.0
 30
0.0
 70
1
  0
VERTEX
  8
PARTICELLE
 10
   49091.521
 20
   45994.172
 30
0.0
  0
VERTEX
  8
PARTICELLE
 10
   49091.103
 20
   45993.501
 30
0.0
  0
VERTEX
  8
PARTICELLE
 10
   49093.088
 20
   45992.410
 30
0.0
  0
VERTEX
  8
PARTICELLE
 10
   49095.725
 20
   45997.381
 30
0.0
  0
VERTEX
  8
PARTICELLE
 10
   49099.749
 20
   46004.971
 30
0.0
  0
VERTEX
  8
PARTICELLE
 10
   49105.300
 20
   46002.742
 30
0.0
  0
VERTEX
  8
PARTICELLE
 10
   49107.791
 20
   46007.645
 30
0.0
  0
VERTEX
  8
PARTICELLE
 10
   49108.524
 20
   46014.132
 30
0.0
  0
VERTEX
  8
PARTICELLE
 10
   49108.887
 20
   46019.636
 30
0.0
  0
VERTEX
  8
PARTICELLE
 10
   49102.081
 20
   46022.461
 30
0.0
  0
VERTEX
  8
PARTICELLE
 10
   49098.202
 20
   46013.127
 30
0.0
  0
VERTEX
  8
PARTICELLE
 10
   49095.206
 20
   46000.751
 30
0.0
  0
VERTEX
  8
PARTICELLE
 10
   49091.521
 20
   45994.172
 30
0.0
  0
SEQEND
  8
PARTICELLE
  0
TEXT
  8
PARTICELLE
 62
7
 10
   48802.675
 20
   46319.816
 30
0.0
 40
       1.800
  1
77
 50
       0.000
  0
POLYLINE
  8
PARTICELLE
 66
1
 10
0.0
 20
0.0
 30
0.0
 70
1
  0
VERTEX
  8
PARTICELLE
 10
   48798.780
 20
   46312.306
 30
0.0
  0
VERTEX
  8
PARTICELLE
 10
   48799.729
 20
   46308.577
 30
0.0
  0
VERTEX
  8
PARTICELLE
 10
   48799.805
 20
   46308.601
 30
0.0
  0
VERTEX
  8
PARTICELLE
 10
   48804.125
 20
   46309.975
 30
0.0
  0
VERTEX
  8
PARTICELLE
 10
   48803.575
 20
   46311.778
 30
0.0
  0
VERTEX
  8
PARTICELLE
 10
   48812.143
 20
   46316.000
 30
0.0
  0
VERTEX
  8
PARTICELLE
 10
   48808.125
 20
   46328.990
 30
0.0
  0
VERTEX
  8
PARTICELLE
 10
   48805.246
 20
   46328.236
 30
0.0
  0
VERTEX
  8
PARTICELLE
 10
   48798.887
 20
   46326.253
 30
0.0
  0
VERTEX
  8
PARTICELLE
 10
   48795.219
 20
   46325.243
 30
0.0
  0
VERTEX
  8
PARTICELLE
 10
   48796.567
 20
   46320.192
 30
0.0
  0
VERTEX
  8
PARTICELLE
 10
   48797.210
 20
   46318.007
 30
0.0
  0
VERTEX
  8
PARTICELLE
 10
   48798.435
 20
   46313.552
 30
0.0
  0
VERTEX
  8
PARTICELLE
 10
   48798.780
 20
   46312.306
 30
0.0
  0
SEQEND
  8
PARTICELLE
  0
TEXT
  8
PARTICELLE
 62
7
 10
   48811.499
 20
   46305.042
 30
0.0
 40
       1.800
  1
78
 50
       0.000
  0
POLYLINE
  8
PARTICELLE
 66
1
 10
0.0
 20
0.0
 30
0.0
 70
1
  0
VERTEX
  8
PARTICELLE
 10
   48805.250
 20
   46306.929
 30
0.0
  0
VERTEX
  8
PARTICELLE
 10
   48810.115
 20
   46293.981
 30
0.0
  0
VERTEX
  8
PARTICELLE
 10
   48816.128
 20
   46298.757
 30
0.0
  0
VERTEX
  8
PARTICELLE
 10
   48820.605
 20
   46302.319
 30
0.0
  0
VERTEX
  8
PARTICELLE
 10
   48827.581
 20
   46308.836
 30
0.0
  0
VERTEX
  8
PARTICELLE
 10
   48833.682
 20
   46314.684
 30
0.0
  0
VERTEX
  8
PARTICELLE
 10
   48832.717
 20
   46316.780
 30
0.0
  0
VERTEX
  8
PARTICELLE
 10
   48826.575
 20
   46313.486
 30
0.0
  0
VERTEX
  8
PARTICELLE
 10
   48823.526
 20
   46312.003
 30
0.0
  0
VERTEX
  8
PARTICELLE
 10
   48821.569
 20
   46315.802
 30
0.0
  0
VERTEX
  8
PARTICELLE
 10
   48805.250
 20
   46306.929
 30
0.0
  0
SEQEND
  8
PARTICELLE
  0
TEXT
  8
PARTICELLE
 62
7
 10
   49024.515
 20
   45961.242
 30
0.0
 40
       1.800
  1
781
 50
       0.000
  0
POLYLINE
  8
PARTICELLE
 66
1
 10
0.0
 20
0.0
 30
0.0
 70
1
  0
VERTEX
  8
PARTICELLE
 10
   49033.347
 20
   45985.755
 30
0.0
  0
VERTEX
  8
PARTICELLE
 10
   49033.086
 20
   45985.864
 30
0.0
  0
VERTEX
  8
PARTICELLE
 10
   49023.351
 20
   45963.925
 30
0.0
  0
VERTEX
  8
PARTICELLE
 10
   49015.961
 20
   45946.998
 30
0.0
  0
VERTEX
  8
PARTICELLE
 10
   49012.660
 20
   45939.566
 30
0.0
  0
VERTEX
  8
PARTICELLE
 10
   49013.196
 20
   45939.349
 30
0.0
  0
VERTEX
  8
PARTICELLE
 10
   49020.403
 20
   45936.429
 30
0.0
  0
VERTEX
  8
PARTICELLE
 10
   49026.843
 20
   45951.029
 30
0.0
  0
VERTEX
  8
PARTICELLE
 10
   49035.627
 20
   45971.256
 30
0.0
  0
VERTEX
  8
PARTICELLE
 10
   49040.573
 20
   45982.748
 30
0.0
  0
VERTEX
  8
PARTICELLE
 10
   49033.347
 20
   45985.755
 30
0.0
  0
SEQEND
  8
PARTICELLE
  0
TEXT
  8
PARTICELLE
 62
7
 10
   48979.870
 20
   45853.783
 30
0.0
 40
       1.800
  1
782
 50
       0.000
  0
POLYLINE
  8
PARTICELLE
 66
1
 10
0.0
 20
0.0
 30
0.0
 70
1
  0
VERTEX
  8
PARTICELLE
 10
   48980.041
 20
   45858.339
 30
0.0
  0
VERTEX
  8
PARTICELLE
 10
   48979.967
 20
   45858.349
 30
0.0
  0
VERTEX
  8
PARTICELLE
 10
   48978.314
 20
   45853.219
 30
0.0
  0
VERTEX
  8
PARTICELLE
 10
   48978.084
 20
   45852.536
 30
0.0
  0
VERTEX
  8
PARTICELLE
 10
   48984.940
 20
   45851.831
 30
0.0
  0
VERTEX
  8
PARTICELLE
 10
   48985.270
 20
   45855.006
 30
0.0
  0
VERTEX
  8
PARTICELLE
 10
   48985.096
 20
   45855.516
 30
0.0
  0
VERTEX
  8
PARTICELLE
 10
   48985.657
 20
   45857.639
 30
0.0
  0
VERTEX
  8
PARTICELLE
 10
   48980.041
 20
   45858.339
 30
0.0
  0
SEQEND
  8
PARTICELLE
  0
TEXT
  8
PARTICELLE
 62
7
 10
   49132.523
 20
   46093.174
 30
0.0
 40
       1.800
  1
783
 50
       0.000
  0
POLYLINE
  8
PARTICELLE
 66
1
 10
0.0
 20
0.0
 30
0.0
 70
1
  0
VERTEX
  8
PARTICELLE
 10
   49124.945
 20
   46089.017
 30
0.0
  0
VERTEX
  8
PARTICELLE
 10
   49124.506
 20
   46088.524
 30
0.0
  0
VERTEX
  8
PARTICELLE
 10
   49133.106
 20
   46083.439
 30
0.0
  0
VERTEX
  8
PARTICELLE
 10
   49134.659
 20
   46082.522
 30
0.0
  0
VERTEX
  8
PARTICELLE
 10
   49136.611
 20
   46087.801
 30
0.0
  0
VERTEX
  8
PARTICELLE
 10
   49137.182
 20
   46089.428
 30
0.0
  0
VERTEX
  8
PARTICELLE
 10
   49139.744
 20
   46097.198
 30
0.0
  0
VERTEX
  8
PARTICELLE
 10
   49134.149
 20
   46099.347
 30
0.0
  0
VERTEX
  8
PARTICELLE
 10
   49130.010
 20
   46100.945
 30
0.0
  0
VERTEX
  8
PARTICELLE
 10
   49128.382
 20
   46096.811
 30
0.0
  0
VERTEX
  8
PARTICELLE
 10
   49124.945
 20
   46089.017
 30
0.0
  0
SEQEND
  8
PARTICELLE
  0
TEXT
  8
PARTICELLE
 62
7
 10
   49043.292
 20
   46141.537
 30
0.0
 40
       1.800
  1
785
 50
       0.000
  0
POLYLINE
  8
PARTICELLE
 66
1
 10
0.0
 20
0.0
 30
0.0
 70
1
  0
VERTEX
  8
PARTICELLE
 10
   49036.428
 20
   46128.513
 30
0.0
  0
VERTEX
  8
PARTICELLE
 10
   49038.211
 20
   46127.886
 30
0.0
  0
VERTEX
  8
PARTICELLE
 10
   49042.641
 20
   46138.740
 30
0.0
  0
VERTEX
  8
PARTICELLE
 10
   49047.396
 20
   46150.070
 30
0.0
  0
VERTEX
  8
PARTICELLE
 10
   49049.367
 20
   46155.355
 30
0.0
  0
VERTEX
  8
PARTICELLE
 10
   49041.988
 20
   46140.045
 30
0.0
  0
VERTEX
  8
PARTICELLE
 10
   49036.428
 20
   46128.513
 30
0.0
  0
SEQEND
  8
PARTICELLE
  0
TEXT
  8
PARTICELLE
 62
7
 10
   49034.665
 20
   46079.627
 30
0.0
 40
       1.800
  1
787
 50
       0.000
  0
POLYLINE
  8
PARTICELLE
 66
1
 10
0.0
 20
0.0
 30
0.0
 70
1
  0
VERTEX
  8
PARTICELLE
 10
   49029.577
 20
   46076.531
 30
0.0
  0
VERTEX
  8
PARTICELLE
 10
   49034.415
 20
   46072.681
 30
0.0
  0
VERTEX
  8
PARTICELLE
 10
   49041.385
 20
   46081.651
 30
0.0
  0
VERTEX
  8
PARTICELLE
 10
   49042.358
 20
   46082.381
 30
0.0
  0
VERTEX
  8
PARTICELLE
 10
   49044.225
 20
   46083.925
 30
0.0
  0
VERTEX
  8
PARTICELLE
 10
   49043.518
 20
   46084.683
 30
0.0
  0
VERTEX
  8
PARTICELLE
 10
   49039.548
 20
   46088.989
 30
0.0
  0
VERTEX
  8
PARTICELLE
 10
   49038.827
 20
   46087.980
 30
0.0
  0
VERTEX
  8
PARTICELLE
 10
   49034.580
 20
   46082.614
 30
0.0
  0
VERTEX
  8
PARTICELLE
 10
   49029.577
 20
   46076.531
 30
0.0
  0
SEQEND
  8
PARTICELLE
  0
TEXT
  8
PARTICELLE
 62
7
 10
   49057.068
 20
   46122.541
 30
0.0
 40
       1.800
  1
788
 50
       0.000
  0
POLYLINE
  8
PARTICELLE
 66
1
 10
0.0
 20
0.0
 30
0.0
 70
1
  0
VERTEX
  8
PARTICELLE
 10
   49055.950
 20
   46128.704
 30
0.0
  0
VERTEX
  8
PARTICELLE
 10
   49052.637
 20
   46122.247
 30
0.0
  0
VERTEX
  8
PARTICELLE
 10
   49060.019
 20
   46119.341
 30
0.0
  0
VERTEX
  8
PARTICELLE
 10
   49064.078
 20
   46117.836
 30
0.0
  0
VERTEX
  8
PARTICELLE
 10
   49064.729
 20
   46119.177
 30
0.0
  0
VERTEX
  8
PARTICELLE
 10
   49065.186
 20
   46120.509
 30
0.0
  0
VERTEX
  8
PARTICELLE
 10
   49066.627
 20
   46124.233
 30
0.0
  0
VERTEX
  8
PARTICELLE
 10
   49059.151
 20
   46127.417
 30
0.0
  0
VERTEX
  8
PARTICELLE
 10
   49055.950
 20
   46128.704
 30
0.0
  0
SEQEND
  8
PARTICELLE
  0
TEXT
  8
PARTICELLE
 62
7
 10
   49105.214
 20
   45934.894
 30
0.0
 40
       1.800
  1
79
 50
       0.000
  0
POLYLINE
  8
PARTICELLE
 66
1
 10
0.0
 20
0.0
 30
0.0
 70
1
  0
VERTEX
  8
PARTICELLE
 10
   49095.170
 20
   45942.015
 30
0.0
  0
VERTEX
  8
PARTICELLE
 10
   49092.124
 20
   45935.128
 30
0.0
  0
VERTEX
  8
PARTICELLE
 10
   49097.124
 20
   45933.255
 30
0.0
  0
VERTEX
  8
PARTICELLE
 10
   49101.505
 20
   45931.509
 30
0.0
  0
VERTEX
  8
PARTICELLE
 10
   49111.572
 20
   45927.502
 30
0.0
  0
VERTEX
  8
PARTICELLE
 10
   49115.808
 20
   45937.032
 30
0.0
  0
VERTEX
  8
PARTICELLE
 10
   49101.124
 20
   45942.890
 30
0.0
  0
VERTEX
  8
PARTICELLE
 10
   49096.347
 20
   45944.809
 30
0.0
  0
VERTEX
  8
PARTICELLE
 10
   49095.170
 20
   45942.015
 30
0.0
  0
SEQEND
  8
PARTICELLE
  0
TEXT
  8
PARTICELLE
 62
7
 10
   49072.964
 20
   46132.507
 30
0.0
 40
       1.200
  1
793
 50
       0.000
  0
POLYLINE
  8
PARTICELLE
 66
1
 10
0.0
 20
0.0
 30
0.0
 70
1
  0
VERTEX
  8
PARTICELLE
 10
   49073.198
 20
   46135.153
 30
0.0
  0
VERTEX
  8
PARTICELLE
 10
   49071.601
 20
   46131.991
 30
0.0
  0
VERTEX
  8
PARTICELLE
 10
   49073.897
 20
   46131.024
 30
0.0
  0
VERTEX
  8
PARTICELLE
 10
   49075.436
 20
   46134.187
 30
0.0
  0
VERTEX
  8
PARTICELLE
 10
   49073.198
 20
   46135.153
 30
0.0
  0
SEQEND
  8
PARTICELLE
  0
TEXT
  8
PARTICELLE
 62
7
 10
   48884.561
 20
   46329.721
 30
0.0
 40
       1.800
  1
796
 50
       0.000
  0
POLYLINE
  8
PARTICELLE
 66
1
 10
0.0
 20
0.0
 30
0.0
 70
1
  0
VERTEX
  8
PARTICELLE
 10
   48884.413
 20
   46335.575
 30
0.0
  0
VERTEX
  8
PARTICELLE
 10
   48882.844
 20
   46326.517
 30
0.0
  0
VERTEX
  8
PARTICELLE
 10
   48889.076
 20
   46325.328
 30
0.0
  0
VERTEX
  8
PARTICELLE
 10
   48889.834
 20
   46334.586
 30
0.0
  0
VERTEX
  8
PARTICELLE
 10
   48889.902
 20
   46335.325
 30
0.0
  0
VERTEX
  8
PARTICELLE
 10
   48884.571
 20
   46336.434
 30
0.0
  0
VERTEX
  8
PARTICELLE
 10
   48884.413
 20
   46335.575
 30
0.0
  0
SEQEND
  8
PARTICELLE
  0
TEXT
  8
PARTICELLE
 62
7
 10
   49114.765
 20
   45962.528
 30
0.0
 40
       1.800
  1
8
 50
       0.000
  0
POLYLINE
  8
PARTICELLE
 66
1
 10
0.0
 20
0.0
 30
0.0
 70
1
  0
VERTEX
  8
PARTICELLE
 10
   49123.501
 20
   45955.491
 30
0.0
  0
VERTEX
  8
PARTICELLE
 10
   49129.036
 20
   45969.215
 30
0.0
  0
VERTEX
  8
PARTICELLE
 10
   49112.778
 20
   45976.584
 30
0.0
  0
VERTEX
  8
PARTICELLE
 10
   49106.213
 20
   45962.454
 30
0.0
  0
VERTEX
  8
PARTICELLE
 10
   49103.157
 20
   45955.489
 30
0.0
  0
VERTEX
  8
PARTICELLE
 10
   49102.661
 20
   45954.315
 30
0.0
  0
VERTEX
  8
PARTICELLE
 10
   49114.708
 20
   45949.655
 30
0.0
  0
VERTEX
  8
PARTICELLE
 10
   49120.246
 20
   45947.433
 30
0.0
  0
VERTEX
  8
PARTICELLE
 10
   49121.407
 20
   45946.998
 30
0.0
  0
VERTEX
  8
PARTICELLE
 10
   49120.373
 20
   45947.425
 30
0.0
  0
VERTEX
  8
PARTICELLE
 10
   49123.501
 20
   45955.491
 30
0.0
  0
SEQEND
  8
PARTICELLE
  0
TEXT
  8
PARTICELLE
 62
7
 10
   48818.403
 20
   46325.111
 30
0.0
 40
       1.800
  1
80
 50
       0.000
  0
POLYLINE
  8
PARTICELLE
 66
1
 10
0.0
 20
0.0
 30
0.0
 70
1
  0
VERTEX
  8
PARTICELLE
 10
   48815.228
 20
   46331.311
 30
0.0
  0
VERTEX
  8
PARTICELLE
 10
   48812.506
 20
   46330.381
 30
0.0
  0
VERTEX
  8
PARTICELLE
 10
   48816.377
 20
   46318.094
 30
0.0
  0
VERTEX
  8
PARTICELLE
 10
   48818.946
 20
   46319.351
 30
0.0
  0
VERTEX
  8
PARTICELLE
 10
   48823.564
 20
   46320.538
 30
0.0
  0
VERTEX
  8
PARTICELLE
 10
   48820.253
 20
   46332.606
 30
0.0
  0
VERTEX
  8
PARTICELLE
 10
   48815.878
 20
   46331.488
 30
0.0
  0
VERTEX
  8
PARTICELLE
 10
   48815.228
 20
   46331.311
 30
0.0
  0
SEQEND
  8
PARTICELLE
  0
TEXT
  8
PARTICELLE
 62
7
 10
   48907.860
 20
   46550.340
 30
0.0
 40
       1.800
  1
800
 50
       0.000
  0
POLYLINE
  8
PARTICELLE
 66
1
 10
0.0
 20
0.0
 30
0.0
 70
1
  0
VERTEX
  8
PARTICELLE
 10
   48903.656
 20
   46552.629
 30
0.0
  0
VERTEX
  8
PARTICELLE
 10
   48907.069
 20
   46550.205
 30
0.0
  0
VERTEX
  8
PARTICELLE
 10
   48906.618
 20
   46549.568
 30
0.0
  0
VERTEX
  8
PARTICELLE
 10
   48909.312
 20
   46547.653
 30
0.0
  0
VERTEX
  8
PARTICELLE
 10
   48909.942
 20
   46548.541
 30
0.0
  0
VERTEX
  8
PARTICELLE
 10
   48911.042
 20
   46547.759
 30
0.0
  0
VERTEX
  8
PARTICELLE
 10
   48911.747
 20
   46548.753
 30
0.0
  0
VERTEX
  8
PARTICELLE
 10
   48904.542
 20
   46553.875
 30
0.0
  0
VERTEX
  8
PARTICELLE
 10
   48903.656
 20
   46552.629
 30
0.0
  0
SEQEND
  8
PARTICELLE
  0
TEXT
  8
PARTICELLE
 62
7
 10
   49078.594
 20
   45923.595
 30
0.0
 40
       1.800
  1
805
 50
       0.000
  0
POLYLINE
  8
PARTICELLE
 66
1
 10
0.0
 20
0.0
 30
0.0
 70
1
  0
VERTEX
  8
PARTICELLE
 10
   49066.773
 20
   45928.233
 30
0.0
  0
VERTEX
  8
PARTICELLE
 10
   49065.474
 20
   45925.214
 30
0.0
  0
VERTEX
  8
PARTICELLE
 10
   49072.057
 20
   45922.359
 30
0.0
  0
VERTEX
  8
PARTICELLE
 10
   49088.875
 20
   45915.797
 30
0.0
  0
VERTEX
  8
PARTICELLE
 10
   49089.847
 20
   45915.430
 30
0.0
  0
VERTEX
  8
PARTICELLE
 10
   49090.151
 20
   45916.239
 30
0.0
  0
VERTEX
  8
PARTICELLE
 10
   49091.902
 20
   45920.498
 30
0.0
  0
VERTEX
  8
PARTICELLE
 10
   49092.036
 20
   45920.894
 30
0.0
  0
VERTEX
  8
PARTICELLE
 10
   49089.356
 20
   45921.811
 30
0.0
  0
VERTEX
  8
PARTICELLE
 10
   49090.815
 20
   45925.911
 30
0.0
  0
VERTEX
  8
PARTICELLE
 10
   49088.409
 20
   45926.689
 30
0.0
  0
VERTEX
  8
PARTICELLE
 10
   49089.113
 20
   45928.629
 30
0.0
  0
VERTEX
  8
PARTICELLE
 10
   49090.600
 20
   45932.377
 30
0.0
  0
VERTEX
  8
PARTICELLE
 10
   49079.669
 20
   45936.465
 30
0.0
  0
VERTEX
  8
PARTICELLE
 10
   49071.167
 20
   45939.687
 30
0.0
  0
VERTEX
  8
PARTICELLE
 10
   49068.804
 20
   45933.616
 30
0.0
  0
VERTEX
  8
PARTICELLE
 10
   49066.773
 20
   45928.233
 30
0.0
  0
SEQEND
  8
PARTICELLE
  0
TEXT
  8
PARTICELLE
 62
7
 10
   48826.957
 20
   46327.788
 30
0.0
 40
       1.800
  1
81
 50
       0.000
  0
POLYLINE
  8
PARTICELLE
 66
1
 10
0.0
 20
0.0
 30
0.0
 70
1
  0
VERTEX
  8
PARTICELLE
 10
   48820.253
 20
   46332.606
 30
0.0
  0
VERTEX
  8
PARTICELLE
 10
   48823.564
 20
   46320.538
 30
0.0
  0
VERTEX
  8
PARTICELLE
 10
   48837.237
 20
   46324.623
 30
0.0
  0
VERTEX
  8
PARTICELLE
 10
   48833.923
 20
   46336.548
 30
0.0
  0
VERTEX
  8
PARTICELLE
 10
   48820.253
 20
   46332.606
 30
0.0
  0
SEQEND
  8
PARTICELLE
  0
TEXT
  8
PARTICELLE
 62
7
 10
   49036.773
 20
   45918.356
 30
0.0
 40
       1.800
  1
810
 50
       0.000
  0
POLYLINE
  8
PARTICELLE
 66
1
 10
0.0
 20
0.0
 30
0.0
 70
1
  0
VERTEX
  8
PARTICELLE
 10
   49037.065
 20
   45922.495
 30
0.0
  0
VERTEX
  8
PARTICELLE
 10
   49033.635
 20
   45914.772
 30
0.0
  0
VERTEX
  8
PARTICELLE
 10
   49039.402
 20
   45912.092
 30
0.0
  0
VERTEX
  8
PARTICELLE
 10
   49044.230
 20
   45923.163
 30
0.0
  0
VERTEX
  8
PARTICELLE
 10
   49038.471
 20
   45925.656
 30
0.0
  0
VERTEX
  8
PARTICELLE
 10
   49037.065
 20
   45922.495
 30
0.0
  0
SEQEND
  8
PARTICELLE
  0
TEXT
  8
PARTICELLE
 62
7
 10
   49043.545
 20
   45926.261
 30
0.0
 40
       1.800
  1
811
 50
       0.000
  0
POLYLINE
  8
PARTICELLE
 66
1
 10
0.0
 20
0.0
 30
0.0
 70
1
  0
VERTEX
  8
PARTICELLE
 10
   49043.570
 20
   45930.519
 30
0.0
  0
VERTEX
  8
PARTICELLE
 10
   49041.447
 20
   45925.715
 30
0.0
  0
VERTEX
  8
PARTICELLE
 10
   49047.293
 20
   45923.406
 30
0.0
  0
VERTEX
  8
PARTICELLE
 10
   49049.083
 20
   45928.179
 30
0.0
  0
VERTEX
  8
PARTICELLE
 10
   49043.570
 20
   45930.519
 30
0.0
  0
SEQEND
  8
PARTICELLE
  0
TEXT
  8
PARTICELLE
 62
7
 10
   49013.624
 20
   45857.997
 30
0.0
 40
       1.800
  1
814
 50
       0.000
  0
POLYLINE
  8
PARTICELLE
 66
1
 10
0.0
 20
0.0
 30
0.0
 70
1
  0
VERTEX
  8
PARTICELLE
 10
   49010.886
 20
   45859.842
 30
0.0
  0
VERTEX
  8
PARTICELLE
 10
   49010.485
 20
   45857.751
 30
0.0
  0
VERTEX
  8
PARTICELLE
 10
   49012.472
 20
   45857.311
 30
0.0
  0
VERTEX
  8
PARTICELLE
 10
   49017.007
 20
   45856.408
 30
0.0
  0
VERTEX
  8
PARTICELLE
 10
   49015.862
 20
   45850.622
 30
0.0
  0
VERTEX
  8
PARTICELLE
 10
   49021.143
 20
   45849.890
 30
0.0
  0
VERTEX
  8
PARTICELLE
 10
   49023.010
 20
   45858.337
 30
0.0
  0
VERTEX
  8
PARTICELLE
 10
   49020.269
 20
   45855.762
 30
0.0
  0
VERTEX
  8
PARTICELLE
 10
   49020.715
 20
   45858.778
 30
0.0
  0
VERTEX
  8
PARTICELLE
 10
   49018.309
 20
   45861.757
 30
0.0
  0
VERTEX
  8
PARTICELLE
 10
   49018.034
 20
   45861.818
 30
0.0
  0
VERTEX
  8
PARTICELLE
 10
   49018.008
 20
   45861.677
 30
0.0
  0
VERTEX
  8
PARTICELLE
 10
   49014.169
 20
   45862.248
 30
0.0
  0
VERTEX
  8
PARTICELLE
 10
   49012.393
 20
   45861.602
 30
0.0
  0
VERTEX
  8
PARTICELLE
 10
   49010.886
 20
   45859.842
 30
0.0
  0
SEQEND
  8
PARTICELLE
  0
TEXT
  8
PARTICELLE
 62
7
 10
   49063.562
 20
   45901.830
 30
0.0
 40
       1.200
  1
818
 50
       0.000
  0
POLYLINE
  8
PARTICELLE
 66
1
 10
0.0
 20
0.0
 30
0.0
 70
1
  0
VERTEX
  8
PARTICELLE
 10
   49055.144
 20
   45908.897
 30
0.0
  0
VERTEX
  8
PARTICELLE
 10
   49048.310
 20
   45911.916
 30
0.0
  0
VERTEX
  8
PARTICELLE
 10
   49046.015
 20
   45906.566
 30
0.0
  0
VERTEX
  8
PARTICELLE
 10
   49053.683
 20
   45903.203
 30
0.0
  0
VERTEX
  8
PARTICELLE
 10
   49061.676
 20
   45899.705
 30
0.0
  0
VERTEX
  8
PARTICELLE
 10
   49061.186
 20
   45898.644
 30
0.0
  0
VERTEX
  8
PARTICELLE
 10
   49066.288
 20
   45896.425
 30
0.0
  0
VERTEX
  8
PARTICELLE
 10
   49074.347
 20
   45893.140
 30
0.0
  0
VERTEX
  8
PARTICELLE
 10
   49081.347
 20
   45890.395
 30
0.0
  0
VERTEX
  8
PARTICELLE
 10
   49082.357
 20
   45893.182
 30
0.0
  0
VERTEX
  8
PARTICELLE
 10
   49085.601
 20
   45902.137
 30
0.0
  0
VERTEX
  8
PARTICELLE
 10
   49088.799
 20
   45910.377
 30
0.0
  0
VERTEX
  8
PARTICELLE
 10
   49089.899
 20
   45913.175
 30
0.0
  0
VERTEX
  8
PARTICELLE
 10
   49089.068
 20
   45913.497
 30
0.0
  0
VERTEX
  8
PARTICELLE
 10
   49089.847
 20
   45915.430
 30
0.0
  0
VERTEX
  8
PARTICELLE
 10
   49088.875
 20
   45915.797
 30
0.0
  0
VERTEX
  8
PARTICELLE
 10
   49072.057
 20
   45922.359
 30
0.0
  0
VERTEX
  8
PARTICELLE
 10
   49065.474
 20
   45925.214
 30
0.0
  0
VERTEX
  8
PARTICELLE
 10
   49063.919
 20
   45921.290
 30
0.0
  0
VERTEX
  8
PARTICELLE
 10
   49072.861
 20
   45917.362
 30
0.0
  0
VERTEX
  8
PARTICELLE
 10
   49075.845
 20
   45916.129
 30
0.0
  0
VERTEX
  8
PARTICELLE
 10
   49082.025
 20
   45913.579
 30
0.0
  0
VERTEX
  8
PARTICELLE
 10
   49081.887
 20
   45913.259
 30
0.0
  0
VERTEX
  8
PARTICELLE
 10
   49078.662
 20
   45905.067
 30
0.0
  0
VERTEX
  8
PARTICELLE
 10
   49076.326
 20
   45906.017
 30
0.0
  0
VERTEX
  8
PARTICELLE
 10
   49073.927
 20
   45900.817
 30
0.0
  0
VERTEX
  8
PARTICELLE
 10
   49067.098
 20
   45903.780
 30
0.0
  0
VERTEX
  8
PARTICELLE
 10
   49055.144
 20
   45908.897
 30
0.0
  0
SEQEND
  8
PARTICELLE
  0
TEXT
  8
PARTICELLE
 62
7
 10
   48840.381
 20
   46331.107
 30
0.0
 40
       1.800
  1
82
 50
       0.000
  0
POLYLINE
  8
PARTICELLE
 66
1
 10
0.0
 20
0.0
 30
0.0
 70
1
  0
VERTEX
  8
PARTICELLE
 10
   48833.923
 20
   46336.548
 30
0.0
  0
VERTEX
  8
PARTICELLE
 10
   48837.237
 20
   46324.623
 30
0.0
  0
VERTEX
  8
PARTICELLE
 10
   48848.401
 20
   46328.073
 30
0.0
  0
VERTEX
  8
PARTICELLE
 10
   48846.977
 20
   46333.333
 30
0.0
  0
VERTEX
  8
PARTICELLE
 10
   48845.226
 20
   46339.943
 30
0.0
  0
VERTEX
  8
PARTICELLE
 10
   48833.923
 20
   46336.548
 30
0.0
  0
SEQEND
  8
PARTICELLE
  0
TEXT
  8
PARTICELLE
 62
7
 10
   49049.020
 20
   45891.331
 30
0.0
 40
       1.800
  1
821
 50
       0.000
  0
POLYLINE
  8
PARTICELLE
 66
1
 10
0.0
 20
0.0
 30
0.0
 70
1
  0
VERTEX
  8
PARTICELLE
 10
   49037.886
 20
   45883.671
 30
0.0
  0
VERTEX
  8
PARTICELLE
 10
   49036.978
 20
   45881.308
 30
0.0
  0
VERTEX
  8
PARTICELLE
 10
   49049.112
 20
   45876.608
 30
0.0
  0
VERTEX
  8
PARTICELLE
 10
   49048.022
 20
   45873.908
 30
0.0
  0
VERTEX
  8
PARTICELLE
 10
   49049.611
 20
   45873.166
 30
0.0
  0
VERTEX
  8
PARTICELLE
 10
   49053.799
 20
   45882.132
 30
0.0
  0
VERTEX
  8
PARTICELLE
 10
   49057.753
 20
   45890.913
 30
0.0
  0
VERTEX
  8
PARTICELLE
 10
   49061.186
 20
   45898.644
 30
0.0
  0
VERTEX
  8
PARTICELLE
 10
   49061.676
 20
   45899.705
 30
0.0
  0
VERTEX
  8
PARTICELLE
 10
   49053.683
 20
   45903.203
 30
0.0
  0
VERTEX
  8
PARTICELLE
 10
   49046.015
 20
   45906.566
 30
0.0
  0
VERTEX
  8
PARTICELLE
 10
   49043.428
 20
   45900.475
 30
0.0
  0
VERTEX
  8
PARTICELLE
 10
   49041.148
 20
   45894.996
 30
0.0
  0
VERTEX
  8
PARTICELLE
 10
   49046.636
 20
   45892.908
 30
0.0
  0
VERTEX
  8
PARTICELLE
 10
   49044.456
 20
   45887.254
 30
0.0
  0
VERTEX
  8
PARTICELLE
 10
   49045.414
 20
   45886.861
 30
0.0
  0
VERTEX
  8
PARTICELLE
 10
   49043.324
 20
   45881.615
 30
0.0
  0
VERTEX
  8
PARTICELLE
 10
   49037.886
 20
   45883.671
 30
0.0
  0
SEQEND
  8
PARTICELLE
  0
TEXT
  8
PARTICELLE
 62
7
 10
   49057.707
 20
   45869.555
 30
0.0
 40
       1.800
  1
822
 50
       0.000
  0
POLYLINE
  8
PARTICELLE
 66
1
 10
0.0
 20
0.0
 30
0.0
 70
1
  0
VERTEX
  8
PARTICELLE
 10
   49035.659
 20
   45878.187
 30
0.0
  0
VERTEX
  8
PARTICELLE
 10
   49034.981
 20
   45876.387
 30
0.0
  0
VERTEX
  8
PARTICELLE
 10
   49035.179
 20
   45876.323
 30
0.0
  0
VERTEX
  8
PARTICELLE
 10
   49043.654
 20
   45873.550
 30
0.0
  0
VERTEX
  8
PARTICELLE
 10
   49053.512
 20
   45869.896
 30
0.0
  0
VERTEX
  8
PARTICELLE
 10
   49066.278
 20
   45865.086
 30
0.0
  0
VERTEX
  8
PARTICELLE
 10
   49077.674
 20
   45860.545
 30
0.0
  0
VERTEX
  8
PARTICELLE
 10
   49078.409
 20
   45862.559
 30
0.0
  0
VERTEX
  8
PARTICELLE
 10
   49074.366
 20
   45864.746
 30
0.0
  0
VERTEX
  8
PARTICELLE
 10
   49073.813
 20
   45864.868
 30
0.0
  0
VERTEX
  8
PARTICELLE
 10
   49068.228
 20
   45867.257
 30
0.0
  0
VERTEX
  8
PARTICELLE
 10
   49061.747
 20
   45869.317
 30
0.0
  0
VERTEX
  8
PARTICELLE
 10
   49054.606
 20
   45871.581
 30
0.0
  0
VERTEX
  8
PARTICELLE
 10
   49052.291
 20
   45872.232
 30
0.0
  0
VERTEX
  8
PARTICELLE
 10
   49049.611
 20
   45873.166
 30
0.0
  0
VERTEX
  8
PARTICELLE
 10
   49048.022
 20
   45873.908
 30
0.0
  0
VERTEX
  8
PARTICELLE
 10
   49047.075
 20
   45874.104
 30
0.0
  0
VERTEX
  8
PARTICELLE
 10
   49035.659
 20
   45878.187
 30
0.0
  0
SEQEND
  8
PARTICELLE
  0
TEXT
  8
PARTICELLE
 62
7
 10
   49039.452
 20
   45887.343
 30
0.0
 40
       1.800
  1
824
 50
       0.000
  0
POLYLINE
  8
PARTICELLE
 66
1
 10
0.0
 20
0.0
 30
0.0
 70
1
  0
VERTEX
  8
PARTICELLE
 10
   49037.830
 20
   45887.183
 30
0.0
  0
VERTEX
  8
PARTICELLE
 10
   49036.548
 20
   45884.127
 30
0.0
  0
VERTEX
  8
PARTICELLE
 10
   49037.886
 20
   45883.671
 30
0.0
  0
VERTEX
  8
PARTICELLE
 10
   49043.324
 20
   45881.615
 30
0.0
  0
VERTEX
  8
PARTICELLE
 10
   49045.414
 20
   45886.861
 30
0.0
  0
VERTEX
  8
PARTICELLE
 10
   49044.456
 20
   45887.254
 30
0.0
  0
VERTEX
  8
PARTICELLE
 10
   49046.636
 20
   45892.908
 30
0.0
  0
VERTEX
  8
PARTICELLE
 10
   49041.148
 20
   45894.996
 30
0.0
  0
VERTEX
  8
PARTICELLE
 10
   49037.830
 20
   45887.183
 30
0.0
  0
SEQEND
  8
PARTICELLE
  0
TEXT
  8
PARTICELLE
 62
7
 10
   49038.220
 20
   45877.994
 30
0.0
 40
       1.800
  1
825
 50
     338.930
  0
POLYLINE
  8
PARTICELLE
 66
1
 10
0.0
 20
0.0
 30
0.0
 70
1
  0
VERTEX
  8
PARTICELLE
 10
   49036.978
 20
   45881.308
 30
0.0
  0
VERTEX
  8
PARTICELLE
 10
   49035.659
 20
   45878.187
 30
0.0
  0
VERTEX
  8
PARTICELLE
 10
   49047.075
 20
   45874.104
 30
0.0
  0
VERTEX
  8
PARTICELLE
 10
   49048.022
 20
   45873.908
 30
0.0
  0
VERTEX
  8
PARTICELLE
 10
   49049.112
 20
   45876.608
 30
0.0
  0
VERTEX
  8
PARTICELLE
 10
   49036.978
 20
   45881.308
 30
0.0
  0
SEQEND
  8
PARTICELLE
  0
TEXT
  8
PARTICELLE
 62
7
 10
   49057.619
 20
   45882.753
 30
0.0
 40
       1.800
  1
826
 50
      65.036
  0
POLYLINE
  8
PARTICELLE
 66
1
 10
0.0
 20
0.0
 30
0.0
 70
1
  0
VERTEX
  8
PARTICELLE
 10
   49049.611
 20
   45873.166
 30
0.0
  0
VERTEX
  8
PARTICELLE
 10
   49052.291
 20
   45872.232
 30
0.0
  0
VERTEX
  8
PARTICELLE
 10
   49054.606
 20
   45871.581
 30
0.0
  0
VERTEX
  8
PARTICELLE
 10
   49059.366
 20
   45881.642
 30
0.0
  0
VERTEX
  8
PARTICELLE
 10
   49063.374
 20
   45890.146
 30
0.0
  0
VERTEX
  8
PARTICELLE
 10
   49066.288
 20
   45896.425
 30
0.0
  0
VERTEX
  8
PARTICELLE
 10
   49061.186
 20
   45898.644
 30
0.0
  0
VERTEX
  8
PARTICELLE
 10
   49057.753
 20
   45890.913
 30
0.0
  0
VERTEX
  8
PARTICELLE
 10
   49053.799
 20
   45882.132
 30
0.0
  0
VERTEX
  8
PARTICELLE
 10
   49049.611
 20
   45873.166
 30
0.0
  0
SEQEND
  8
PARTICELLE
  0
TEXT
  8
PARTICELLE
 62
7
 10
   48988.116
 20
   45862.464
 30
0.0
 40
       1.800
  1
827
 50
       0.000
  0
POLYLINE
  8
PARTICELLE
 66
1
 10
0.0
 20
0.0
 30
0.0
 70
1
  0
VERTEX
  8
PARTICELLE
 10
   48984.728
 20
   45873.136
 30
0.0
  0
VERTEX
  8
PARTICELLE
 10
   48979.967
 20
   45858.349
 30
0.0
  0
VERTEX
  8
PARTICELLE
 10
   48980.041
 20
   45858.339
 30
0.0
  0
VERTEX
  8
PARTICELLE
 10
   48985.657
 20
   45857.639
 30
0.0
  0
VERTEX
  8
PARTICELLE
 10
   48985.096
 20
   45855.516
 30
0.0
  0
VERTEX
  8
PARTICELLE
 10
   48985.270
 20
   45855.006
 30
0.0
  0
VERTEX
  8
PARTICELLE
 10
   48984.940
 20
   45851.831
 30
0.0
  0
VERTEX
  8
PARTICELLE
 10
   48995.237
 20
   45850.715
 30
0.0
  0
VERTEX
  8
PARTICELLE
 10
   48995.478
 20
   45855.976
 30
0.0
  0
VERTEX
  8
PARTICELLE
 10
   48997.596
 20
   45855.952
 30
0.0
  0
VERTEX
  8
PARTICELLE
 10
   48998.543
 20
   45861.125
 30
0.0
  0
VERTEX
  8
PARTICELLE
 10
   49003.752
 20
   45859.664
 30
0.0
  0
VERTEX
  8
PARTICELLE
 10
   49004.589
 20
   45865.683
 30
0.0
  0
VERTEX
  8
PARTICELLE
 10
   49000.542
 20
   45867.224
 30
0.0
  0
VERTEX
  8
PARTICELLE
 10
   48992.666
 20
   45870.328
 30
0.0
  0
VERTEX
  8
PARTICELLE
 10
   48984.728
 20
   45873.136
 30
0.0
  0
SEQEND
  8
PARTICELLE
  0
TEXT
  8
PARTICELLE
 62
7
 10
   48856.368
 20
   46419.940
 30
0.0
 40
       1.800
  1
83
 50
       0.000
  0
POLYLINE
  8
PARTICELLE
 66
1
 10
0.0
 20
0.0
 30
0.0
 70
1
  0
VERTEX
  8
PARTICELLE
 10
   48854.947
 20
   46415.733
 30
0.0
  0
VERTEX
  8
PARTICELLE
 10
   48860.519
 20
   46415.450
 30
0.0
  0
VERTEX
  8
PARTICELLE
 10
   48862.220
 20
   46422.532
 30
0.0
  0
VERTEX
  8
PARTICELLE
 10
   48862.581
 20
   46424.167
 30
0.0
  0
VERTEX
  8
PARTICELLE
 10
   48861.487
 20
   46424.900
 30
0.0
  0
VERTEX
  8
PARTICELLE
 10
   48858.540
 20
   46426.869
 30
0.0
  0
VERTEX
  8
PARTICELLE
 10
   48855.092
 20
   46429.041
 30
0.0
  0
VERTEX
  8
PARTICELLE
 10
   48855.050
 20
   46427.118
 30
0.0
  0
VERTEX
  8
PARTICELLE
 10
   48854.947
 20
   46415.733
 30
0.0
  0
SEQEND
  8
PARTICELLE
  0
TEXT
  8
PARTICELLE
 62
7
 10
   49087.832
 20
   45995.388
 30
0.0
 40
       1.800
  1
830
 50
       0.000
  0
POLYLINE
  8
PARTICELLE
 66
1
 10
0.0
 20
0.0
 30
0.0
 70
1
  0
VERTEX
  8
PARTICELLE
 10
   49084.384
 20
   45997.283
 30
0.0
  0
VERTEX
  8
PARTICELLE
 10
   49083.960
 20
   45996.575
 30
0.0
  0
VERTEX
  8
PARTICELLE
 10
   49088.393
 20
   45994.806
 30
0.0
  0
VERTEX
  8
PARTICELLE
 10
   49091.103
 20
   45993.501
 30
0.0
  0
VERTEX
  8
PARTICELLE
 10
   49091.521
 20
   45994.172
 30
0.0
  0
VERTEX
  8
PARTICELLE
 10
   49087.264
 20
   45996.032
 30
0.0
  0
VERTEX
  8
PARTICELLE
 10
   49084.384
 20
   45997.283
 30
0.0
  0
SEQEND
  8
PARTICELLE
  0
TEXT
  8
PARTICELLE
 62
7
 10
   49067.350
 20
   46002.712
 30
0.0
 40
       1.200
  1
834
 50
     339.904
  0
POLYLINE
  8
PARTICELLE
 66
1
 10
0.0
 20
0.0
 30
0.0
 70
1
  0
VERTEX
  8
PARTICELLE
 10
   49064.094
 20
   46004.360
 30
0.0
  0
VERTEX
  8
PARTICELLE
 10
   49064.210
 20
   46003.668
 30
0.0
  0
VERTEX
  8
PARTICELLE
 10
   49066.221
 20
   46002.770
 30
0.0
  0
VERTEX
  8
PARTICELLE
 10
   49072.064
 20
   46001.077
 30
0.0
  0
VERTEX
  8
PARTICELLE
 10
   49068.992
 20
   46002.427
 30
0.0
  0
VERTEX
  8
PARTICELLE
 10
   49064.094
 20
   46004.360
 30
0.0
  0
SEQEND
  8
PARTICELLE
  0
TEXT
  8
PARTICELLE
 62
7
 10
   48834.707
 20
   46493.473
 30
0.0
 40
       1.200
  1
835
 50
      95.691
  0
POLYLINE
  8
PARTICELLE
 66
1
 10
0.0
 20
0.0
 30
0.0
 70
1
  0
VERTEX
  8
PARTICELLE
 10
   48837.342
 20
   46485.431
 30
0.0
  0
VERTEX
  8
PARTICELLE
 10
   48836.289
 20
   46494.265
 30
0.0
  0
VERTEX
  8
PARTICELLE
 10
   48834.758
 20
   46501.643
 30
0.0
  0
VERTEX
  8
PARTICELLE
 10
   48831.899
 20
   46500.051
 30
0.0
  0
VERTEX
  8
PARTICELLE
 10
   48834.259
 20
   46486.315
 30
0.0
  0
VERTEX
  8
PARTICELLE
 10
   48834.324
 20
   46485.921
 30
0.0
  0
VERTEX
  8
PARTICELLE
 10
   48834.498
 20
   46485.187
 30
0.0
  0
VERTEX
  8
PARTICELLE
 10
   48837.331
 20
   46474.938
 30
0.0
  0
VERTEX
  8
PARTICELLE
 10
   48836.795
 20
   46474.566
 30
0.0
  0
VERTEX
  8
PARTICELLE
 10
   48841.465
 20
   46472.372
 30
0.0
  0
VERTEX
  8
PARTICELLE
 10
   48840.433
 20
   46482.897
 30
0.0
  0
VERTEX
  8
PARTICELLE
 10
   48837.856
 20
   46482.655
 30
0.0
  0
VERTEX
  8
PARTICELLE
 10
   48837.342
 20
   46485.431
 30
0.0
  0
SEQEND
  8
PARTICELLE
  0
TEXT
  8
PARTICELLE
 62
7
 10
   49077.606
 20
   46006.967
 30
0.0
 40
       1.200
  1
837
 50
       0.000
  0
POLYLINE
  8
PARTICELLE
 66
1
 10
0.0
 20
0.0
 30
0.0
 70
1
  0
VERTEX
  8
PARTICELLE
 10
   49073.528
 20
   46004.319
 30
0.0
  0
VERTEX
  8
PARTICELLE
 10
   49072.064
 20
   46001.077
 30
0.0
  0
VERTEX
  8
PARTICELLE
 10
   49079.379
 20
   45998.636
 30
0.0
  0
VERTEX
  8
PARTICELLE
 10
   49081.448
 20
   46003.309
 30
0.0
  0
VERTEX
  8
PARTICELLE
 10
   49084.508
 20
   46010.408
 30
0.0
  0
VERTEX
  8
PARTICELLE
 10
   49085.576
 20
   46012.913
 30
0.0
  0
VERTEX
  8
PARTICELLE
 10
   49078.304
 20
   46015.605
 30
0.0
  0
VERTEX
  8
PARTICELLE
 10
   49073.528
 20
   46004.319
 30
0.0
  0
SEQEND
  8
PARTICELLE
  0
TEXT
  8
PARTICELLE
 62
7
 10
   49071.482
 20
   46014.738
 30
0.0
 40
       1.800
  1
838
 50
       0.000
  0
POLYLINE
  8
PARTICELLE
 66
1
 10
0.0
 20
0.0
 30
0.0
 70
1
  0
VERTEX
  8
PARTICELLE
 10
   49066.668
 20
   46010.362
 30
0.0
  0
VERTEX
  8
PARTICELLE
 10
   49064.094
 20
   46004.360
 30
0.0
  0
VERTEX
  8
PARTICELLE
 10
   49068.992
 20
   46002.427
 30
0.0
  0
VERTEX
  8
PARTICELLE
 10
   49072.064
 20
   46001.077
 30
0.0
  0
VERTEX
  8
PARTICELLE
 10
   49073.528
 20
   46004.319
 30
0.0
  0
VERTEX
  8
PARTICELLE
 10
   49078.304
 20
   46015.605
 30
0.0
  0
VERTEX
  8
PARTICELLE
 10
   49082.103
 20
   46024.859
 30
0.0
  0
VERTEX
  8
PARTICELLE
 10
   49083.795
 20
   46029.097
 30
0.0
  0
VERTEX
  8
PARTICELLE
 10
   49084.252
 20
   46030.128
 30
0.0
  0
VERTEX
  8
PARTICELLE
 10
   49076.380
 20
   46033.510
 30
0.0
  0
VERTEX
  8
PARTICELLE
 10
   49075.822
 20
   46032.271
 30
0.0
  0
VERTEX
  8
PARTICELLE
 10
   49071.482
 20
   46022.140
 30
0.0
  0
VERTEX
  8
PARTICELLE
 10
   49066.668
 20
   46010.362
 30
0.0
  0
SEQEND
  8
PARTICELLE
  0
TEXT
  8
PARTICELLE
 62
7
 10
   48857.205
 20
   46403.651
 30
0.0
 40
       1.800
  1
84
 50
       0.000
  0
POLYLINE
  8
PARTICELLE
 66
1
 10
0.0
 20
0.0
 30
0.0
 70
1
  0
VERTEX
  8
PARTICELLE
 10
   48854.833
 20
   46410.190
 30
0.0
  0
VERTEX
  8
PARTICELLE
 10
   48854.879
 20
   46401.089
 30
0.0
  0
VERTEX
  8
PARTICELLE
 10
   48867.056
 20
   46399.372
 30
0.0
  0
VERTEX
  8
PARTICELLE
 10
   48867.340
 20
   46403.328
 30
0.0
  0
VERTEX
  8
PARTICELLE
 10
   48867.400
 20
   46406.089
 30
0.0
  0
VERTEX
  8
PARTICELLE
 10
   48862.887
 20
   46408.746
 30
0.0
  0
VERTEX
  8
PARTICELLE
 10
   48854.833
 20
   46410.190
 30
0.0
  0
SEQEND
  8
PARTICELLE
  0
TEXT
  8
PARTICELLE
 62
7
 10
   48859.626
 20
   46385.765
 30
0.0
 40
       1.800
  1
841
 50
       0.000
  0
POLYLINE
  8
PARTICELLE
 66
1
 10
0.0
 20
0.0
 30
0.0
 70
1
  0
VERTEX
  8
PARTICELLE
 10
   48854.652
 20
   46387.170
 30
0.0
  0
VERTEX
  8
PARTICELLE
 10
   48854.523
 20
   46381.494
 30
0.0
  0
VERTEX
  8
PARTICELLE
 10
   48855.069
 20
   46381.470
 30
0.0
  0
VERTEX
  8
PARTICELLE
 10
   48863.207
 20
   46380.940
 30
0.0
  0
VERTEX
  8
PARTICELLE
 10
   48864.474
 20
   46380.912
 30
0.0
  0
VERTEX
  8
PARTICELLE
 10
   48864.664
 20
   46385.023
 30
0.0
  0
VERTEX
  8
PARTICELLE
 10
   48864.878
 20
   46389.652
 30
0.0
  0
VERTEX
  8
PARTICELLE
 10
   48859.137
 20
   46390.408
 30
0.0
  0
VERTEX
  8
PARTICELLE
 10
   48854.717
 20
   46390.933
 30
0.0
  0
VERTEX
  8
PARTICELLE
 10
   48854.652
 20
   46387.170
 30
0.0
  0
SEQEND
  8
PARTICELLE
  0
TEXT
  8
PARTICELLE
 62
7
 10
   48841.654
 20
   46477.352
 30
0.0
 40
       1.200
  1
843
 50
      89.159
  0
POLYLINE
  8
PARTICELLE
 66
1
 10
0.0
 20
0.0
 30
0.0
 70
1
  0
VERTEX
  8
PARTICELLE
 10
   48840.433
 20
   46482.897
 30
0.0
  0
VERTEX
  8
PARTICELLE
 10
   48841.465
 20
   46472.372
 30
0.0
  0
VERTEX
  8
PARTICELLE
 10
   48842.970
 20
   46471.666
 30
0.0
  0
VERTEX
  8
PARTICELLE
 10
   48841.664
 20
   46483.012
 30
0.0
  0
VERTEX
  8
PARTICELLE
 10
   48840.433
 20
   46482.897
 30
0.0
  0
SEQEND
  8
PARTICELLE
  0
TEXT
  8
PARTICELLE
 62
7
 10
   49042.730
 20
   45953.030
 30
0.0
 40
       1.800
  1
844
 50
       0.000
  0
POLYLINE
  8
PARTICELLE
 66
1
 10
0.0
 20
0.0
 30
0.0
 70
1
  0
VERTEX
  8
PARTICELLE
 10
   49013.196
 20
   45939.349
 30
0.0
  0
VERTEX
  8
PARTICELLE
 10
   49012.660
 20
   45939.566
 30
0.0
  0
VERTEX
  8
PARTICELLE
 10
   49010.091
 20
   45933.783
 30
0.0
  0
VERTEX
  8
PARTICELLE
 10
   49010.615
 20
   45933.563
 30
0.0
  0
VERTEX
  8
PARTICELLE
 10
   49035.927
 20
   45922.954
 30
0.0
  0
VERTEX
  8
PARTICELLE
 10
   49037.065
 20
   45922.495
 30
0.0
  0
VERTEX
  8
PARTICELLE
 10
   49038.471
 20
   45925.656
 30
0.0
  0
VERTEX
  8
PARTICELLE
 10
   49044.230
 20
   45923.163
 30
0.0
  0
VERTEX
  8
PARTICELLE
 10
   49047.017
 20
   45922.503
 30
0.0
  0
VERTEX
  8
PARTICELLE
 10
   49047.293
 20
   45923.406
 30
0.0
  0
VERTEX
  8
PARTICELLE
 10
   49041.447
 20
   45925.715
 30
0.0
  0
VERTEX
  8
PARTICELLE
 10
   49043.570
 20
   45930.519
 30
0.0
  0
VERTEX
  8
PARTICELLE
 10
   49049.083
 20
   45928.179
 30
0.0
  0
VERTEX
  8
PARTICELLE
 10
   49050.802
 20
   45932.458
 30
0.0
  0
VERTEX
  8
PARTICELLE
 10
   49051.917
 20
   45931.962
 30
0.0
  0
VERTEX
  8
PARTICELLE
 10
   49067.707
 20
   45971.179
 30
0.0
  0
VERTEX
  8
PARTICELLE
 10
   49056.323
 20
   45976.062
 30
0.0
  0
VERTEX
  8
PARTICELLE
 10
   49040.573
 20
   45982.748
 30
0.0
  0
VERTEX
  8
PARTICELLE
 10
   49035.627
 20
   45971.256
 30
0.0
  0
VERTEX
  8
PARTICELLE
 10
   49026.843
 20
   45951.029
 30
0.0
  0
VERTEX
  8
PARTICELLE
 10
   49020.403
 20
   45936.429
 30
0.0
  0
VERTEX
  8
PARTICELLE
 10
   49013.196
 20
   45939.349
 30
0.0
  0
SEQEND
  8
PARTICELLE
  0
TEXT
  8
PARTICELLE
 62
7
 10
   49018.329
 20
   45909.949
 30
0.0
 40
       1.800
  1
845
 50
       0.000
  0
POLYLINE
  8
PARTICELLE
 66
1
 10
0.0
 20
0.0
 30
0.0
 70
1
  0
VERTEX
  8
PARTICELLE
 10
   49010.615
 20
   45933.563
 30
0.0
  0
VERTEX
  8
PARTICELLE
 10
   49010.091
 20
   45933.783
 30
0.0
  0
VERTEX
  8
PARTICELLE
 10
   49003.501
 20
   45918.944
 30
0.0
  0
VERTEX
  8
PARTICELLE
 10
   48996.362
 20
   45902.104
 30
0.0
  0
VERTEX
  8
PARTICELLE
 10
   48996.874
 20
   45901.875
 30
0.0
  0
VERTEX
  8
PARTICELLE
 10
   49032.436
 20
   45885.966
 30
0.0
  0
VERTEX
  8
PARTICELLE
 10
   49039.894
 20
   45903.496
 30
0.0
  0
VERTEX
  8
PARTICELLE
 10
   49040.996
 20
   45906.345
 30
0.0
  0
VERTEX
  8
PARTICELLE
 10
   49030.797
 20
   45910.825
 30
0.0
  0
VERTEX
  8
PARTICELLE
 10
   49032.800
 20
   45915.458
 30
0.0
  0
VERTEX
  8
PARTICELLE
 10
   49033.635
 20
   45914.772
 30
0.0
  0
VERTEX
  8
PARTICELLE
 10
   49037.065
 20
   45922.495
 30
0.0
  0
VERTEX
  8
PARTICELLE
 10
   49035.927
 20
   45922.954
 30
0.0
  0
VERTEX
  8
PARTICELLE
 10
   49010.615
 20
   45933.563
 30
0.0
  0
SEQEND
  8
PARTICELLE
  0
TEXT
  8
PARTICELLE
 62
7
 10
   49045.370
 20
   45917.943
 30
0.0
 40
       1.800
  1
846
 50
       0.000
  0
POLYLINE
  8
PARTICELLE
 66
1
 10
0.0
 20
0.0
 30
0.0
 70
1
  0
VERTEX
  8
PARTICELLE
 10
   49032.800
 20
   45915.458
 30
0.0
  0
VERTEX
  8
PARTICELLE
 10
   49030.797
 20
   45910.825
 30
0.0
  0
VERTEX
  8
PARTICELLE
 10
   49040.996
 20
   45906.345
 30
0.0
  0
VERTEX
  8
PARTICELLE
 10
   49039.894
 20
   45903.496
 30
0.0
  0
VERTEX
  8
PARTICELLE
 10
   49032.436
 20
   45885.966
 30
0.0
  0
VERTEX
  8
PARTICELLE
 10
   49036.548
 20
   45884.127
 30
0.0
  0
VERTEX
  8
PARTICELLE
 10
   49037.830
 20
   45887.183
 30
0.0
  0
VERTEX
  8
PARTICELLE
 10
   49041.148
 20
   45894.996
 30
0.0
  0
VERTEX
  8
PARTICELLE
 10
   49043.428
 20
   45900.475
 30
0.0
  0
VERTEX
  8
PARTICELLE
 10
   49046.015
 20
   45906.566
 30
0.0
  0
VERTEX
  8
PARTICELLE
 10
   49048.310
 20
   45911.916
 30
0.0
  0
VERTEX
  8
PARTICELLE
 10
   49051.357
 20
   45918.828
 30
0.0
  0
VERTEX
  8
PARTICELLE
 10
   49055.754
 20
   45929.001
 30
0.0
  0
VERTEX
  8
PARTICELLE
 10
   49069.041
 20
   45962.825
 30
0.0
  0
VERTEX
  8
PARTICELLE
 10
   49072.125
 20
   45969.255
 30
0.0
  0
VERTEX
  8
PARTICELLE
 10
   49067.707
 20
   45971.179
 30
0.0
  0
VERTEX
  8
PARTICELLE
 10
   49051.917
 20
   45931.962
 30
0.0
  0
VERTEX
  8
PARTICELLE
 10
   49050.802
 20
   45932.458
 30
0.0
  0
VERTEX
  8
PARTICELLE
 10
   49049.083
 20
   45928.179
 30
0.0
  0
VERTEX
  8
PARTICELLE
 10
   49047.293
 20
   45923.406
 30
0.0
  0
VERTEX
  8
PARTICELLE
 10
   49047.017
 20
   45922.503
 30
0.0
  0
VERTEX
  8
PARTICELLE
 10
   49044.230
 20
   45923.163
 30
0.0
  0
VERTEX
  8
PARTICELLE
 10
   49039.402
 20
   45912.092
 30
0.0
  0
VERTEX
  8
PARTICELLE
 10
   49033.635
 20
   45914.772
 30
0.0
  0
VERTEX
  8
PARTICELLE
 10
   49032.800
 20
   45915.458
 30
0.0
  0
SEQEND
  8
PARTICELLE
  0
TEXT
  8
PARTICELLE
 62
7
 10
   49079.118
 20
   45949.880
 30
0.0
 40
       1.800
  1
847
 50
       0.000
  0
POLYLINE
  8
PARTICELLE
 66
1
 10
0.0
 20
0.0
 30
0.0
 70
1
  0
VERTEX
  8
PARTICELLE
 10
   49055.754
 20
   45929.001
 30
0.0
  0
VERTEX
  8
PARTICELLE
 10
   49061.557
 20
   45926.694
 30
0.0
  0
VERTEX
  8
PARTICELLE
 10
   49065.474
 20
   45925.214
 30
0.0
  0
VERTEX
  8
PARTICELLE
 10
   49066.773
 20
   45928.233
 30
0.0
  0
VERTEX
  8
PARTICELLE
 10
   49068.804
 20
   45933.616
 30
0.0
  0
VERTEX
  8
PARTICELLE
 10
   49071.167
 20
   45939.687
 30
0.0
  0
VERTEX
  8
PARTICELLE
 10
   49079.669
 20
   45936.465
 30
0.0
  0
VERTEX
  8
PARTICELLE
 10
   49090.600
 20
   45932.377
 30
0.0
  0
VERTEX
  8
PARTICELLE
 10
   49092.124
 20
   45935.128
 30
0.0
  0
VERTEX
  8
PARTICELLE
 10
   49095.170
 20
   45942.015
 30
0.0
  0
VERTEX
  8
PARTICELLE
 10
   49096.347
 20
   45944.809
 30
0.0
  0
VERTEX
  8
PARTICELLE
 10
   49095.537
 20
   45945.156
 30
0.0
  0
VERTEX
  8
PARTICELLE
 10
   49100.505
 20
   45956.763
 30
0.0
  0
VERTEX
  8
PARTICELLE
 10
   49095.222
 20
   45959.068
 30
0.0
  0
VERTEX
  8
PARTICELLE
 10
   49082.977
 20
   45964.455
 30
0.0
  0
VERTEX
  8
PARTICELLE
 10
   49072.125
 20
   45969.255
 30
0.0
  0
VERTEX
  8
PARTICELLE
 10
   49069.041
 20
   45962.825
 30
0.0
  0
VERTEX
  8
PARTICELLE
 10
   49055.754
 20
   45929.001
 30
0.0
  0
SEQEND
  8
PARTICELLE
  0
TEXT
  8
PARTICELLE
 62
7
 10
   49090.221
 20
   45928.220
 30
0.0
 40
       1.800
  1
848
 50
       0.000
  0
POLYLINE
  8
PARTICELLE
 66
1
 10
0.0
 20
0.0
 30
0.0
 70
1
  0
VERTEX
  8
PARTICELLE
 10
   49089.113
 20
   45928.629
 30
0.0
  0
VERTEX
  8
PARTICELLE
 10
   49088.409
 20
   45926.689
 30
0.0
  0
VERTEX
  8
PARTICELLE
 10
   49090.815
 20
   45925.911
 30
0.0
  0
VERTEX
  8
PARTICELLE
 10
   49089.356
 20
   45921.811
 30
0.0
  0
VERTEX
  8
PARTICELLE
 10
   49092.036
 20
   45920.894
 30
0.0
  0
VERTEX
  8
PARTICELLE
 10
   49097.124
 20
   45933.255
 30
0.0
  0
VERTEX
  8
PARTICELLE
 10
   49092.124
 20
   45935.128
 30
0.0
  0
VERTEX
  8
PARTICELLE
 10
   49090.600
 20
   45932.377
 30
0.0
  0
VERTEX
  8
PARTICELLE
 10
   49089.113
 20
   45928.629
 30
0.0
  0
SEQEND
  8
PARTICELLE
  0
TEXT
  8
PARTICELLE
 62
7
 10
   49009.862
 20
   45882.195
 30
0.0
 40
       1.800
  1
849
 50
       0.000
  0
POLYLINE
  8
PARTICELLE
 66
1
 10
0.0
 20
0.0
 30
0.0
 70
1
  0
VERTEX
  8
PARTICELLE
 10
   48996.874
 20
   45901.875
 30
0.0
  0
VERTEX
  8
PARTICELLE
 10
   48996.362
 20
   45902.104
 30
0.0
  0
VERTEX
  8
PARTICELLE
 10
   48994.853
 20
   45898.544
 30
0.0
  0
VERTEX
  8
PARTICELLE
 10
   48985.944
 20
   45878.050
 30
0.0
  0
VERTEX
  8
PARTICELLE
 10
   48986.782
 20
   45877.726
 30
0.0
  0
VERTEX
  8
PARTICELLE
 10
   49023.728
 20
   45863.447
 30
0.0
  0
VERTEX
  8
PARTICELLE
 10
   49024.235
 20
   45863.359
 30
0.0
  0
VERTEX
  8
PARTICELLE
 10
   49024.794
 20
   45863.412
 30
0.0
  0
VERTEX
  8
PARTICELLE
 10
   49025.171
 20
   45863.560
 30
0.0
  0
VERTEX
  8
PARTICELLE
 10
   49025.598
 20
   45863.783
 30
0.0
  0
VERTEX
  8
PARTICELLE
 10
   49025.996
 20
   45864.173
 30
0.0
  0
VERTEX
  8
PARTICELLE
 10
   49026.250
 20
   45864.611
 30
0.0
  0
VERTEX
  8
PARTICELLE
 10
   49028.864
 20
   45872.378
 30
0.0
  0
VERTEX
  8
PARTICELLE
 10
   49029.756
 20
   45878.919
 30
0.0
  0
VERTEX
  8
PARTICELLE
 10
   49032.238
 20
   45885.499
 30
0.0
  0
VERTEX
  8
PARTICELLE
 10
   49032.436
 20
   45885.966
 30
0.0
  0
VERTEX
  8
PARTICELLE
 10
   48996.874
 20
   45901.875
 30
0.0
  0
SEQEND
  8
PARTICELLE
  0
TEXT
  8
PARTICELLE
 62
7
 10
   48859.717
 20
   46396.717
 30
0.0
 40
       1.800
  1
85
 50
       0.000
  0
POLYLINE
  8
PARTICELLE
 66
1
 10
0.0
 20
0.0
 30
0.0
 70
1
  0
VERTEX
  8
PARTICELLE
 10
   48854.879
 20
   46401.089
 30
0.0
  0
VERTEX
  8
PARTICELLE
 10
   48854.852
 20
   46395.387
 30
0.0
  0
VERTEX
  8
PARTICELLE
 10
   48866.676
 20
   46394.085
 30
0.0
  0
VERTEX
  8
PARTICELLE
 10
   48867.056
 20
   46399.372
 30
0.0
  0
VERTEX
  8
PARTICELLE
 10
   48854.879
 20
   46401.089
 30
0.0
  0
SEQEND
  8
PARTICELLE
  0
TEXT
  8
PARTICELLE
 62
7
 10
   49005.695
 20
   45864.773
 30
0.0
 40
       1.800
  1
850
 50
       0.000
  0
POLYLINE
  8
PARTICELLE
 66
1
 10
0.0
 20
0.0
 30
0.0
 70
1
  0
VERTEX
  8
PARTICELLE
 10
   48986.782
 20
   45877.726
 30
0.0
  0
VERTEX
  8
PARTICELLE
 10
   48985.944
 20
   45878.050
 30
0.0
  0
VERTEX
  8
PARTICELLE
 10
   48985.451
 20
   45876.916
 30
0.0
  0
VERTEX
  8
PARTICELLE
 10
   48984.728
 20
   45873.136
 30
0.0
  0
VERTEX
  8
PARTICELLE
 10
   48992.666
 20
   45870.328
 30
0.0
  0
VERTEX
  8
PARTICELLE
 10
   49000.542
 20
   45867.224
 30
0.0
  0
VERTEX
  8
PARTICELLE
 10
   49004.589
 20
   45865.683
 30
0.0
  0
VERTEX
  8
PARTICELLE
 10
   49003.752
 20
   45859.664
 30
0.0
  0
VERTEX
  8
PARTICELLE
 10
   49010.485
 20
   45857.751
 30
0.0
  0
VERTEX
  8
PARTICELLE
 10
   49010.886
 20
   45859.842
 30
0.0
  0
VERTEX
  8
PARTICELLE
 10
   49012.393
 20
   45861.602
 30
0.0
  0
VERTEX
  8
PARTICELLE
 10
   49014.169
 20
   45862.248
 30
0.0
  0
VERTEX
  8
PARTICELLE
 10
   49018.008
 20
   45861.677
 30
0.0
  0
VERTEX
  8
PARTICELLE
 10
   49018.034
 20
   45861.818
 30
0.0
  0
VERTEX
  8
PARTICELLE
 10
   49018.362
 20
   45863.374
 30
0.0
  0
VERTEX
  8
PARTICELLE
 10
   49023.876
 20
   45862.255
 30
0.0
  0
VERTEX
  8
PARTICELLE
 10
   49023.010
 20
   45858.337
 30
0.0
  0
VERTEX
  8
PARTICELLE
 10
   49024.714
 20
   45859.939
 30
0.0
  0
VERTEX
  8
PARTICELLE
 10
   49025.629
 20
   45862.737
 30
0.0
  0
VERTEX
  8
PARTICELLE
 10
   49026.250
 20
   45864.611
 30
0.0
  0
VERTEX
  8
PARTICELLE
 10
   49025.996
 20
   45864.173
 30
0.0
  0
VERTEX
  8
PARTICELLE
 10
   49025.598
 20
   45863.783
 30
0.0
  0
VERTEX
  8
PARTICELLE
 10
   49025.171
 20
   45863.560
 30
0.0
  0
VERTEX
  8
PARTICELLE
 10
   49024.794
 20
   45863.412
 30
0.0
  0
VERTEX
  8
PARTICELLE
 10
   49024.235
 20
   45863.359
 30
0.0
  0
VERTEX
  8
PARTICELLE
 10
   49023.728
 20
   45863.447
 30
0.0
  0
VERTEX
  8
PARTICELLE
 10
   48986.782
 20
   45877.726
 30
0.0
  0
SEQEND
  8
PARTICELLE
  0
TEXT
  8
PARTICELLE
 62
7
 10
   49008.468
 20
   45851.821
 30
0.0
 40
       1.800
  1
851
 50
       0.000
  0
POLYLINE
  8
PARTICELLE
 66
1
 10
0.0
 20
0.0
 30
0.0
 70
1
  0
VERTEX
  8
PARTICELLE
 10
   49035.179
 20
   45876.323
 30
0.0
  0
VERTEX
  8
PARTICELLE
 10
   49034.981
 20
   45876.387
 30
0.0
  0
VERTEX
  8
PARTICELLE
 10
   49033.614
 20
   45877.871
 30
0.0
  0
VERTEX
  8
PARTICELLE
 10
   49036.548
 20
   45884.127
 30
0.0
  0
VERTEX
  8
PARTICELLE
 10
   49032.436
 20
   45885.966
 30
0.0
  0
VERTEX
  8
PARTICELLE
 10
   49032.238
 20
   45885.499
 30
0.0
  0
VERTEX
  8
PARTICELLE
 10
   49029.756
 20
   45878.919
 30
0.0
  0
VERTEX
  8
PARTICELLE
 10
   49028.864
 20
   45872.378
 30
0.0
  0
VERTEX
  8
PARTICELLE
 10
   49026.250
 20
   45864.611
 30
0.0
  0
VERTEX
  8
PARTICELLE
 10
   49025.629
 20
   45862.737
 30
0.0
  0
VERTEX
  8
PARTICELLE
 10
   49024.714
 20
   45859.939
 30
0.0
  0
VERTEX
  8
PARTICELLE
 10
   49023.010
 20
   45858.337
 30
0.0
  0
VERTEX
  8
PARTICELLE
 10
   49021.143
 20
   45849.890
 30
0.0
  0
VERTEX
  8
PARTICELLE
 10
   49015.862
 20
   45850.622
 30
0.0
  0
VERTEX
  8
PARTICELLE
 10
   49017.007
 20
   45856.408
 30
0.0
  0
VERTEX
  8
PARTICELLE
 10
   49012.472
 20
   45857.311
 30
0.0
  0
VERTEX
  8
PARTICELLE
 10
   49010.485
 20
   45857.751
 30
0.0
  0
VERTEX
  8
PARTICELLE
 10
   49003.752
 20
   45859.664
 30
0.0
  0
VERTEX
  8
PARTICELLE
 10
   49003.212
 20
   45855.888
 30
0.0
  0
VERTEX
  8
PARTICELLE
 10
   49001.938
 20
   45850.041
 30
0.0
  0
VERTEX
  8
PARTICELLE
 10
   49024.025
 20
   45847.405
 30
0.0
  0
VERTEX
  8
PARTICELLE
 10
   49028.729
 20
   45859.890
 30
0.0
  0
VERTEX
  8
PARTICELLE
 10
   49029.204
 20
   45861.159
 30
0.0
  0
VERTEX
  8
PARTICELLE
 10
   49035.179
 20
   45876.323
 30
0.0
  0
SEQEND
  8
PARTICELLE
  0
TEXT
  8
PARTICELLE
 62
7
 10
   49035.632
 20
   45880.256
 30
0.0
 40
       1.800
  1
852
 50
       0.000
  0
POLYLINE
  8
PARTICELLE
 66
1
 10
0.0
 20
0.0
 30
0.0
 70
1
  0
VERTEX
  8
PARTICELLE
 10
   49033.614
 20
   45877.871
 30
0.0
  0
VERTEX
  8
PARTICELLE
 10
   49034.981
 20
   45876.387
 30
0.0
  0
VERTEX
  8
PARTICELLE
 10
   49035.659
 20
   45878.187
 30
0.0
  0
VERTEX
  8
PARTICELLE
 10
   49036.978
 20
   45881.308
 30
0.0
  0
VERTEX
  8
PARTICELLE
 10
   49037.886
 20
   45883.671
 30
0.0
  0
VERTEX
  8
PARTICELLE
 10
   49036.548
 20
   45884.127
 30
0.0
  0
VERTEX
  8
PARTICELLE
 10
   49033.614
 20
   45877.871
 30
0.0
  0
SEQEND
  8
PARTICELLE
  0
TEXT
  8
PARTICELLE
 62
7
 10
   49021.681
 20
   45859.581
 30
0.0
 40
       1.800
  1
853
 50
       0.000
  0
POLYLINE
  8
PARTICELLE
 66
1
 10
0.0
 20
0.0
 30
0.0
 70
1
  0
VERTEX
  8
PARTICELLE
 10
   49018.034
 20
   45861.818
 30
0.0
  0
VERTEX
  8
PARTICELLE
 10
   49018.309
 20
   45861.757
 30
0.0
  0
VERTEX
  8
PARTICELLE
 10
   49020.715
 20
   45858.778
 30
0.0
  0
VERTEX
  8
PARTICELLE
 10
   49020.269
 20
   45855.762
 30
0.0
  0
VERTEX
  8
PARTICELLE
 10
   49023.010
 20
   45858.337
 30
0.0
  0
VERTEX
  8
PARTICELLE
 10
   49023.876
 20
   45862.255
 30
0.0
  0
VERTEX
  8
PARTICELLE
 10
   49018.362
 20
   45863.374
 30
0.0
  0
VERTEX
  8
PARTICELLE
 10
   49018.034
 20
   45861.818
 30
0.0
  0
SEQEND
  8
PARTICELLE
  0
TEXT
  8
PARTICELLE
 62
7
 10
   49000.823
 20
   45858.505
 30
0.0
 40
       1.800
  1
854
 50
       0.000
  0
POLYLINE
  8
PARTICELLE
 66
1
 10
0.0
 20
0.0
 30
0.0
 70
1
  0
VERTEX
  8
PARTICELLE
 10
   48998.543
 20
   45861.125
 30
0.0
  0
VERTEX
  8
PARTICELLE
 10
   48997.596
 20
   45855.952
 30
0.0
  0
VERTEX
  8
PARTICELLE
 10
   49003.212
 20
   45855.888
 30
0.0
  0
VERTEX
  8
PARTICELLE
 10
   49003.752
 20
   45859.664
 30
0.0
  0
VERTEX
  8
PARTICELLE
 10
   48998.543
 20
   45861.125
 30
0.0
  0
SEQEND
  8
PARTICELLE
  0
TEXT
  8
PARTICELLE
 62
7
 10
   48996.230
 20
   45853.276
 30
0.0
 40
       1.800
  1
855
 50
       0.000
  0
POLYLINE
  8
PARTICELLE
 66
1
 10
0.0
 20
0.0
 30
0.0
 70
1
  0
VERTEX
  8
PARTICELLE
 10
   48995.478
 20
   45855.976
 30
0.0
  0
VERTEX
  8
PARTICELLE
 10
   48995.237
 20
   45850.715
 30
0.0
  0
VERTEX
  8
PARTICELLE
 10
   48996.596
 20
   45850.579
 30
0.0
  0
VERTEX
  8
PARTICELLE
 10
   48997.596
 20
   45855.952
 30
0.0
  0
VERTEX
  8
PARTICELLE
 10
   48995.478
 20
   45855.976
 30
0.0
  0
SEQEND
  8
PARTICELLE
  0
TEXT
  8
PARTICELLE
 62
7
 10
   48999.817
 20
   45852.991
 30
0.0
 40
       1.800
  1
856
 50
       0.000
  0
POLYLINE
  8
PARTICELLE
 66
1
 10
0.0
 20
0.0
 30
0.0
 70
1
  0
VERTEX
  8
PARTICELLE
 10
   48997.596
 20
   45855.952
 30
0.0
  0
VERTEX
  8
PARTICELLE
 10
   48996.596
 20
   45850.579
 30
0.0
  0
VERTEX
  8
PARTICELLE
 10
   49001.938
 20
   45850.041
 30
0.0
  0
VERTEX
  8
PARTICELLE
 10
   49003.212
 20
   45855.888
 30
0.0
  0
VERTEX
  8
PARTICELLE
 10
   48997.596
 20
   45855.952
 30
0.0
  0
SEQEND
  8
PARTICELLE
  0
TEXT
  8
PARTICELLE
 62
7
 10
   48959.982
 20
   46510.283
 30
0.0
 40
       1.200
  1
857
 50
       0.000
  0
POLYLINE
  8
PARTICELLE
 66
1
 10
0.0
 20
0.0
 30
0.0
 70
1
  0
VERTEX
  8
PARTICELLE
 10
   48954.601
 20
   46515.547
 30
0.0
  0
VERTEX
  8
PARTICELLE
 10
   48953.552
 20
   46514.191
 30
0.0
  0
VERTEX
  8
PARTICELLE
 10
   48953.081
 20
   46513.582
 30
0.0
  0
VERTEX
  8
PARTICELLE
 10
   48957.474
 20
   46510.487
 30
0.0
  0
VERTEX
  8
PARTICELLE
 10
   48964.261
 20
   46505.946
 30
0.0
  0
VERTEX
  8
PARTICELLE
 10
   48965.634
 20
   46505.019
 30
0.0
  0
VERTEX
  8
PARTICELLE
 10
   48966.745
 20
   46506.758
 30
0.0
  0
VERTEX
  8
PARTICELLE
 10
   48966.903
 20
   46507.007
 30
0.0
  0
VERTEX
  8
PARTICELLE
 10
   48954.601
 20
   46515.547
 30
0.0
  0
SEQEND
  8
PARTICELLE
  0
TEXT
  8
PARTICELLE
 62
7
 10
   49036.792
 20
   46061.160
 30
0.0
 40
       1.200
  1
859
 50
     327.584
  0
POLYLINE
  8
PARTICELLE
 66
1
 10
0.0
 20
0.0
 30
0.0
 70
1
  0
VERTEX
  8
PARTICELLE
 10
   49032.218
 20
   46067.487
 30
0.0
  0
VERTEX
  8
PARTICELLE
 10
   49029.782
 20
   46064.855
 30
0.0
  0
VERTEX
  8
PARTICELLE
 10
   49038.232
 20
   46058.773
 30
0.0
  0
VERTEX
  8
PARTICELLE
 10
   49044.817
 20
   46054.047
 30
0.0
  0
VERTEX
  8
PARTICELLE
 10
   49047.960
 20
   46055.774
 30
0.0
  0
VERTEX
  8
PARTICELLE
 10
   49032.218
 20
   46067.487
 30
0.0
  0
SEQEND
  8
PARTICELLE
  0
TEXT
  8
PARTICELLE
 62
7
 10
   48875.748
 20
   46561.404
 30
0.0
 40
       1.200
  1
861
 50
       0.000
  0
POLYLINE
  8
PARTICELLE
 66
1
 10
0.0
 20
0.0
 30
0.0
 70
1
  0
VERTEX
  8
PARTICELLE
 10
   48874.593
 20
   46561.537
 30
0.0
  0
VERTEX
  8
PARTICELLE
 10
   48876.978
 20
   46559.837
 30
0.0
  0
VERTEX
  8
PARTICELLE
 10
   48876.288
 20
   46558.731
 30
0.0
  0
VERTEX
  8
PARTICELLE
 10
   48877.623
 20
   46557.767
 30
0.0
  0
VERTEX
  8
PARTICELLE
 10
   48881.068
 20
   46562.867
 30
0.0
  0
VERTEX
  8
PARTICELLE
 10
   48877.128
 20
   46565.379
 30
0.0
  0
VERTEX
  8
PARTICELLE
 10
   48874.593
 20
   46561.537
 30
0.0
  0
SEQEND
  8
PARTICELLE
  0
TEXT
  8
PARTICELLE
 62
7
 10
   49054.117
 20
   46376.998
 30
0.0
 40
       1.800
  1
862
 50
       0.000
  0
POLYLINE
  8
PARTICELLE
 66
1
 10
0.0
 20
0.0
 30
0.0
 70
1
  0
VERTEX
  8
PARTICELLE
 10
   49042.813
 20
   46372.202
 30
0.0
  0
VERTEX
  8
PARTICELLE
 10
   49039.190
 20
   46366.380
 30
0.0
  0
VERTEX
  8
PARTICELLE
 10
   49048.373
 20
   46360.249
 30
0.0
  0
VERTEX
  8
PARTICELLE
 10
   49054.509
 20
   46356.019
 30
0.0
  0
VERTEX
  8
PARTICELLE
 10
   49062.873
 20
   46364.822
 30
0.0
  0
VERTEX
  8
PARTICELLE
 10
   49062.910
 20
   46365.180
 30
0.0
  0
VERTEX
  8
PARTICELLE
 10
   49068.556
 20
   46374.146
 30
0.0
  0
VERTEX
  8
PARTICELLE
 10
   49075.700
 20
   46385.884
 30
0.0
  0
VERTEX
  8
PARTICELLE
 10
   49070.119
 20
   46389.596
 30
0.0
  0
VERTEX
  8
PARTICELLE
 10
   49059.105
 20
   46397.206
 30
0.0
  0
VERTEX
  8
PARTICELLE
 10
   49051.279
 20
   46385.062
 30
0.0
  0
VERTEX
  8
PARTICELLE
 10
   49042.813
 20
   46372.202
 30
0.0
  0
SEQEND
  8
PARTICELLE
  0
TEXT
  8
PARTICELLE
 62
7
 10
   49008.394
 20
   46059.331
 30
0.0
 40
       1.800
  1
863
 50
       0.000
  0
POLYLINE
  8
PARTICELLE
 66
1
 10
0.0
 20
0.0
 30
0.0
 70
1
  0
VERTEX
  8
PARTICELLE
 10
   49000.303
 20
   46041.866
 30
0.0
  0
VERTEX
  8
PARTICELLE
 10
   49002.553
 20
   46041.500
 30
0.0
  0
VERTEX
  8
PARTICELLE
 10
   49002.433
 20
   46042.804
 30
0.0
  0
VERTEX
  8
PARTICELLE
 10
   49006.470
 20
   46048.263
 30
0.0
  0
VERTEX
  8
PARTICELLE
 10
   49015.065
 20
   46059.866
 30
0.0
  0
VERTEX
  8
PARTICELLE
 10
   49022.492
 20
   46070.103
 30
0.0
  0
VERTEX
  8
PARTICELLE
 10
   49029.782
 20
   46064.855
 30
0.0
  0
VERTEX
  8
PARTICELLE
 10
   49032.218
 20
   46067.487
 30
0.0
  0
VERTEX
  8
PARTICELLE
 10
   49024.816
 20
   46072.883
 30
0.0
  0
VERTEX
  8
PARTICELLE
 10
   49019.808
 20
   46077.107
 30
0.0
  0
VERTEX
  8
PARTICELLE
 10
   49001.955
 20
   46059.152
 30
0.0
  0
VERTEX
  8
PARTICELLE
 10
   49007.040
 20
   46057.067
 30
0.0
  0
VERTEX
  8
PARTICELLE
 10
   49000.303
 20
   46041.866
 30
0.0
  0
SEQEND
  8
PARTICELLE
  0
TEXT
  8
PARTICELLE
 62
7
 10
   49028.360
 20
   46073.815
 30
0.0
 40
       1.800
  1
864
 50
       0.000
  0
POLYLINE
  8
PARTICELLE
 66
1
 10
0.0
 20
0.0
 30
0.0
 70
1
  0
VERTEX
  8
PARTICELLE
 10
   49027.986
 20
   46092.286
 30
0.0
  0
VERTEX
  8
PARTICELLE
 10
   49027.797
 20
   46092.305
 30
0.0
  0
VERTEX
  8
PARTICELLE
 10
   49025.377
 20
   46086.060
 30
0.0
  0
VERTEX
  8
PARTICELLE
 10
   49025.110
 20
   46085.424
 30
0.0
  0
VERTEX
  8
PARTICELLE
 10
   49009.614
 20
   46069.489
 30
0.0
  0
VERTEX
  8
PARTICELLE
 10
   49003.061
 20
   46062.621
 30
0.0
  0
VERTEX
  8
PARTICELLE
 10
   49000.724
 20
   46060.323
 30
0.0
  0
VERTEX
  8
PARTICELLE
 10
   49000.276
 20
   46059.860
 30
0.0
  0
VERTEX
  8
PARTICELLE
 10
   49000.715
 20
   46059.660
 30
0.0
  0
VERTEX
  8
PARTICELLE
 10
   49001.955
 20
   46059.152
 30
0.0
  0
VERTEX
  8
PARTICELLE
 10
   49019.808
 20
   46077.107
 30
0.0
  0
VERTEX
  8
PARTICELLE
 10
   49024.816
 20
   46072.883
 30
0.0
  0
VERTEX
  8
PARTICELLE
 10
   49032.218
 20
   46067.487
 30
0.0
  0
VERTEX
  8
PARTICELLE
 10
   49047.960
 20
   46055.774
 30
0.0
  0
VERTEX
  8
PARTICELLE
 10
   49053.398
 20
   46058.763
 30
0.0
  0
VERTEX
  8
PARTICELLE
 10
   49052.360
 20
   46059.466
 30
0.0
  0
VERTEX
  8
PARTICELLE
 10
   49050.632
 20
   46060.504
 30
0.0
  0
VERTEX
  8
PARTICELLE
 10
   49041.316
 20
   46066.079
 30
0.0
  0
VERTEX
  8
PARTICELLE
 10
   49040.045
 20
   46064.437
 30
0.0
  0
VERTEX
  8
PARTICELLE
 10
   49032.861
 20
   46069.618
 30
0.0
  0
VERTEX
  8
PARTICELLE
 10
   49032.278
 20
   46070.054
 30
0.0
  0
VERTEX
  8
PARTICELLE
 10
   49034.415
 20
   46072.681
 30
0.0
  0
VERTEX
  8
PARTICELLE
 10
   49029.577
 20
   46076.531
 30
0.0
  0
VERTEX
  8
PARTICELLE
 10
   49034.580
 20
   46082.614
 30
0.0
  0
VERTEX
  8
PARTICELLE
 10
   49038.827
 20
   46087.980
 30
0.0
  0
VERTEX
  8
PARTICELLE
 10
   49039.548
 20
   46088.989
 30
0.0
  0
VERTEX
  8
PARTICELLE
 10
   49037.939
 20
   46090.838
 30
0.0
  0
VERTEX
  8
PARTICELLE
 10
   49037.588
 20
   46091.267
 30
0.0
  0
VERTEX
  8
PARTICELLE
 10
   49034.588
 20
   46091.633
 30
0.0
  0
VERTEX
  8
PARTICELLE
 10
   49027.986
 20
   46092.286
 30
0.0
  0
SEQEND
  8
PARTICELLE
  0
TEXT
  8
PARTICELLE
 62
7
 10
   48863.391
 20
   46416.011
 30
0.0
 40
       1.800
  1
865
 50
      73.974
  0
POLYLINE
  8
PARTICELLE
 66
1
 10
0.0
 20
0.0
 30
0.0
 70
1
  0
VERTEX
  8
PARTICELLE
 10
   48862.220
 20
   46422.532
 30
0.0
  0
VERTEX
  8
PARTICELLE
 10
   48860.519
 20
   46415.450
 30
0.0
  0
VERTEX
  8
PARTICELLE
 10
   48864.622
 20
   46415.180
 30
0.0
  0
VERTEX
  8
PARTICELLE
 10
   48865.598
 20
   46420.301
 30
0.0
  0
VERTEX
  8
PARTICELLE
 10
   48865.980
 20
   46421.997
 30
0.0
  0
VERTEX
  8
PARTICELLE
 10
   48862.581
 20
   46424.167
 30
0.0
  0
VERTEX
  8
PARTICELLE
 10
   48862.220
 20
   46422.532
 30
0.0
  0
SEQEND
  8
PARTICELLE
  0
TEXT
  8
PARTICELLE
 62
7
 10
   48857.797
 20
   46376.335
 30
0.0
 40
       1.800
  1
87
 50
       0.000
  0
POLYLINE
  8
PARTICELLE
 66
1
 10
0.0
 20
0.0
 30
0.0
 70
1
  0
VERTEX
  8
PARTICELLE
 10
   48855.069
 20
   46381.470
 30
0.0
  0
VERTEX
  8
PARTICELLE
 10
   48855.071
 20
   46374.071
 30
0.0
  0
VERTEX
  8
PARTICELLE
 10
   48858.689
 20
   46373.776
 30
0.0
  0
VERTEX
  8
PARTICELLE
 10
   48863.047
 20
   46373.687
 30
0.0
  0
VERTEX
  8
PARTICELLE
 10
   48864.197
 20
   46373.682
 30
0.0
  0
VERTEX
  8
PARTICELLE
 10
   48864.429
 20
   46378.560
 30
0.0
  0
VERTEX
  8
PARTICELLE
 10
   48864.474
 20
   46380.912
 30
0.0
  0
VERTEX
  8
PARTICELLE
 10
   48863.207
 20
   46380.940
 30
0.0
  0
VERTEX
  8
PARTICELLE
 10
   48855.069
 20
   46381.470
 30
0.0
  0
SEQEND
  8
PARTICELLE
  0
TEXT
  8
PARTICELLE
 62
7
 10
   48859.706
 20
   46366.831
 30
0.0
 40
       1.800
  1
88
 50
       0.000
  0
POLYLINE
  8
PARTICELLE
 66
1
 10
0.0
 20
0.0
 30
0.0
 70
1
  0
VERTEX
  8
PARTICELLE
 10
   48855.071
 20
   46374.071
 30
0.0
  0
VERTEX
  8
PARTICELLE
 10
   48854.859
 20
   46362.376
 30
0.0
  0
VERTEX
  8
PARTICELLE
 10
   48864.574
 20
   46359.945
 30
0.0
  0
VERTEX
  8
PARTICELLE
 10
   48868.430
 20
   46359.267
 30
0.0
  0
VERTEX
  8
PARTICELLE
 10
   48869.003
 20
   46363.881
 30
0.0
  0
VERTEX
  8
PARTICELLE
 10
   48869.276
 20
   46366.538
 30
0.0
  0
VERTEX
  8
PARTICELLE
 10
   48869.783
 20
   46370.093
 30
0.0
  0
VERTEX
  8
PARTICELLE
 10
   48867.867
 20
   46370.297
 30
0.0
  0
VERTEX
  8
PARTICELLE
 10
   48867.999
 20
   46373.558
 30
0.0
  0
VERTEX
  8
PARTICELLE
 10
   48867.971
 20
   46374.172
 30
0.0
  0
VERTEX
  8
PARTICELLE
 10
   48868.122
 20
   46378.155
 30
0.0
  0
VERTEX
  8
PARTICELLE
 10
   48866.999
 20
   46378.266
 30
0.0
  0
VERTEX
  8
PARTICELLE
 10
   48864.429
 20
   46378.560
 30
0.0
  0
VERTEX
  8
PARTICELLE
 10
   48864.197
 20
   46373.682
 30
0.0
  0
VERTEX
  8
PARTICELLE
 10
   48863.047
 20
   46373.687
 30
0.0
  0
VERTEX
  8
PARTICELLE
 10
   48858.689
 20
   46373.776
 30
0.0
  0
VERTEX
  8
PARTICELLE
 10
   48855.071
 20
   46374.071
 30
0.0
  0
SEQEND
  8
PARTICELLE
  0
TEXT
  8
PARTICELLE
 62
7
 10
   48805.226
 20
   46569.114
 30
0.0
 40
       1.800
  1
9
 50
       0.000
  0
POLYLINE
  8
PARTICELLE
 66
1
 10
0.0
 20
0.0
 30
0.0
 70
1
  0
VERTEX
  8
PARTICELLE
 10
   48788.511
 20
   46574.890
 30
0.0
  0
VERTEX
  8
PARTICELLE
 10
   48786.337
 20
   46571.395
 30
0.0
  0
VERTEX
  8
PARTICELLE
 10
   48788.991
 20
   46568.761
 30
0.0
  0
VERTEX
  8
PARTICELLE
 10
   48792.154
 20
   46565.617
 30
0.0
  0
VERTEX
  8
PARTICELLE
 10
   48799.652
 20
   46558.143
 30
0.0
  0
VERTEX
  8
PARTICELLE
 10
   48804.036
 20
   46554.263
 30
0.0
  0
VERTEX
  8
PARTICELLE
 10
   48808.501
 20
   46549.508
 30
0.0
  0
VERTEX
  8
PARTICELLE
 10
   48811.549
 20
   46553.419
 30
0.0
  0
VERTEX
  8
PARTICELLE
 10
   48814.197
 20
   46557.347
 30
0.0
  0
VERTEX
  8
PARTICELLE
 10
   48820.338
 20
   46566.043
 30
0.0
  0
VERTEX
  8
PARTICELLE
 10
   48823.684
 20
   46570.326
 30
0.0
  0
VERTEX
  8
PARTICELLE
 10
   48812.058
 20
   46578.161
 30
0.0
  0
VERTEX
  8
PARTICELLE
 10
   48802.234
 20
   46584.460
 30
0.0
  0
VERTEX
  8
PARTICELLE
 10
   48799.373
 20
   46581.507
 30
0.0
  0
VERTEX
  8
PARTICELLE
 10
   48795.487
 20
   46584.003
 30
0.0
  0
VERTEX
  8
PARTICELLE
 10
   48794.341
 20
   46584.307
 30
0.0
  0
VERTEX
  8
PARTICELLE
 10
   48792.961
 20
   46582.130
 30
0.0
  0
VERTEX
  8
PARTICELLE
 10
   48790.018
 20
   46577.372
 30
0.0
  0
VERTEX
  8
PARTICELLE
 10
   48788.511
 20
   46574.890
 30
0.0
  0
SEQEND
  8
PARTICELLE
  0
TEXT
  8
PARTICELLE
 62
7
 10
   48858.746
 20
   46351.443
 30
0.0
 40
       1.800
  1
90
 50
       0.000
  0
POLYLINE
  8
PARTICELLE
 66
1
 10
0.0
 20
0.0
 30
0.0
 70
1
  0
VERTEX
  8
PARTICELLE
 10
   48854.859
 20
   46362.376
 30
0.0
  0
VERTEX
  8
PARTICELLE
 10
   48854.737
 20
   46346.037
 30
0.0
  0
VERTEX
  8
PARTICELLE
 10
   48867.576
 20
   46344.410
 30
0.0
  0
VERTEX
  8
PARTICELLE
 10
   48868.240
 20
   46348.248
 30
0.0
  0
VERTEX
  8
PARTICELLE
 10
   48868.608
 20
   46350.773
 30
0.0
  0
VERTEX
  8
PARTICELLE
 10
   48865.613
 20
   46351.194
 30
0.0
  0
VERTEX
  8
PARTICELLE
 10
   48866.400
 20
   46354.937
 30
0.0
  0
VERTEX
  8
PARTICELLE
 10
   48869.243
 20
   46354.464
 30
0.0
  0
VERTEX
  8
PARTICELLE
 10
   48869.784
 20
   46356.697
 30
0.0
  0
VERTEX
  8
PARTICELLE
 10
   48868.335
 20
   46358.296
 30
0.0
  0
VERTEX
  8
PARTICELLE
 10
   48868.430
 20
   46359.267
 30
0.0
  0
VERTEX
  8
PARTICELLE
 10
   48864.574
 20
   46359.945
 30
0.0
  0
VERTEX
  8
PARTICELLE
 10
   48854.859
 20
   46362.376
 30
0.0
  0
SEQEND
  8
PARTICELLE
  0
TEXT
  8
PARTICELLE
 62
7
 10
   48859.300
 20
   46335.149
 30
0.0
 40
       1.800
  1
91
 50
       0.000
  0
POLYLINE
  8
PARTICELLE
 66
1
 10
0.0
 20
0.0
 30
0.0
 70
1
  0
VERTEX
  8
PARTICELLE
 10
   48854.383
 20
   46332.552
 30
0.0
  0
VERTEX
  8
PARTICELLE
 10
   48854.789
 20
   46329.434
 30
0.0
  0
VERTEX
  8
PARTICELLE
 10
   48860.287
 20
   46329.640
 30
0.0
  0
VERTEX
  8
PARTICELLE
 10
   48861.476
 20
   46329.726
 30
0.0
  0
VERTEX
  8
PARTICELLE
 10
   48866.117
 20
   46329.898
 30
0.0
  0
VERTEX
  8
PARTICELLE
 10
   48868.010
 20
   46338.999
 30
0.0
  0
VERTEX
  8
PARTICELLE
 10
   48855.708
 20
   46340.791
 30
0.0
  0
VERTEX
  8
PARTICELLE
 10
   48854.383
 20
   46332.552
 30
0.0
  0
SEQEND
  8
PARTICELLE
  0
TEXT
  8
PARTICELLE
 62
7
 10
   48869.983
 20
   46332.467
 30
0.0
 40
       1.800
  1
92
 50
       0.000
  0
POLYLINE
  8
PARTICELLE
 66
1
 10
0.0
 20
0.0
 30
0.0
 70
1
  0
VERTEX
  8
PARTICELLE
 10
   48866.117
 20
   46329.898
 30
0.0
  0
VERTEX
  8
PARTICELLE
 10
   48867.054
 20
   46329.825
 30
0.0
  0
VERTEX
  8
PARTICELLE
 10
   48874.752
 20
   46328.163
 30
0.0
  0
VERTEX
  8
PARTICELLE
 10
   48876.554
 20
   46336.957
 30
0.0
  0
VERTEX
  8
PARTICELLE
 10
   48868.010
 20
   46338.999
 30
0.0
  0
VERTEX
  8
PARTICELLE
 10
   48866.117
 20
   46329.898
 30
0.0
  0
SEQEND
  8
PARTICELLE
  0
TEXT
  8
PARTICELLE
 62
7
 10
   48878.022
 20
   46330.243
 30
0.0
 40
       1.800
  1
93
 50
      78.329
  0
POLYLINE
  8
PARTICELLE
 66
1
 10
0.0
 20
0.0
 30
0.0
 70
1
  0
VERTEX
  8
PARTICELLE
 10
   48876.554
 20
   46336.957
 30
0.0
  0
VERTEX
  8
PARTICELLE
 10
   48874.752
 20
   46328.163
 30
0.0
  0
VERTEX
  8
PARTICELLE
 10
   48878.727
 20
   46327.494
 30
0.0
  0
VERTEX
  8
PARTICELLE
 10
   48879.842
 20
   46336.228
 30
0.0
  0
VERTEX
  8
PARTICELLE
 10
   48876.554
 20
   46336.957
 30
0.0
  0
SEQEND
  8
PARTICELLE
  0
TEXT
  8
PARTICELLE
 62
7
 10
   48873.873
 20
   46350.664
 30
0.0
 40
       1.800
  1
94
 50
       0.000
  0
POLYLINE
  8
PARTICELLE
 66
1
 10
0.0
 20
0.0
 30
0.0
 70
1
  0
VERTEX
  8
PARTICELLE
 10
   48868.240
 20
   46348.248
 30
0.0
  0
VERTEX
  8
PARTICELLE
 10
   48867.576
 20
   46344.410
 30
0.0
  0
VERTEX
  8
PARTICELLE
 10
   48870.178
 20
   46344.047
 30
0.0
  0
VERTEX
  8
PARTICELLE
 10
   48879.261
 20
   46342.582
 30
0.0
  0
VERTEX
  8
PARTICELLE
 10
   48881.243
 20
   46342.484
 30
0.0
  0
VERTEX
  8
PARTICELLE
 10
   48881.391
 20
   46349.999
 30
0.0
  0
VERTEX
  8
PARTICELLE
 10
   48880.481
 20
   46349.838
 30
0.0
  0
VERTEX
  8
PARTICELLE
 10
   48881.422
 20
   46355.073
 30
0.0
  0
VERTEX
  8
PARTICELLE
 10
   48879.731
 20
   46355.208
 30
0.0
  0
VERTEX
  8
PARTICELLE
 10
   48869.784
 20
   46356.697
 30
0.0
  0
VERTEX
  8
PARTICELLE
 10
   48869.243
 20
   46354.464
 30
0.0
  0
VERTEX
  8
PARTICELLE
 10
   48868.608
 20
   46350.773
 30
0.0
  0
VERTEX
  8
PARTICELLE
 10
   48868.240
 20
   46348.248
 30
0.0
  0
SEQEND
  8
PARTICELLE
  0
TEXT
  8
PARTICELLE
 62
7
 10
   48872.671
 20
   46361.140
 30
0.0
 40
       1.800
  1
95
 50
       0.000
  0
POLYLINE
  8
PARTICELLE
 66
1
 10
0.0
 20
0.0
 30
0.0
 70
1
  0
VERTEX
  8
PARTICELLE
 10
   48868.430
 20
   46359.267
 30
0.0
  0
VERTEX
  8
PARTICELLE
 10
   48868.335
 20
   46358.296
 30
0.0
  0
VERTEX
  8
PARTICELLE
 10
   48869.784
 20
   46356.697
 30
0.0
  0
VERTEX
  8
PARTICELLE
 10
   48879.731
 20
   46355.208
 30
0.0
  0
VERTEX
  8
PARTICELLE
 10
   48881.422
 20
   46355.073
 30
0.0
  0
VERTEX
  8
PARTICELLE
 10
   48883.105
 20
   46365.058
 30
0.0
  0
VERTEX
  8
PARTICELLE
 10
   48882.294
 20
   46365.094
 30
0.0
  0
VERTEX
  8
PARTICELLE
 10
   48880.764
 20
   46365.224
 30
0.0
  0
VERTEX
  8
PARTICELLE
 10
   48869.276
 20
   46366.538
 30
0.0
  0
VERTEX
  8
PARTICELLE
 10
   48869.003
 20
   46363.881
 30
0.0
  0
VERTEX
  8
PARTICELLE
 10
   48868.430
 20
   46359.267
 30
0.0
  0
SEQEND
  8
PARTICELLE
  0
TEXT
  8
PARTICELLE
 62
7
 10
   48876.274
 20
   46370.492
 30
0.0
 40
       1.800
  1
96
 50
       0.000
  0
POLYLINE
  8
PARTICELLE
 66
1
 10
0.0
 20
0.0
 30
0.0
 70
1
  0
VERTEX
  8
PARTICELLE
 10
   48867.999
 20
   46373.558
 30
0.0
  0
VERTEX
  8
PARTICELLE
 10
   48867.867
 20
   46370.297
 30
0.0
  0
VERTEX
  8
PARTICELLE
 10
   48869.783
 20
   46370.093
 30
0.0
  0
VERTEX
  8
PARTICELLE
 10
   48869.276
 20
   46366.538
 30
0.0
  0
VERTEX
  8
PARTICELLE
 10
   48880.764
 20
   46365.224
 30
0.0
  0
VERTEX
  8
PARTICELLE
 10
   48882.294
 20
   46365.094
 30
0.0
  0
VERTEX
  8
PARTICELLE
 10
   48883.105
 20
   46365.058
 30
0.0
  0
VERTEX
  8
PARTICELLE
 10
   48884.910
 20
   46375.381
 30
0.0
  0
VERTEX
  8
PARTICELLE
 10
   48883.759
 20
   46375.462
 30
0.0
  0
VERTEX
  8
PARTICELLE
 10
   48880.191
 20
   46376.048
 30
0.0
  0
VERTEX
  8
PARTICELLE
 10
   48875.024
 20
   46376.943
 30
0.0
  0
VERTEX
  8
PARTICELLE
 10
   48873.051
 20
   46377.223
 30
0.0
  0
VERTEX
  8
PARTICELLE
 10
   48868.122
 20
   46378.155
 30
0.0
  0
VERTEX
  8
PARTICELLE
 10
   48867.971
 20
   46374.172
 30
0.0
  0
VERTEX
  8
PARTICELLE
 10
   48867.999
 20
   46373.558
 30
0.0
  0
SEQEND
  8
PARTICELLE
  0
TEXT
  8
PARTICELLE
 62
7
 10
   48869.189
 20
   46381.673
 30
0.0
 40
       1.800
  1
97
 50
       0.000
  0
POLYLINE
  8
PARTICELLE
 66
1
 10
0.0
 20
0.0
 30
0.0
 70
1
  0
VERTEX
  8
PARTICELLE
 10
   48866.964
 20
   46384.219
 30
0.0
  0
VERTEX
  8
PARTICELLE
 10
   48866.753
 20
   46380.335
 30
0.0
  0
VERTEX
  8
PARTICELLE
 10
   48867.019
 20
   46379.829
 30
0.0
  0
VERTEX
  8
PARTICELLE
 10
   48866.999
 20
   46378.266
 30
0.0
  0
VERTEX
  8
PARTICELLE
 10
   48868.122
 20
   46378.155
 30
0.0
  0
VERTEX
  8
PARTICELLE
 10
   48873.051
 20
   46377.223
 30
0.0
  0
VERTEX
  8
PARTICELLE
 10
   48873.642
 20
   46382.939
 30
0.0
  0
VERTEX
  8
PARTICELLE
 10
   48873.776
 20
   46384.122
 30
0.0
  0
VERTEX
  8
PARTICELLE
 10
   48874.113
 20
   46387.960
 30
0.0
  0
VERTEX
  8
PARTICELLE
 10
   48868.898
 20
   46388.968
 30
0.0
  0
VERTEX
  8
PARTICELLE
 10
   48868.578
 20
   46384.167
 30
0.0
  0
VERTEX
  8
PARTICELLE
 10
   48866.964
 20
   46384.219
 30
0.0
  0
SEQEND
  8
PARTICELLE
  0
TEXT
  8
PARTICELLE
 62
7
 10
   48874.485
 20
   46380.151
 30
0.0
 40
       1.800
  1
98
 50
       0.000
  0
POLYLINE
  8
PARTICELLE
 66
1
 10
0.0
 20
0.0
 30
0.0
 70
1
  0
VERTEX
  8
PARTICELLE
 10
   48873.642
 20
   46382.939
 30
0.0
  0
VERTEX
  8
PARTICELLE
 10
   48873.051
 20
   46377.223
 30
0.0
  0
VERTEX
  8
PARTICELLE
 10
   48875.024
 20
   46376.943
 30
0.0
  0
VERTEX
  8
PARTICELLE
 10
   48875.275
 20
   46378.936
 30
0.0
  0
VERTEX
  8
PARTICELLE
 10
   48878.723
 20
   46378.467
 30
0.0
  0
VERTEX
  8
PARTICELLE
 10
   48879.117
 20
   46380.856
 30
0.0
  0
VERTEX
  8
PARTICELLE
 10
   48879.311
 20
   46381.979
 30
0.0
  0
VERTEX
  8
PARTICELLE
 10
   48877.868
 20
   46382.113
 30
0.0
  0
VERTEX
  8
PARTICELLE
 10
   48878.012
 20
   46383.580
 30
0.0
  0
VERTEX
  8
PARTICELLE
 10
   48876.309
 20
   46383.794
 30
0.0
  0
VERTEX
  8
PARTICELLE
 10
   48873.776
 20
   46384.122
 30
0.0
  0
VERTEX
  8
PARTICELLE
 10
   48873.642
 20
   46382.939
 30
0.0
  0
SEQEND
  8
PARTICELLE
  0
TEXT
  8
PARTICELLE
 62
7
 10
   48881.339
 20
   46382.821
 30
0.0
 40
       1.800
  1
99
 50
       0.000
  0
POLYLINE
  8
PARTICELLE
 66
1
 10
0.0
 20
0.0
 30
0.0
 70
1
  0
VERTEX
  8
PARTICELLE
 10
   48879.311
 20
   46381.979
 30
0.0
  0
VERTEX
  8
PARTICELLE
 10
   48879.117
 20
   46380.856
 30
0.0
  0
VERTEX
  8
PARTICELLE
 10
   48885.695
 20
   46379.956
 30
0.0
  0
VERTEX
  8
PARTICELLE
 10
   48886.744
 20
   46386.349
 30
0.0
  0
VERTEX
  8
PARTICELLE
 10
   48880.161
 20
   46387.131
 30
0.0
  0
VERTEX
  8
PARTICELLE
 10
   48879.311
 20
   46381.979
 30
0.0
  0
SEQEND
  8
PARTICELLE
  0
TEXT
  8
FABBRICATI
 62
7
 10
   49228.138
 20
   46269.092
 30
0.0
 40
       1.300
  1
194+
 50
       0.000
  0
POLYLINE
  8
FABBRICATI
 66
1
 10
0.0
 20
0.0
 30
0.0
 70
1
  0
VERTEX
  8
FABBRICATI
 10
   49242.489
 20
   46288.697
 30
0.0
  0
VERTEX
  8
FABBRICATI
 10
   49234.864
 20
   46291.217
 30
0.0
  0
VERTEX
  8
FABBRICATI
 10
   49228.944
 20
   46292.973
 30
0.0
  0
VERTEX
  8
FABBRICATI
 10
   49228.464
 20
   46293.143
 30
0.0
  0
VERTEX
  8
FABBRICATI
 10
   49226.256
 20
   46284.888
 30
0.0
  0
VERTEX
  8
FABBRICATI
 10
   49223.281
 20
   46272.519
 30
0.0
  0
VERTEX
  8
FABBRICATI
 10
   49197.988
 20
   46282.799
 30
0.0
  0
VERTEX
  8
FABBRICATI
 10
   49202.810
 20
   46295.065
 30
0.0
  0
VERTEX
  8
FABBRICATI
 10
   49189.216
 20
   46301.116
 30
0.0
  0
VERTEX
  8
FABBRICATI
 10
   49188.067
 20
   46298.830
 30
0.0
  0
VERTEX
  8
FABBRICATI
 10
   49183.069
 20
   46285.954
 30
0.0
  0
VERTEX
  8
FABBRICATI
 10
   49180.637
 20
   46279.508
 30
0.0
  0
VERTEX
  8
FABBRICATI
 10
   49184.425
 20
   46277.823
 30
0.0
  0
VERTEX
  8
FABBRICATI
 10
   49189.618
 20
   46275.719
 30
0.0
  0
VERTEX
  8
FABBRICATI
 10
   49210.839
 20
   46267.097
 30
0.0
  0
VERTEX
  8
FABBRICATI
 10
   49232.100
 20
   46258.387
 30
0.0
  0
VERTEX
  8
FABBRICATI
 10
   49243.889
 20
   46253.638
 30
0.0
  0
VERTEX
  8
FABBRICATI
 10
   49248.598
 20
   46265.511
 30
0.0
  0
VERTEX
  8
FABBRICATI
 10
   49252.001
 20
   46274.379
 30
0.0
  0
VERTEX
  8
FABBRICATI
 10
   49253.594
 20
   46278.287
 30
0.0
  0
VERTEX
  8
FABBRICATI
 10
   49254.430
 20
   46280.414
 30
0.0
  0
VERTEX
  8
FABBRICATI
 10
   49256.142
 20
   46284.996
 30
0.0
  0
VERTEX
  8
FABBRICATI
 10
   49252.486
 20
   46285.992
 30
0.0
  0
VERTEX
  8
FABBRICATI
 10
   49254.299
 20
   46291.601
 30
0.0
  0
VERTEX
  8
FABBRICATI
 10
   49256.969
 20
   46299.868
 30
0.0
  0
VERTEX
  8
FABBRICATI
 10
   49247.057
 20
   46302.947
 30
0.0
  0
VERTEX
  8
FABBRICATI
 10
   49242.489
 20
   46288.697
 30
0.0
  0
SEQEND
  8
FABBRICATI
  0
TEXT
  8
FABBRICATI
 62
7
 10
   48859.724
 20
   46377.459
 30
0.0
 40
       1.300
  1
87+
 50
       0.000
  0
POLYLINE
  8
FABBRICATI
 66
1
 10
0.0
 20
0.0
 30
0.0
 70
1
  0
VERTEX
  8
FABBRICATI
 10
   48863.047
 20
   46373.687
 30
0.0
  0
VERTEX
  8
FABBRICATI
 10
   48864.197
 20
   46373.682
 30
0.0
  0
VERTEX
  8
FABBRICATI
 10
   48864.429
 20
   46378.560
 30
0.0
  0
VERTEX
  8
FABBRICATI
 10
   48864.474
 20
   46380.912
 30
0.0
  0
VERTEX
  8
FABBRICATI
 10
   48863.207
 20
   46380.940
 30
0.0
  0
VERTEX
  8
FABBRICATI
 10
   48855.069
 20
   46381.470
 30
0.0
  0
VERTEX
  8
FABBRICATI
 10
   48855.071
 20
   46374.071
 30
0.0
  0
VERTEX
  8
FABBRICATI
 10
   48858.689
 20
   46373.776
 30
0.0
  0
VERTEX
  8
FABBRICATI
 10
   48863.047
 20
   46373.687
 30
0.0
  0
SEQEND
  8
FABBRICATI
  0
TEXT
  8
FABBRICATI
 62
7
 10
   48918.922
 20
   46521.147
 30
0.0
 40
       1.300
  1
124+
 50
       0.000
  0
POLYLINE
  8
FABBRICATI
 66
1
 10
0.0
 20
0.0
 30
0.0
 70
1
  0
VERTEX
  8
FABBRICATI
 10
   48922.771
 20
   46522.937
 30
0.0
  0
VERTEX
  8
FABBRICATI
 10
   48918.834
 20
   46525.382
 30
0.0
  0
VERTEX
  8
FABBRICATI
 10
   48915.134
 20
   46519.407
 30
0.0
  0
VERTEX
  8
FABBRICATI
 10
   48918.967
 20
   46516.952
 30
0.0
  0
VERTEX
  8
FABBRICATI
 10
   48922.771
 20
   46522.937
 30
0.0
  0
SEQEND
  8
FABBRICATI
  0
TEXT
  8
FABBRICATI
 62
7
 10
   48939.208
 20
   46520.130
 30
0.0
 40
       1.300
  1
124+
 50
       0.000
  0
POLYLINE
  8
FABBRICATI
 66
1
 10
0.0
 20
0.0
 30
0.0
 70
1
  0
VERTEX
  8
FABBRICATI
 10
   48941.220
 20
   46516.687
 30
0.0
  0
VERTEX
  8
FABBRICATI
 10
   48943.283
 20
   46519.686
 30
0.0
  0
VERTEX
  8
FABBRICATI
 10
   48939.099
 20
   46522.614
 30
0.0
  0
VERTEX
  8
FABBRICATI
 10
   48938.017
 20
   46522.731
 30
0.0
  0
VERTEX
  8
FABBRICATI
 10
   48936.538
 20
   46522.181
 30
0.0
  0
VERTEX
  8
FABBRICATI
 10
   48935.484
 20
   46520.831
 30
0.0
  0
VERTEX
  8
FABBRICATI
 10
   48935.598
 20
   46520.235
 30
0.0
  0
VERTEX
  8
FABBRICATI
 10
   48941.220
 20
   46516.687
 30
0.0
  0
SEQEND
  8
FABBRICATI
  0
TEXT
  8
FABBRICATI
 62
7
 10
   49053.799
 20
   46289.473
 30
0.0
 40
       1.300
  1
266+
 50
       0.000
  0
POLYLINE
  8
FABBRICATI
 66
1
 10
0.0
 20
0.0
 30
0.0
 70
1
  0
VERTEX
  8
FABBRICATI
 10
   49046.126
 20
   46283.198
 30
0.0
  0
VERTEX
  8
FABBRICATI
 10
   49045.815
 20
   46282.455
 30
0.0
  0
VERTEX
  8
FABBRICATI
 10
   49041.697
 20
   46272.521
 30
0.0
  0
VERTEX
  8
FABBRICATI
 10
   49050.675
 20
   46269.456
 30
0.0
  0
VERTEX
  8
FABBRICATI
 10
   49056.222
 20
   46283.064
 30
0.0
  0
VERTEX
  8
FABBRICATI
 10
   49063.916
 20
   46301.544
 30
0.0
  0
VERTEX
  8
FABBRICATI
 10
   49065.905
 20
   46306.018
 30
0.0
  0
VERTEX
  8
FABBRICATI
 10
   49057.106
 20
   46309.821
 30
0.0
  0
VERTEX
  8
FABBRICATI
 10
   49054.893
 20
   46304.345
 30
0.0
  0
VERTEX
  8
FABBRICATI
 10
   49052.910
 20
   46305.097
 30
0.0
  0
VERTEX
  8
FABBRICATI
 10
   49051.910
 20
   46302.763
 30
0.0
  0
VERTEX
  8
FABBRICATI
 10
   49053.873
 20
   46301.981
 30
0.0
  0
VERTEX
  8
FABBRICATI
 10
   49053.512
 20
   46301.147
 30
0.0
  0
VERTEX
  8
FABBRICATI
 10
   49049.675
 20
   46291.816
 30
0.0
  0
VERTEX
  8
FABBRICATI
 10
   49047.181
 20
   46285.768
 30
0.0
  0
VERTEX
  8
FABBRICATI
 10
   49045.198
 20
   46286.527
 30
0.0
  0
VERTEX
  8
FABBRICATI
 10
   49044.142
 20
   46283.954
 30
0.0
  0
VERTEX
  8
FABBRICATI
 10
   49046.126
 20
   46283.198
 30
0.0
  0
SEQEND
  8
FABBRICATI
  0
TEXT
  8
FABBRICATI
 62
7
 10
   49059.743
 20
   46123.354
 30
0.0
 40
       1.300
  1
788+
 50
       0.000
  0
POLYLINE
  8
FABBRICATI
 66
1
 10
0.0
 20
0.0
 30
0.0
 70
1
  0
VERTEX
  8
FABBRICATI
 10
   49055.950
 20
   46128.704
 30
0.0
  0
VERTEX
  8
FABBRICATI
 10
   49052.637
 20
   46122.247
 30
0.0
  0
VERTEX
  8
FABBRICATI
 10
   49060.019
 20
   46119.341
 30
0.0
  0
VERTEX
  8
FABBRICATI
 10
   49064.078
 20
   46117.836
 30
0.0
  0
VERTEX
  8
FABBRICATI
 10
   49064.729
 20
   46119.177
 30
0.0
  0
VERTEX
  8
FABBRICATI
 10
   49065.186
 20
   46120.509
 30
0.0
  0
VERTEX
  8
FABBRICATI
 10
   49066.627
 20
   46124.233
 30
0.0
  0
VERTEX
  8
FABBRICATI
 10
   49059.151
 20
   46127.417
 30
0.0
  0
VERTEX
  8
FABBRICATI
 10
   49055.950
 20
   46128.704
 30
0.0
  0
SEQEND
  8
FABBRICATI
  0
TEXT
  8
FABBRICATI
 62
7
 10
   49095.031
 20
   46116.485
 30
0.0
 40
       1.300
  1
263+
 50
       0.000
  0
POLYLINE
  8
FABBRICATI
 66
1
 10
0.0
 20
0.0
 30
0.0
 70
1
  0
VERTEX
  8
FABBRICATI
 10
   49091.270
 20
   46119.636
 30
0.0
  0
VERTEX
  8
FABBRICATI
 10
   49089.888
 20
   46117.382
 30
0.0
  0
VERTEX
  8
FABBRICATI
 10
   49099.103
 20
   46113.128
 30
0.0
  0
VERTEX
  8
FABBRICATI
 10
   49100.111
 20
   46115.635
 30
0.0
  0
VERTEX
  8
FABBRICATI
 10
   49091.270
 20
   46119.636
 30
0.0
  0
SEQEND
  8
FABBRICATI
  0
TEXT
  8
FABBRICATI
 62
7
 10
   49045.329
 20
   45927.004
 30
0.0
 40
       1.300
  1
811+
 50
       0.000
  0
POLYLINE
  8
FABBRICATI
 66
1
 10
0.0
 20
0.0
 30
0.0
 70
1
  0
VERTEX
  8
FABBRICATI
 10
   49043.570
 20
   45930.519
 30
0.0
  0
VERTEX
  8
FABBRICATI
 10
   49041.447
 20
   45925.715
 30
0.0
  0
VERTEX
  8
FABBRICATI
 10
   49047.293
 20
   45923.406
 30
0.0
  0
VERTEX
  8
FABBRICATI
 10
   49049.083
 20
   45928.179
 30
0.0
  0
VERTEX
  8
FABBRICATI
 10
   49043.570
 20
   45930.519
 30
0.0
  0
SEQEND
  8
FABBRICATI
  0
TEXT
  8
FABBRICATI
 62
7
 10
   49242.321
 20
   46311.590
 30
0.0
 40
       1.300
  1
192+
 50
       0.000
  0
POLYLINE
  8
FABBRICATI
 66
1
 10
0.0
 20
0.0
 30
0.0
 70
1
  0
VERTEX
  8
FABBRICATI
 10
   49233.174
 20
   46311.445
 30
0.0
  0
VERTEX
  8
FABBRICATI
 10
   49233.730
 20
   46310.987
 30
0.0
  0
VERTEX
  8
FABBRICATI
 10
   49239.012
 20
   46307.946
 30
0.0
  0
VERTEX
  8
FABBRICATI
 10
   49242.433
 20
   46304.259
 30
0.0
  0
VERTEX
  8
FABBRICATI
 10
   49242.812
 20
   46302.085
 30
0.0
  0
VERTEX
  8
FABBRICATI
 10
   49246.860
 20
   46304.088
 30
0.0
  0
VERTEX
  8
FABBRICATI
 10
   49253.566
 20
   46307.616
 30
0.0
  0
VERTEX
  8
FABBRICATI
 10
   49252.953
 20
   46308.949
 30
0.0
  0
VERTEX
  8
FABBRICATI
 10
   49251.144
 20
   46312.109
 30
0.0
  0
VERTEX
  8
FABBRICATI
 10
   49249.535
 20
   46314.225
 30
0.0
  0
VERTEX
  8
FABBRICATI
 10
   49249.006
 20
   46314.886
 30
0.0
  0
VERTEX
  8
FABBRICATI
 10
   49246.837
 20
   46317.587
 30
0.0
  0
VERTEX
  8
FABBRICATI
 10
   49240.618
 20
   46323.258
 30
0.0
  0
VERTEX
  8
FABBRICATI
 10
   49233.174
 20
   46311.445
 30
0.0
  0
SEQEND
  8
FABBRICATI
  0
TEXT
  8
FABBRICATI
 62
7
 10
   49052.778
 20
   46237.779
 30
0.0
 40
       1.300
  1
160+
 50
       0.000
  0
POLYLINE
  8
FABBRICATI
 66
1
 10
0.0
 20
0.0
 30
0.0
 70
1
  0
VERTEX
  8
FABBRICATI
 10
   49055.801
 20
   46236.245
 30
0.0
  0
VERTEX
  8
FABBRICATI
 10
   49058.535
 20
   46235.201
 30
0.0
  0
VERTEX
  8
FABBRICATI
 10
   49059.781
 20
   46238.329
 30
0.0
  0
VERTEX
  8
FABBRICATI
 10
   49057.008
 20
   46239.440
 30
0.0
  0
VERTEX
  8
FABBRICATI
 10
   49057.865
 20
   46241.533
 30
0.0
  0
VERTEX
  8
FABBRICATI
 10
   49061.140
 20
   46250.006
 30
0.0
  0
VERTEX
  8
FABBRICATI
 10
   49063.190
 20
   46255.117
 30
0.0
  0
VERTEX
  8
FABBRICATI
 10
   49054.084
 20
   46258.600
 30
0.0
  0
VERTEX
  8
FABBRICATI
 10
   49048.845
 20
   46245.113
 30
0.0
  0
VERTEX
  8
FABBRICATI
 10
   49042.904
 20
   46229.838
 30
0.0
  0
VERTEX
  8
FABBRICATI
 10
   49039.458
 20
   46221.004
 30
0.0
  0
VERTEX
  8
FABBRICATI
 10
   49048.995
 20
   46217.688
 30
0.0
  0
VERTEX
  8
FABBRICATI
 10
   49050.767
 20
   46222.513
 30
0.0
  0
VERTEX
  8
FABBRICATI
 10
   49054.030
 20
   46231.384
 30
0.0
  0
VERTEX
  8
FABBRICATI
 10
   49055.801
 20
   46236.245
 30
0.0
  0
SEQEND
  8
FABBRICATI
  0
TEXT
  8
FABBRICATI
 62
7
 10
   49066.113
 20
   46232.556
 30
0.0
 40
       1.300
  1
268+
 50
       0.000
  0
POLYLINE
  8
FABBRICATI
 66
1
 10
0.0
 20
0.0
 30
0.0
 70
1
  0
VERTEX
  8
FABBRICATI
 10
   49062.540
 20
   46237.263
 30
0.0
  0
VERTEX
  8
FABBRICATI
 10
   49059.781
 20
   46238.329
 30
0.0
  0
VERTEX
  8
FABBRICATI
 10
   49058.535
 20
   46235.201
 30
0.0
  0
VERTEX
  8
FABBRICATI
 10
   49061.378
 20
   46234.217
 30
0.0
  0
VERTEX
  8
FABBRICATI
 10
   49059.553
 20
   46229.317
 30
0.0
  0
VERTEX
  8
FABBRICATI
 10
   49056.282
 20
   46220.539
 30
0.0
  0
VERTEX
  8
FABBRICATI
 10
   49054.504
 20
   46215.670
 30
0.0
  0
VERTEX
  8
FABBRICATI
 10
   49064.090
 20
   46212.202
 30
0.0
  0
VERTEX
  8
FABBRICATI
 10
   49071.834
 20
   46233.570
 30
0.0
  0
VERTEX
  8
FABBRICATI
 10
   49077.951
 20
   46249.626
 30
0.0
  0
VERTEX
  8
FABBRICATI
 10
   49068.611
 20
   46253.106
 30
0.0
  0
VERTEX
  8
FABBRICATI
 10
   49066.602
 20
   46247.977
 30
0.0
  0
VERTEX
  8
FABBRICATI
 10
   49063.342
 20
   46239.453
 30
0.0
  0
VERTEX
  8
FABBRICATI
 10
   49062.540
 20
   46237.263
 30
0.0
  0
SEQEND
  8
FABBRICATI
  0
TEXT
  8
FABBRICATI
 62
7
 10
   49023.325
 20
   46252.115
 30
0.0
 40
       1.300
  1
155+
 50
       0.000
  0
POLYLINE
  8
FABBRICATI
 66
1
 10
0.0
 20
0.0
 30
0.0
 70
1
  0
VERTEX
  8
FABBRICATI
 10
   49025.379
 20
   46244.262
 30
0.0
  0
VERTEX
  8
FABBRICATI
 10
   49027.674
 20
   46243.357
 30
0.0
  0
VERTEX
  8
FABBRICATI
 10
   49029.092
 20
   46247.015
 30
0.0
  0
VERTEX
  8
FABBRICATI
 10
   49026.800
 20
   46247.977
 30
0.0
  0
VERTEX
  8
FABBRICATI
 10
   49029.121
 20
   46254.065
 30
0.0
  0
VERTEX
  8
FABBRICATI
 10
   49031.590
 20
   46260.552
 30
0.0
  0
VERTEX
  8
FABBRICATI
 10
   49032.683
 20
   46263.592
 30
0.0
  0
VERTEX
  8
FABBRICATI
 10
   49035.075
 20
   46262.671
 30
0.0
  0
VERTEX
  8
FABBRICATI
 10
   49036.214
 20
   46265.579
 30
0.0
  0
VERTEX
  8
FABBRICATI
 10
   49033.801
 20
   46266.454
 30
0.0
  0
VERTEX
  8
FABBRICATI
 10
   49025.103
 20
   46269.726
 30
0.0
  0
VERTEX
  8
FABBRICATI
 10
   49020.924
 20
   46258.901
 30
0.0
  0
VERTEX
  8
FABBRICATI
 10
   49013.600
 20
   46240.149
 30
0.0
  0
VERTEX
  8
FABBRICATI
 10
   49010.567
 20
   46232.041
 30
0.0
  0
VERTEX
  8
FABBRICATI
 10
   49019.399
 20
   46228.677
 30
0.0
  0
VERTEX
  8
FABBRICATI
 10
   49021.315
 20
   46233.683
 30
0.0
  0
VERTEX
  8
FABBRICATI
 10
   49024.423
 20
   46241.710
 30
0.0
  0
VERTEX
  8
FABBRICATI
 10
   49025.379
 20
   46244.262
 30
0.0
  0
SEQEND
  8
FABBRICATI
  0
TEXT
  8
FABBRICATI
 62
7
 10
   48972.168
 20
   46260.064
 30
0.0
 40
       1.300
  1
133+
 50
       0.000
  0
POLYLINE
  8
FABBRICATI
 66
1
 10
0.0
 20
0.0
 30
0.0
 70
1
  0
VERTEX
  8
FABBRICATI
 10
   48970.056
 20
   46268.579
 30
0.0
  0
VERTEX
  8
FABBRICATI
 10
   48964.129
 20
   46252.368
 30
0.0
  0
VERTEX
  8
FABBRICATI
 10
   48973.191
 20
   46248.637
 30
0.0
  0
VERTEX
  8
FABBRICATI
 10
   48976.716
 20
   46258.287
 30
0.0
  0
VERTEX
  8
FABBRICATI
 10
   48980.484
 20
   46268.168
 30
0.0
  0
VERTEX
  8
FABBRICATI
 10
   48971.228
 20
   46271.525
 30
0.0
  0
VERTEX
  8
FABBRICATI
 10
   48970.056
 20
   46268.579
 30
0.0
  0
SEQEND
  8
FABBRICATI
  0
TEXT
  8
FABBRICATI
 62
7
 10
   48986.394
 20
   46254.530
 30
0.0
 40
       1.300
  1
261+
 50
       0.000
  0
POLYLINE
  8
FABBRICATI
 66
1
 10
0.0
 20
0.0
 30
0.0
 70
1
  0
VERTEX
  8
FABBRICATI
 10
   48985.638
 20
   46266.068
 30
0.0
  0
VERTEX
  8
FABBRICATI
 10
   48983.291
 20
   46267.024
 30
0.0
  0
VERTEX
  8
FABBRICATI
 10
   48981.657
 20
   46262.666
 30
0.0
  0
VERTEX
  8
FABBRICATI
 10
   48983.981
 20
   46261.725
 30
0.0
  0
VERTEX
  8
FABBRICATI
 10
   48981.893
 20
   46256.236
 30
0.0
  0
VERTEX
  8
FABBRICATI
 10
   48978.064
 20
   46246.662
 30
0.0
  0
VERTEX
  8
FABBRICATI
 10
   48987.191
 20
   46242.863
 30
0.0
  0
VERTEX
  8
FABBRICATI
 10
   48991.232
 20
   46253.594
 30
0.0
  0
VERTEX
  8
FABBRICATI
 10
   48994.446
 20
   46262.318
 30
0.0
  0
VERTEX
  8
FABBRICATI
 10
   48985.638
 20
   46266.068
 30
0.0
  0
SEQEND
  8
FABBRICATI
  0
TEXT
  8
FABBRICATI
 62
7
 10
   49055.942
 20
   46379.417
 30
0.0
 40
       1.300
  1
862+
 50
       0.000
  0
POLYLINE
  8
FABBRICATI
 66
1
 10
0.0
 20
0.0
 30
0.0
 70
1
  0
VERTEX
  8
FABBRICATI
 10
   49042.968
 20
   46371.938
 30
0.0
  0
VERTEX
  8
FABBRICATI
 10
   49053.008
 20
   46365.260
 30
0.0
  0
VERTEX
  8
FABBRICATI
 10
   49056.007
 20
   46369.758
 30
0.0
  0
VERTEX
  8
FABBRICATI
 10
   49061.420
 20
   46366.119
 30
0.0
  0
VERTEX
  8
FABBRICATI
 10
   49067.462
 20
   46374.907
 30
0.0
  0
VERTEX
  8
FABBRICATI
 10
   49062.966
 20
   46377.940
 30
0.0
  0
VERTEX
  8
FABBRICATI
 10
   49066.801
 20
   46383.729
 30
0.0
  0
VERTEX
  8
FABBRICATI
 10
   49055.762
 20
   46391.188
 30
0.0
  0
VERTEX
  8
FABBRICATI
 10
   49042.968
 20
   46371.938
 30
0.0
  0
SEQEND
  8
FABBRICATI
  0
TEXT
  8
FABBRICATI
 62
7
 10
   49008.241
 20
   46254.995
 30
0.0
 40
       1.300
  1
152+
 50
       0.000
  0
POLYLINE
  8
FABBRICATI
 66
1
 10
0.0
 20
0.0
 30
0.0
 70
1
  0
VERTEX
  8
FABBRICATI
 10
   49009.568
 20
   46271.720
 30
0.0
  0
VERTEX
  8
FABBRICATI
 10
   49008.304
 20
   46268.495
 30
0.0
  0
VERTEX
  8
FABBRICATI
 10
   49006.310
 20
   46263.160
 30
0.0
  0
VERTEX
  8
FABBRICATI
 10
   49004.314
 20
   46258.064
 30
0.0
  0
VERTEX
  8
FABBRICATI
 10
   49002.362
 20
   46252.833
 30
0.0
  0
VERTEX
  8
FABBRICATI
 10
   48999.241
 20
   46244.779
 30
0.0
  0
VERTEX
  8
FABBRICATI
 10
   48996.481
 20
   46238.244
 30
0.0
  0
VERTEX
  8
FABBRICATI
 10
   49005.511
 20
   46234.412
 30
0.0
  0
VERTEX
  8
FABBRICATI
 10
   49008.441
 20
   46242.202
 30
0.0
  0
VERTEX
  8
FABBRICATI
 10
   49011.832
 20
   46251.175
 30
0.0
  0
VERTEX
  8
FABBRICATI
 10
   49019.996
 20
   46272.244
 30
0.0
  0
VERTEX
  8
FABBRICATI
 10
   49011.432
 20
   46276.278
 30
0.0
  0
VERTEX
  8
FABBRICATI
 10
   49009.009
 20
   46277.393
 30
0.0
  0
VERTEX
  8
FABBRICATI
 10
   49007.148
 20
   46272.892
 30
0.0
  0
VERTEX
  8
FABBRICATI
 10
   49009.568
 20
   46271.720
 30
0.0
  0
SEQEND
  8
FABBRICATI
  0
TEXT
  8
FABBRICATI
 62
7
 10
   48961.396
 20
   46231.803
 30
0.0
 40
       1.300
  1
130+
 50
       0.000
  0
POLYLINE
  8
FABBRICATI
 66
1
 10
0.0
 20
0.0
 30
0.0
 70
1
  0
VERTEX
  8
FABBRICATI
 10
   48968.414
 20
   46236.722
 30
0.0
  0
VERTEX
  8
FABBRICATI
 10
   48969.547
 20
   46239.597
 30
0.0
  0
VERTEX
  8
FABBRICATI
 10
   48960.552
 20
   46243.359
 30
0.0
  0
VERTEX
  8
FABBRICATI
 10
   48958.256
 20
   46237.148
 30
0.0
  0
VERTEX
  8
FABBRICATI
 10
   48953.467
 20
   46224.149
 30
0.0
  0
VERTEX
  8
FABBRICATI
 10
   48962.289
 20
   46220.769
 30
0.0
  0
VERTEX
  8
FABBRICATI
 10
   48965.925
 20
   46230.249
 30
0.0
  0
VERTEX
  8
FABBRICATI
 10
   48967.345
 20
   46234.052
 30
0.0
  0
VERTEX
  8
FABBRICATI
 10
   48969.560
 20
   46233.224
 30
0.0
  0
VERTEX
  8
FABBRICATI
 10
   48970.612
 20
   46235.810
 30
0.0
  0
VERTEX
  8
FABBRICATI
 10
   48968.414
 20
   46236.722
 30
0.0
  0
SEQEND
  8
FABBRICATI
  0
TEXT
  8
FABBRICATI
 62
7
 10
   49133.859
 20
   45987.914
 30
0.0
 40
       1.300
  1
179+
 50
       0.000
  0
POLYLINE
  8
FABBRICATI
 66
1
 10
0.0
 20
0.0
 30
0.0
 70
1
  0
VERTEX
  8
FABBRICATI
 10
   49126.571
 20
   45976.808
 30
0.0
  0
VERTEX
  8
FABBRICATI
 10
   49131.280
 20
   45974.713
 30
0.0
  0
VERTEX
  8
FABBRICATI
 10
   49133.882
 20
   45981.177
 30
0.0
  0
VERTEX
  8
FABBRICATI
 10
   49135.167
 20
   45984.355
 30
0.0
  0
VERTEX
  8
FABBRICATI
 10
   49141.177
 20
   45999.223
 30
0.0
  0
VERTEX
  8
FABBRICATI
 10
   49136.541
 20
   46001.191
 30
0.0
  0
VERTEX
  8
FABBRICATI
 10
   49126.571
 20
   45976.808
 30
0.0
  0
SEQEND
  8
FABBRICATI
  0
TEXT
  8
FABBRICATI
 62
7
 10
   49108.457
 20
   45946.012
 30
0.0
 40
       1.300
  1
132+
 50
       0.000
  0
POLYLINE
  8
FABBRICATI
 66
1
 10
0.0
 20
0.0
 30
0.0
 70
1
  0
VERTEX
  8
FABBRICATI
 10
   49095.537
 20
   45945.156
 30
0.0
  0
VERTEX
  8
FABBRICATI
 10
   49096.347
 20
   45944.809
 30
0.0
  0
VERTEX
  8
FABBRICATI
 10
   49101.124
 20
   45942.890
 30
0.0
  0
VERTEX
  8
FABBRICATI
 10
   49115.808
 20
   45937.032
 30
0.0
  0
VERTEX
  8
FABBRICATI
 10
   49117.209
 20
   45936.538
 30
0.0
  0
VERTEX
  8
FABBRICATI
 10
   49121.407
 20
   45946.998
 30
0.0
  0
VERTEX
  8
FABBRICATI
 10
   49120.246
 20
   45947.433
 30
0.0
  0
VERTEX
  8
FABBRICATI
 10
   49114.708
 20
   45949.655
 30
0.0
  0
VERTEX
  8
FABBRICATI
 10
   49102.661
 20
   45954.315
 30
0.0
  0
VERTEX
  8
FABBRICATI
 10
   49103.157
 20
   45955.489
 30
0.0
  0
VERTEX
  8
FABBRICATI
 10
   49100.505
 20
   45956.763
 30
0.0
  0
VERTEX
  8
FABBRICATI
 10
   49095.537
 20
   45945.156
 30
0.0
  0
SEQEND
  8
FABBRICATI
  0
TEXT
  8
FABBRICATI
 62
7
 10
   49163.735
 20
   46112.898
 30
0.0
 40
       1.300
  1
198+
 50
       0.000
  0
POLYLINE
  8
FABBRICATI
 66
1
 10
0.0
 20
0.0
 30
0.0
 70
1
  0
VERTEX
  8
FABBRICATI
 10
   49118.276
 20
   46130.384
 30
0.0
  0
VERTEX
  8
FABBRICATI
 10
   49115.741
 20
   46124.038
 30
0.0
  0
VERTEX
  8
FABBRICATI
 10
   49137.033
 20
   46115.356
 30
0.0
  0
VERTEX
  8
FABBRICATI
 10
   49150.623
 20
   46109.555
 30
0.0
  0
VERTEX
  8
FABBRICATI
 10
   49168.455
 20
   46102.349
 30
0.0
  0
VERTEX
  8
FABBRICATI
 10
   49178.239
 20
   46098.344
 30
0.0
  0
VERTEX
  8
FABBRICATI
 10
   49179.828
 20
   46101.893
 30
0.0
  0
VERTEX
  8
FABBRICATI
 10
   49181.166
 20
   46105.525
 30
0.0
  0
VERTEX
  8
FABBRICATI
 10
   49183.086
 20
   46110.224
 30
0.0
  0
VERTEX
  8
FABBRICATI
 10
   49184.426
 20
   46113.103
 30
0.0
  0
VERTEX
  8
FABBRICATI
 10
   49193.645
 20
   46134.640
 30
0.0
  0
VERTEX
  8
FABBRICATI
 10
   49201.620
 20
   46153.580
 30
0.0
  0
VERTEX
  8
FABBRICATI
 10
   49211.038
 20
   46176.469
 30
0.0
  0
VERTEX
  8
FABBRICATI
 10
   49218.869
 20
   46195.159
 30
0.0
  0
VERTEX
  8
FABBRICATI
 10
   49229.277
 20
   46219.510
 30
0.0
  0
VERTEX
  8
FABBRICATI
 10
   49234.376
 20
   46231.413
 30
0.0
  0
VERTEX
  8
FABBRICATI
 10
   49238.858
 20
   46242.410
 30
0.0
  0
VERTEX
  8
FABBRICATI
 10
   49228.274
 20
   46246.413
 30
0.0
  0
VERTEX
  8
FABBRICATI
 10
   49227.051
 20
   46243.306
 30
0.0
  0
VERTEX
  8
FABBRICATI
 10
   49173.313
 20
   46264.031
 30
0.0
  0
VERTEX
  8
FABBRICATI
 10
   49171.209
 20
   46258.900
 30
0.0
  0
VERTEX
  8
FABBRICATI
 10
   49168.676
 20
   46253.073
 30
0.0
  0
VERTEX
  8
FABBRICATI
 10
   49177.992
 20
   46249.646
 30
0.0
  0
VERTEX
  8
FABBRICATI
 10
   49198.675
 20
   46241.983
 30
0.0
  0
VERTEX
  8
FABBRICATI
 10
   49197.969
 20
   46240.145
 30
0.0
  0
VERTEX
  8
FABBRICATI
 10
   49195.307
 20
   46241.179
 30
0.0
  0
VERTEX
  8
FABBRICATI
 10
   49193.426
 20
   46236.344
 30
0.0
  0
VERTEX
  8
FABBRICATI
 10
   49202.654
 20
   46232.623
 30
0.0
  0
VERTEX
  8
FABBRICATI
 10
   49204.716
 20
   46237.259
 30
0.0
  0
VERTEX
  8
FABBRICATI
 10
   49202.173
 20
   46238.383
 30
0.0
  0
VERTEX
  8
FABBRICATI
 10
   49202.902
 20
   46240.277
 30
0.0
  0
VERTEX
  8
FABBRICATI
 10
   49215.965
 20
   46235.422
 30
0.0
  0
VERTEX
  8
FABBRICATI
 10
   49222.471
 20
   46233.150
 30
0.0
  0
VERTEX
  8
FABBRICATI
 10
   49217.126
 20
   46220.318
 30
0.0
  0
VERTEX
  8
FABBRICATI
 10
   49215.766
 20
   46220.821
 30
0.0
  0
VERTEX
  8
FABBRICATI
 10
   49216.854
 20
   46223.581
 30
0.0
  0
VERTEX
  8
FABBRICATI
 10
   49211.913
 20
   46225.502
 30
0.0
  0
VERTEX
  8
FABBRICATI
 10
   49210.554
 20
   46222.307
 30
0.0
  0
VERTEX
  8
FABBRICATI
 10
   49207.880
 20
   46216.435
 30
0.0
  0
VERTEX
  8
FABBRICATI
 10
   49212.878
 20
   46214.398
 30
0.0
  0
VERTEX
  8
FABBRICATI
 10
   49214.053
 20
   46216.830
 30
0.0
  0
VERTEX
  8
FABBRICATI
 10
   49215.566
 20
   46216.298
 30
0.0
  0
VERTEX
  8
FABBRICATI
 10
   49211.765
 20
   46207.133
 30
0.0
  0
VERTEX
  8
FABBRICATI
 10
   49207.683
 20
   46197.255
 30
0.0
  0
VERTEX
  8
FABBRICATI
 10
   49204.670
 20
   46198.589
 30
0.0
  0
VERTEX
  8
FABBRICATI
 10
   49203.784
 20
   46196.638
 30
0.0
  0
VERTEX
  8
FABBRICATI
 10
   49196.665
 20
   46180.503
 30
0.0
  0
VERTEX
  8
FABBRICATI
 10
   49190.283
 20
   46165.555
 30
0.0
  0
VERTEX
  8
FABBRICATI
 10
   49187.994
 20
   46160.097
 30
0.0
  0
VERTEX
  8
FABBRICATI
 10
   49190.981
 20
   46158.857
 30
0.0
  0
VERTEX
  8
FABBRICATI
 10
   49189.191
 20
   46154.437
 30
0.0
  0
VERTEX
  8
FABBRICATI
 10
   49182.640
 20
   46156.805
 30
0.0
  0
VERTEX
  8
FABBRICATI
 10
   49169.327
 20
   46161.678
 30
0.0
  0
VERTEX
  8
FABBRICATI
 10
   49161.466
 20
   46164.796
 30
0.0
  0
VERTEX
  8
FABBRICATI
 10
   49150.607
 20
   46168.758
 30
0.0
  0
VERTEX
  8
FABBRICATI
 10
   49152.442
 20
   46173.620
 30
0.0
  0
VERTEX
  8
FABBRICATI
 10
   49153.732
 20
   46173.162
 30
0.0
  0
VERTEX
  8
FABBRICATI
 10
   49160.663
 20
   46190.152
 30
0.0
  0
VERTEX
  8
FABBRICATI
 10
   49163.990
 20
   46198.301
 30
0.0
  0
VERTEX
  8
FABBRICATI
 10
   49166.663
 20
   46204.678
 30
0.0
  0
VERTEX
  8
FABBRICATI
 10
   49164.979
 20
   46205.366
 30
0.0
  0
VERTEX
  8
FABBRICATI
 10
   49166.792
 20
   46209.945
 30
0.0
  0
VERTEX
  8
FABBRICATI
 10
   49163.149
 20
   46211.404
 30
0.0
  0
VERTEX
  8
FABBRICATI
 10
   49158.806
 20
   46213.210
 30
0.0
  0
VERTEX
  8
FABBRICATI
 10
   49160.407
 20
   46217.097
 30
0.0
  0
VERTEX
  8
FABBRICATI
 10
   49155.661
 20
   46219.042
 30
0.0
  0
VERTEX
  8
FABBRICATI
 10
   49151.810
 20
   46210.551
 30
0.0
  0
VERTEX
  8
FABBRICATI
 10
   49150.721
 20
   46210.968
 30
0.0
  0
VERTEX
  8
FABBRICATI
 10
   49148.366
 20
   46205.324
 30
0.0
  0
VERTEX
  8
FABBRICATI
 10
   49142.815
 20
   46192.592
 30
0.0
  0
VERTEX
  8
FABBRICATI
 10
   49137.547
 20
   46180.145
 30
0.0
  0
VERTEX
  8
FABBRICATI
 10
   49139.071
 20
   46179.615
 30
0.0
  0
VERTEX
  8
FABBRICATI
 10
   49136.821
 20
   46173.933
 30
0.0
  0
VERTEX
  8
FABBRICATI
 10
   49135.362
 20
   46174.443
 30
0.0
  0
VERTEX
  8
FABBRICATI
 10
   49131.526
 20
   46164.676
 30
0.0
  0
VERTEX
  8
FABBRICATI
 10
   49134.837
 20
   46163.486
 30
0.0
  0
VERTEX
  8
FABBRICATI
 10
   49152.835
 20
   46156.463
 30
0.0
  0
VERTEX
  8
FABBRICATI
 10
   49152.010
 20
   46154.352
 30
0.0
  0
VERTEX
  8
FABBRICATI
 10
   49149.887
 20
   46155.120
 30
0.0
  0
VERTEX
  8
FABBRICATI
 10
   49148.053
 20
   46150.734
 30
0.0
  0
VERTEX
  8
FABBRICATI
 10
   49157.350
 20
   46147.143
 30
0.0
  0
VERTEX
  8
FABBRICATI
 10
   49160.017
 20
   46153.971
 30
0.0
  0
VERTEX
  8
FABBRICATI
 10
   49173.033
 20
   46148.937
 30
0.0
  0
VERTEX
  8
FABBRICATI
 10
   49171.002
 20
   46143.643
 30
0.0
  0
VERTEX
  8
FABBRICATI
 10
   49166.406
 20
   46145.419
 30
0.0
  0
VERTEX
  8
FABBRICATI
 10
   49159.751
 20
   46129.487
 30
0.0
  0
VERTEX
  8
FABBRICATI
 10
   49170.397
 20
   46125.364
 30
0.0
  0
VERTEX
  8
FABBRICATI
 10
   49173.547
 20
   46133.225
 30
0.0
  0
VERTEX
  8
FABBRICATI
 10
   49176.812
 20
   46141.304
 30
0.0
  0
VERTEX
  8
FABBRICATI
 10
   49173.612
 20
   46142.672
 30
0.0
  0
VERTEX
  8
FABBRICATI
 10
   49175.594
 20
   46147.853
 30
0.0
  0
VERTEX
  8
FABBRICATI
 10
   49184.757
 20
   46144.495
 30
0.0
  0
VERTEX
  8
FABBRICATI
 10
   49184.449
 20
   46143.706
 30
0.0
  0
VERTEX
  8
FABBRICATI
 10
   49182.009
 20
   46137.674
 30
0.0
  0
VERTEX
  8
FABBRICATI
 10
   49178.480
 20
   46139.065
 30
0.0
  0
VERTEX
  8
FABBRICATI
 10
   49176.551
 20
   46134.230
 30
0.0
  0
VERTEX
  8
FABBRICATI
 10
   49179.993
 20
   46133.003
 30
0.0
  0
VERTEX
  8
FABBRICATI
 10
   49175.967
 20
   46123.511
 30
0.0
  0
VERTEX
  8
FABBRICATI
 10
   49171.567
 20
   46113.172
 30
0.0
  0
VERTEX
  8
FABBRICATI
 10
   49156.275
 20
   46119.311
 30
0.0
  0
VERTEX
  8
FABBRICATI
 10
   49147.822
 20
   46122.462
 30
0.0
  0
VERTEX
  8
FABBRICATI
 10
   49148.423
 20
   46123.941
 30
0.0
  0
VERTEX
  8
FABBRICATI
 10
   49151.451
 20
   46122.930
 30
0.0
  0
VERTEX
  8
FABBRICATI
 10
   49153.234
 20
   46127.394
 30
0.0
  0
VERTEX
  8
FABBRICATI
 10
   49143.181
 20
   46131.393
 30
0.0
  0
VERTEX
  8
FABBRICATI
 10
   49141.381
 20
   46126.794
 30
0.0
  0
VERTEX
  8
FABBRICATI
 10
   49143.766
 20
   46125.937
 30
0.0
  0
VERTEX
  8
FABBRICATI
 10
   49143.192
 20
   46124.459
 30
0.0
  0
VERTEX
  8
FABBRICATI
 10
   49119.568
 20
   46133.934
 30
0.0
  0
VERTEX
  8
FABBRICATI
 10
   49118.276
 20
   46130.384
 30
0.0
  0
SEQEND
  8
FABBRICATI
  0
TEXT
  8
FABBRICATI
 62
7
 10
   49127.296
 20
   46247.962
 30
0.0
 40
       1.300
  1
175+
 50
       0.000
  0
POLYLINE
  8
FABBRICATI
 66
1
 10
0.0
 20
0.0
 30
0.0
 70
1
  0
VERTEX
  8
FABBRICATI
 10
   49123.813
 20
   46251.945
 30
0.0
  0
VERTEX
  8
FABBRICATI
 10
   49120.635
 20
   46243.255
 30
0.0
  0
VERTEX
  8
FABBRICATI
 10
   49129.234
 20
   46239.832
 30
0.0
  0
VERTEX
  8
FABBRICATI
 10
   49133.488
 20
   46251.354
 30
0.0
  0
VERTEX
  8
FABBRICATI
 10
   49133.827
 20
   46252.340
 30
0.0
  0
VERTEX
  8
FABBRICATI
 10
   49125.429
 20
   46256.098
 30
0.0
  0
VERTEX
  8
FABBRICATI
 10
   49123.813
 20
   46251.945
 30
0.0
  0
SEQEND
  8
FABBRICATI
  0
TEXT
  8
FABBRICATI
 62
7
 10
   49143.325
 20
   46241.179
 30
0.0
 40
       1.300
  1
173+
 50
       0.000
  0
POLYLINE
  8
FABBRICATI
 66
1
 10
0.0
 20
0.0
 30
0.0
 70
1
  0
VERTEX
  8
FABBRICATI
 10
   49141.635
 20
   46248.763
 30
0.0
  0
VERTEX
  8
FABBRICATI
 10
   49136.635
 20
   46237.017
 30
0.0
  0
VERTEX
  8
FABBRICATI
 10
   49145.000
 20
   46233.623
 30
0.0
  0
VERTEX
  8
FABBRICATI
 10
   49149.924
 20
   46245.096
 30
0.0
  0
VERTEX
  8
FABBRICATI
 10
   49141.635
 20
   46248.763
 30
0.0
  0
SEQEND
  8
FABBRICATI
  0
TEXT
  8
FABBRICATI
 62
7
 10
   49231.659
 20
   46320.126
 30
0.0
 40
       1.300
  1
191+
 50
       0.000
  0
POLYLINE
  8
FABBRICATI
 66
1
 10
0.0
 20
0.0
 30
0.0
 70
1
  0
VERTEX
  8
FABBRICATI
 10
   49226.326
 20
   46318.501
 30
0.0
  0
VERTEX
  8
FABBRICATI
 10
   49224.409
 20
   46315.114
 30
0.0
  0
VERTEX
  8
FABBRICATI
 10
   49233.174
 20
   46311.445
 30
0.0
  0
VERTEX
  8
FABBRICATI
 10
   49240.618
 20
   46323.258
 30
0.0
  0
VERTEX
  8
FABBRICATI
 10
   49237.846
 20
   46325.075
 30
0.0
  0
VERTEX
  8
FABBRICATI
 10
   49231.101
 20
   46329.437
 30
0.0
  0
VERTEX
  8
FABBRICATI
 10
   49224.510
 20
   46319.887
 30
0.0
  0
VERTEX
  8
FABBRICATI
 10
   49226.326
 20
   46318.501
 30
0.0
  0
SEQEND
  8
FABBRICATI
  0
TEXT
  8
FABBRICATI
 62
7
 10
   48989.835
 20
   46326.820
 30
0.0
 40
       1.300
  1
651+
 50
       0.000
  0
POLYLINE
  8
FABBRICATI
 66
1
 10
0.0
 20
0.0
 30
0.0
 70
1
  0
VERTEX
  8
FABBRICATI
 10
   48989.263
 20
   46329.361
 30
0.0
  0
VERTEX
  8
FABBRICATI
 10
   48987.382
 20
   46326.510
 30
0.0
  0
VERTEX
  8
FABBRICATI
 10
   48990.357
 20
   46324.365
 30
0.0
  0
VERTEX
  8
FABBRICATI
 10
   48992.405
 20
   46327.278
 30
0.0
  0
VERTEX
  8
FABBRICATI
 10
   48989.263
 20
   46329.361
 30
0.0
  0
SEQEND
  8
FABBRICATI
  0
TEXT
  8
FABBRICATI
 62
7
 10
   48803.872
 20
   46321.506
 30
0.0
 40
       1.300
  1
77+
 50
       0.000
  0
POLYLINE
  8
FABBRICATI
 66
1
 10
0.0
 20
0.0
 30
0.0
 70
1
  0
VERTEX
  8
FABBRICATI
 10
   48798.887
 20
   46326.253
 30
0.0
  0
VERTEX
  8
FABBRICATI
 10
   48802.573
 20
   46314.804
 30
0.0
  0
VERTEX
  8
FABBRICATI
 10
   48808.770
 20
   46316.843
 30
0.0
  0
VERTEX
  8
FABBRICATI
 10
   48805.246
 20
   46328.236
 30
0.0
  0
VERTEX
  8
FABBRICATI
 10
   48798.887
 20
   46326.253
 30
0.0
  0
SEQEND
  8
FABBRICATI
  0
TEXT
  8
FABBRICATI
 62
7
 10
   48990.065
 20
   46317.500
 30
0.0
 40
       1.300
  1
126+
 50
       0.000
  0
POLYLINE
  8
FABBRICATI
 66
1
 10
0.0
 20
0.0
 30
0.0
 70
1
  0
VERTEX
  8
FABBRICATI
 10
   48988.549
 20
   46322.943
 30
0.0
  0
VERTEX
  8
FABBRICATI
 10
   48982.855
 20
   46315.016
 30
0.0
  0
VERTEX
  8
FABBRICATI
 10
   48990.567
 20
   46309.926
 30
0.0
  0
VERTEX
  8
FABBRICATI
 10
   48993.824
 20
   46314.887
 30
0.0
  0
VERTEX
  8
FABBRICATI
 10
   48996.396
 20
   46318.913
 30
0.0
  0
VERTEX
  8
FABBRICATI
 10
   48997.042
 20
   46319.659
 30
0.0
  0
VERTEX
  8
FABBRICATI
 10
   48990.357
 20
   46324.365
 30
0.0
  0
VERTEX
  8
FABBRICATI
 10
   48987.382
 20
   46326.510
 30
0.0
  0
VERTEX
  8
FABBRICATI
 10
   48986.059
 20
   46324.661
 30
0.0
  0
VERTEX
  8
FABBRICATI
 10
   48988.549
 20
   46322.943
 30
0.0
  0
SEQEND
  8
FABBRICATI
  0
TEXT
  8
FABBRICATI
 62
7
 10
   49042.207
 20
   45877.497
 30
0.0
 40
       1.300
  1
825+
 50
       0.000
  0
POLYLINE
  8
FABBRICATI
 66
1
 10
0.0
 20
0.0
 30
0.0
 70
1
  0
VERTEX
  8
FABBRICATI
 10
   49036.978
 20
   45881.308
 30
0.0
  0
VERTEX
  8
FABBRICATI
 10
   49035.659
 20
   45878.187
 30
0.0
  0
VERTEX
  8
FABBRICATI
 10
   49047.075
 20
   45874.104
 30
0.0
  0
VERTEX
  8
FABBRICATI
 10
   49048.022
 20
   45873.908
 30
0.0
  0
VERTEX
  8
FABBRICATI
 10
   49049.112
 20
   45876.608
 30
0.0
  0
VERTEX
  8
FABBRICATI
 10
   49036.978
 20
   45881.308
 30
0.0
  0
SEQEND
  8
FABBRICATI
  0
TEXT
  8
FABBRICATI
 62
7
 10
   49038.912
 20
   45918.882
 30
0.0
 40
       1.300
  1
810+
 50
       0.000
  0
POLYLINE
  8
FABBRICATI
 66
1
 10
0.0
 20
0.0
 30
0.0
 70
1
  0
VERTEX
  8
FABBRICATI
 10
   49037.065
 20
   45922.495
 30
0.0
  0
VERTEX
  8
FABBRICATI
 10
   49033.635
 20
   45914.772
 30
0.0
  0
VERTEX
  8
FABBRICATI
 10
   49039.402
 20
   45912.092
 30
0.0
  0
VERTEX
  8
FABBRICATI
 10
   49044.230
 20
   45923.163
 30
0.0
  0
VERTEX
  8
FABBRICATI
 10
   49038.471
 20
   45925.656
 30
0.0
  0
VERTEX
  8
FABBRICATI
 10
   49037.065
 20
   45922.495
 30
0.0
  0
SEQEND
  8
FABBRICATI
  0
TEXT
  8
FABBRICATI
 62
7
 10
   49058.019
 20
   45884.998
 30
0.0
 40
       1.300
  1
826+
 50
       0.000
  0
POLYLINE
  8
FABBRICATI
 66
1
 10
0.0
 20
0.0
 30
0.0
 70
1
  0
VERTEX
  8
FABBRICATI
 10
   49049.611
 20
   45873.166
 30
0.0
  0
VERTEX
  8
FABBRICATI
 10
   49052.291
 20
   45872.232
 30
0.0
  0
VERTEX
  8
FABBRICATI
 10
   49054.606
 20
   45871.581
 30
0.0
  0
VERTEX
  8
FABBRICATI
 10
   49059.366
 20
   45881.642
 30
0.0
  0
VERTEX
  8
FABBRICATI
 10
   49063.374
 20
   45890.146
 30
0.0
  0
VERTEX
  8
FABBRICATI
 10
   49066.288
 20
   45896.425
 30
0.0
  0
VERTEX
  8
FABBRICATI
 10
   49061.186
 20
   45898.644
 30
0.0
  0
VERTEX
  8
FABBRICATI
 10
   49057.753
 20
   45890.913
 30
0.0
  0
VERTEX
  8
FABBRICATI
 10
   49053.799
 20
   45882.132
 30
0.0
  0
VERTEX
  8
FABBRICATI
 10
   49049.611
 20
   45873.166
 30
0.0
  0
SEQEND
  8
FABBRICATI
  0
TEXT
  8
FABBRICATI
 62
7
 10
   49041.682
 20
   45888.549
 30
0.0
 40
       1.300
  1
824+
 50
       0.000
  0
POLYLINE
  8
FABBRICATI
 66
1
 10
0.0
 20
0.0
 30
0.0
 70
1
  0
VERTEX
  8
FABBRICATI
 10
   49037.830
 20
   45887.183
 30
0.0
  0
VERTEX
  8
FABBRICATI
 10
   49036.548
 20
   45884.127
 30
0.0
  0
VERTEX
  8
FABBRICATI
 10
   49037.886
 20
   45883.671
 30
0.0
  0
VERTEX
  8
FABBRICATI
 10
   49043.324
 20
   45881.615
 30
0.0
  0
VERTEX
  8
FABBRICATI
 10
   49045.414
 20
   45886.861
 30
0.0
  0
VERTEX
  8
FABBRICATI
 10
   49044.456
 20
   45887.254
 30
0.0
  0
VERTEX
  8
FABBRICATI
 10
   49046.636
 20
   45892.908
 30
0.0
  0
VERTEX
  8
FABBRICATI
 10
   49041.148
 20
   45894.996
 30
0.0
  0
VERTEX
  8
FABBRICATI
 10
   49037.830
 20
   45887.183
 30
0.0
  0
SEQEND
  8
FABBRICATI
  0
TEXT
  8
FABBRICATI
 62
7
 10
   48796.943
 20
   46608.199
 30
0.0
 40
       1.300
  1
1+
 50
       0.000
  0
POLYLINE
  8
FABBRICATI
 66
1
 10
0.0
 20
0.0
 30
0.0
 70
1
  0
VERTEX
  8
FABBRICATI
 10
   48791.490
 20
   46621.711
 30
0.0
  0
VERTEX
  8
FABBRICATI
 10
   48781.993
 20
   46608.041
 30
0.0
  0
VERTEX
  8
FABBRICATI
 10
   48802.520
 20
   46594.634
 30
0.0
  0
VERTEX
  8
FABBRICATI
 10
   48808.079
 20
   46602.530
 30
0.0
  0
VERTEX
  8
FABBRICATI
 10
   48811.876
 20
   46608.268
 30
0.0
  0
VERTEX
  8
FABBRICATI
 10
   48807.597
 20
   46611.081
 30
0.0
  0
VERTEX
  8
FABBRICATI
 10
   48805.560
 20
   46612.443
 30
0.0
  0
VERTEX
  8
FABBRICATI
 10
   48805.104
 20
   46612.718
 30
0.0
  0
VERTEX
  8
FABBRICATI
 10
   48791.490
 20
   46621.711
 30
0.0
  0
SEQEND
  8
FABBRICATI
  0
TEXT
  8
FABBRICATI
 62
7
 10
   48843.357
 20
   46575.594
 30
0.0
 40
       1.300
  1
11+
 50
       0.000
  0
POLYLINE
  8
FABBRICATI
 66
1
 10
0.0
 20
0.0
 30
0.0
 70
1
  0
VERTEX
  8
FABBRICATI
 10
   48828.730
 20
   46573.580
 30
0.0
  0
VERTEX
  8
FABBRICATI
 10
   48834.570
 20
   46569.703
 30
0.0
  0
VERTEX
  8
FABBRICATI
 10
   48846.780
 20
   46561.466
 30
0.0
  0
VERTEX
  8
FABBRICATI
 10
   48854.795
 20
   46572.912
 30
0.0
  0
VERTEX
  8
FABBRICATI
 10
   48858.197
 20
   46577.872
 30
0.0
  0
VERTEX
  8
FABBRICATI
 10
   48853.047
 20
   46581.231
 30
0.0
  0
VERTEX
  8
FABBRICATI
 10
   48839.691
 20
   46589.953
 30
0.0
  0
VERTEX
  8
FABBRICATI
 10
   48828.730
 20
   46573.580
 30
0.0
  0
SEQEND
  8
FABBRICATI
  0
TEXT
  8
FABBRICATI
 62
7
 10
   48877.403
 20
   46561.524
 30
0.0
 40
       1.300
  1
861+
 50
       0.000
  0
POLYLINE
  8
FABBRICATI
 66
1
 10
0.0
 20
0.0
 30
0.0
 70
1
  0
VERTEX
  8
FABBRICATI
 10
   48874.593
 20
   46561.537
 30
0.0
  0
VERTEX
  8
FABBRICATI
 10
   48876.978
 20
   46559.837
 30
0.0
  0
VERTEX
  8
FABBRICATI
 10
   48876.288
 20
   46558.731
 30
0.0
  0
VERTEX
  8
FABBRICATI
 10
   48877.623
 20
   46557.767
 30
0.0
  0
VERTEX
  8
FABBRICATI
 10
   48881.068
 20
   46562.867
 30
0.0
  0
VERTEX
  8
FABBRICATI
 10
   48877.128
 20
   46565.379
 30
0.0
  0
VERTEX
  8
FABBRICATI
 10
   48874.593
 20
   46561.537
 30
0.0
  0
SEQEND
  8
FABBRICATI
  0
TEXT
  8
FABBRICATI
 62
7
 10
   48835.441
 20
   46552.838
 30
0.0
 40
       1.300
  1
19+
 50
       0.000
  0
POLYLINE
  8
FABBRICATI
 66
1
 10
0.0
 20
0.0
 30
0.0
 70
1
  0
VERTEX
  8
FABBRICATI
 10
   48831.457
 20
   46552.092
 30
0.0
  0
VERTEX
  8
FABBRICATI
 10
   48828.660
 20
   46548.138
 30
0.0
  0
VERTEX
  8
FABBRICATI
 10
   48833.684
 20
   46545.100
 30
0.0
  0
VERTEX
  8
FABBRICATI
 10
   48842.248
 20
   46557.762
 30
0.0
  0
VERTEX
  8
FABBRICATI
 10
   48837.495
 20
   46560.951
 30
0.0
  0
VERTEX
  8
FABBRICATI
 10
   48831.457
 20
   46552.092
 30
0.0
  0
SEQEND
  8
FABBRICATI
  0
TEXT
  8
FABBRICATI
 62
7
 10
   48758.234
 20
   46433.019
 30
0.0
 40
       1.300
  1
330+
 50
       0.000
  0
POLYLINE
  8
FABBRICATI
 66
1
 10
0.0
 20
0.0
 30
0.0
 70
1
  0
VERTEX
  8
FABBRICATI
 10
   48755.544
 20
   46430.984
 30
0.0
  0
VERTEX
  8
FABBRICATI
 10
   48761.951
 20
   46431.153
 30
0.0
  0
VERTEX
  8
FABBRICATI
 10
   48761.785
 20
   46432.365
 30
0.0
  0
VERTEX
  8
FABBRICATI
 10
   48761.380
 20
   46435.251
 30
0.0
  0
VERTEX
  8
FABBRICATI
 10
   48754.139
 20
   46434.675
 30
0.0
  0
VERTEX
  8
FABBRICATI
 10
   48755.544
 20
   46430.984
 30
0.0
  0
SEQEND
  8
FABBRICATI
  0
TEXT
  8
FABBRICATI
 62
7
 10
   48811.437
 20
   46426.758
 30
0.0
 40
       1.300
  1
56+
 50
       0.000
  0
POLYLINE
  8
FABBRICATI
 66
1
 10
0.0
 20
0.0
 30
0.0
 70
1
  0
VERTEX
  8
FABBRICATI
 10
   48804.631
 20
   46428.635
 30
0.0
  0
VERTEX
  8
FABBRICATI
 10
   48805.013
 20
   46424.634
 30
0.0
  0
VERTEX
  8
FABBRICATI
 10
   48809.972
 20
   46424.720
 30
0.0
  0
VERTEX
  8
FABBRICATI
 10
   48818.321
 20
   46424.674
 30
0.0
  0
VERTEX
  8
FABBRICATI
 10
   48817.811
 20
   46428.833
 30
0.0
  0
VERTEX
  8
FABBRICATI
 10
   48805.712
 20
   46428.779
 30
0.0
  0
VERTEX
  8
FABBRICATI
 10
   48804.631
 20
   46428.635
 30
0.0
  0
SEQEND
  8
FABBRICATI
  0
TEXT
  8
FABBRICATI
 62
7
 10
   49212.258
 20
   46284.040
 30
0.0
 40
       1.300
  1
197+
 50
       0.000
  0
POLYLINE
  8
FABBRICATI
 66
1
 10
0.0
 20
0.0
 30
0.0
 70
1
  0
VERTEX
  8
FABBRICATI
 10
   49202.810
 20
   46295.065
 30
0.0
  0
VERTEX
  8
FABBRICATI
 10
   49197.988
 20
   46282.799
 30
0.0
  0
VERTEX
  8
FABBRICATI
 10
   49223.281
 20
   46272.519
 30
0.0
  0
VERTEX
  8
FABBRICATI
 10
   49226.256
 20
   46284.888
 30
0.0
  0
VERTEX
  8
FABBRICATI
 10
   49202.810
 20
   46295.065
 30
0.0
  0
SEQEND
  8
FABBRICATI
  0
TEXT
  8
FABBRICATI
 62
7
 10
   49110.200
 20
   46161.648
 30
0.0
 40
       1.300
  1
274+
 50
       0.000
  0
POLYLINE
  8
FABBRICATI
 66
1
 10
0.0
 20
0.0
 30
0.0
 70
1
  0
VERTEX
  8
FABBRICATI
 10
   49121.474
 20
   46178.840
 30
0.0
  0
VERTEX
  8
FABBRICATI
 10
   49113.180
 20
   46182.246
 30
0.0
  0
VERTEX
  8
FABBRICATI
 10
   49113.154
 20
   46182.257
 30
0.0
  0
VERTEX
  8
FABBRICATI
 10
   49110.219
 20
   46183.473
 30
0.0
  0
VERTEX
  8
FABBRICATI
 10
   49109.003
 20
   46180.422
 30
0.0
  0
VERTEX
  8
FABBRICATI
 10
   49111.965
 20
   46179.101
 30
0.0
  0
VERTEX
  8
FABBRICATI
 10
   49111.163
 20
   46177.007
 30
0.0
  0
VERTEX
  8
FABBRICATI
 10
   49111.071
 20
   46177.047
 30
0.0
  0
VERTEX
  8
FABBRICATI
 10
   49108.179
 20
   46178.256
 30
0.0
  0
VERTEX
  8
FABBRICATI
 10
   49107.475
 20
   46176.329
 30
0.0
  0
VERTEX
  8
FABBRICATI
 10
   49110.413
 20
   46175.050
 30
0.0
  0
VERTEX
  8
FABBRICATI
 10
   49109.633
 20
   46172.900
 30
0.0
  0
VERTEX
  8
FABBRICATI
 10
   49108.626
 20
   46170.322
 30
0.0
  0
VERTEX
  8
FABBRICATI
 10
   49105.767
 20
   46171.571
 30
0.0
  0
VERTEX
  8
FABBRICATI
 10
   49105.684
 20
   46171.587
 30
0.0
  0
VERTEX
  8
FABBRICATI
 10
   49105.090
 20
   46170.058
 30
0.0
  0
VERTEX
  8
FABBRICATI
 10
   49104.248
 20
   46167.650
 30
0.0
  0
VERTEX
  8
FABBRICATI
 10
   49107.128
 20
   46166.427
 30
0.0
  0
VERTEX
  8
FABBRICATI
 10
   49106.012
 20
   46163.484
 30
0.0
  0
VERTEX
  8
FABBRICATI
 10
   49105.023
 20
   46160.728
 30
0.0
  0
VERTEX
  8
FABBRICATI
 10
   49103.520
 20
   46161.396
 30
0.0
  0
VERTEX
  8
FABBRICATI
 10
   49104.237
 20
   46163.316
 30
0.0
  0
VERTEX
  8
FABBRICATI
 10
   49102.822
 20
   46163.901
 30
0.0
  0
VERTEX
  8
FABBRICATI
 10
   49101.923
 20
   46161.494
 30
0.0
  0
VERTEX
  8
FABBRICATI
 10
   49101.397
 20
   46160.146
 30
0.0
  0
VERTEX
  8
FABBRICATI
 10
   49104.298
 20
   46158.895
 30
0.0
  0
VERTEX
  8
FABBRICATI
 10
   49102.670
 20
   46154.672
 30
0.0
  0
VERTEX
  8
FABBRICATI
 10
   49098.930
 20
   46144.732
 30
0.0
  0
VERTEX
  8
FABBRICATI
 10
   49107.377
 20
   46141.374
 30
0.0
  0
VERTEX
  8
FABBRICATI
 10
   49110.081
 20
   46140.331
 30
0.0
  0
VERTEX
  8
FABBRICATI
 10
   49111.467
 20
   46143.992
 30
0.0
  0
VERTEX
  8
FABBRICATI
 10
   49108.774
 20
   46145.060
 30
0.0
  0
VERTEX
  8
FABBRICATI
 10
   49114.357
 20
   46159.807
 30
0.0
  0
VERTEX
  8
FABBRICATI
 10
   49121.474
 20
   46178.840
 30
0.0
  0
SEQEND
  8
FABBRICATI
  0
TEXT
  8
FABBRICATI
 62
7
 10
   49083.086
 20
   46225.773
 30
0.0
 40
       1.300
  1
163+
 50
       0.000
  0
POLYLINE
  8
FABBRICATI
 66
1
 10
0.0
 20
0.0
 30
0.0
 70
1
  0
VERTEX
  8
FABBRICATI
 10
   49083.208
 20
   46212.736
 30
0.0
  0
VERTEX
  8
FABBRICATI
 10
   49085.488
 20
   46211.800
 30
0.0
  0
VERTEX
  8
FABBRICATI
 10
   49086.441
 20
   46214.089
 30
0.0
  0
VERTEX
  8
FABBRICATI
 10
   49084.087
 20
   46215.061
 30
0.0
  0
VERTEX
  8
FABBRICATI
 10
   49085.042
 20
   46217.525
 30
0.0
  0
VERTEX
  8
FABBRICATI
 10
   49087.092
 20
   46223.032
 30
0.0
  0
VERTEX
  8
FABBRICATI
 10
   49089.327
 20
   46228.734
 30
0.0
  0
VERTEX
  8
FABBRICATI
 10
   49090.091
 20
   46230.640
 30
0.0
  0
VERTEX
  8
FABBRICATI
 10
   49093.011
 20
   46229.441
 30
0.0
  0
VERTEX
  8
FABBRICATI
 10
   49093.955
 20
   46231.713
 30
0.0
  0
VERTEX
  8
FABBRICATI
 10
   49094.404
 20
   46232.909
 30
0.0
  0
VERTEX
  8
FABBRICATI
 10
   49091.444
 20
   46234.082
 30
0.0
  0
VERTEX
  8
FABBRICATI
 10
   49093.103
 20
   46238.114
 30
0.0
  0
VERTEX
  8
FABBRICATI
 10
   49095.244
 20
   46243.204
 30
0.0
  0
VERTEX
  8
FABBRICATI
 10
   49086.356
 20
   46246.673
 30
0.0
  0
VERTEX
  8
FABBRICATI
 10
   49081.760
 20
   46235.176
 30
0.0
  0
VERTEX
  8
FABBRICATI
 10
   49075.835
 20
   46220.335
 30
0.0
  0
VERTEX
  8
FABBRICATI
 10
   49071.400
 20
   46208.981
 30
0.0
  0
VERTEX
  8
FABBRICATI
 10
   49080.449
 20
   46205.615
 30
0.0
  0
VERTEX
  8
FABBRICATI
 10
   49082.831
 20
   46211.805
 30
0.0
  0
VERTEX
  8
FABBRICATI
 10
   49083.208
 20
   46212.736
 30
0.0
  0
SEQEND
  8
FABBRICATI
  0
TEXT
  8
FABBRICATI
 62
7
 10
   48787.204
 20
   46434.934
 30
0.0
 40
       1.300
  1
46+
 50
       0.000
  0
POLYLINE
  8
FABBRICATI
 66
1
 10
0.0
 20
0.0
 30
0.0
 70
1
  0
VERTEX
  8
FABBRICATI
 10
   48788.078
 20
   46446.304
 30
0.0
  0
VERTEX
  8
FABBRICATI
 10
   48786.607
 20
   46446.137
 30
0.0
  0
VERTEX
  8
FABBRICATI
 10
   48787.463
 20
   46437.437
 30
0.0
  0
VERTEX
  8
FABBRICATI
 10
   48779.966
 20
   46437.271
 30
0.0
  0
VERTEX
  8
FABBRICATI
 10
   48780.886
 20
   46432.186
 30
0.0
  0
VERTEX
  8
FABBRICATI
 10
   48781.584
 20
   46432.275
 30
0.0
  0
VERTEX
  8
FABBRICATI
 10
   48786.997
 20
   46432.437
 30
0.0
  0
VERTEX
  8
FABBRICATI
 10
   48794.139
 20
   46432.545
 30
0.0
  0
VERTEX
  8
FABBRICATI
 10
   48794.051
 20
   46434.469
 30
0.0
  0
VERTEX
  8
FABBRICATI
 10
   48793.091
 20
   46446.872
 30
0.0
  0
VERTEX
  8
FABBRICATI
 10
   48792.975
 20
   46448.401
 30
0.0
  0
VERTEX
  8
FABBRICATI
 10
   48791.552
 20
   46448.243
 30
0.0
  0
VERTEX
  8
FABBRICATI
 10
   48791.534
 20
   46448.390
 30
0.0
  0
VERTEX
  8
FABBRICATI
 10
   48787.866
 20
   46447.970
 30
0.0
  0
VERTEX
  8
FABBRICATI
 10
   48788.078
 20
   46446.304
 30
0.0
  0
SEQEND
  8
FABBRICATI
  0
TEXT
  8
FABBRICATI
 62
7
 10
   49114.721
 20
   46266.890
 30
0.0
 40
       1.300
  1
270+
 50
       0.000
  0
POLYLINE
  8
FABBRICATI
 66
1
 10
0.0
 20
0.0
 30
0.0
 70
1
  0
VERTEX
  8
FABBRICATI
 10
   49109.569
 20
   46263.706
 30
0.0
  0
VERTEX
  8
FABBRICATI
 10
   49107.827
 20
   46259.365
 30
0.0
  0
VERTEX
  8
FABBRICATI
 10
   49107.527
 20
   46258.541
 30
0.0
  0
VERTEX
  8
FABBRICATI
 10
   49105.816
 20
   46259.242
 30
0.0
  0
VERTEX
  8
FABBRICATI
 10
   49104.934
 20
   46257.096
 30
0.0
  0
VERTEX
  8
FABBRICATI
 10
   49106.611
 20
   46256.428
 30
0.0
  0
VERTEX
  8
FABBRICATI
 10
   49103.729
 20
   46249.439
 30
0.0
  0
VERTEX
  8
FABBRICATI
 10
   49113.213
 20
   46245.768
 30
0.0
  0
VERTEX
  8
FABBRICATI
 10
   49116.805
 20
   46255.177
 30
0.0
  0
VERTEX
  8
FABBRICATI
 10
   49123.422
 20
   46271.826
 30
0.0
  0
VERTEX
  8
FABBRICATI
 10
   49127.659
 20
   46282.644
 30
0.0
  0
VERTEX
  8
FABBRICATI
 10
   49118.545
 20
   46286.261
 30
0.0
  0
VERTEX
  8
FABBRICATI
 10
   49116.502
 20
   46280.955
 30
0.0
  0
VERTEX
  8
FABBRICATI
 10
   49114.644
 20
   46281.689
 30
0.0
  0
VERTEX
  8
FABBRICATI
 10
   49113.639
 20
   46279.204
 30
0.0
  0
VERTEX
  8
FABBRICATI
 10
   49115.502
 20
   46278.471
 30
0.0
  0
VERTEX
  8
FABBRICATI
 10
   49115.260
 20
   46277.816
 30
0.0
  0
VERTEX
  8
FABBRICATI
 10
   49113.345
 20
   46273.079
 30
0.0
  0
VERTEX
  8
FABBRICATI
 10
   49111.636
 20
   46268.851
 30
0.0
  0
VERTEX
  8
FABBRICATI
 10
   49109.175
 20
   46269.846
 30
0.0
  0
VERTEX
  8
FABBRICATI
 10
   49108.951
 20
   46269.295
 30
0.0
  0
VERTEX
  8
FABBRICATI
 10
   49107.091
 20
   46264.674
 30
0.0
  0
VERTEX
  8
FABBRICATI
 10
   49109.569
 20
   46263.706
 30
0.0
  0
SEQEND
  8
FABBRICATI
  0
TEXT
  8
FABBRICATI
 62
7
 10
   48797.842
 20
   46440.947
 30
0.0
 40
       1.300
  1
45+
 50
       0.000
  0
POLYLINE
  8
FABBRICATI
 66
1
 10
0.0
 20
0.0
 30
0.0
 70
1
  0
VERTEX
  8
FABBRICATI
 10
   48797.462
 20
   46447.370
 30
0.0
  0
VERTEX
  8
FABBRICATI
 10
   48797.321
 20
   46448.395
 30
0.0
  0
VERTEX
  8
FABBRICATI
 10
   48795.705
 20
   46448.316
 30
0.0
  0
VERTEX
  8
FABBRICATI
 10
   48795.700
 20
   46448.426
 30
0.0
  0
VERTEX
  8
FABBRICATI
 10
   48793.771
 20
   46448.273
 30
0.0
  0
VERTEX
  8
FABBRICATI
 10
   48793.744
 20
   46448.490
 30
0.0
  0
VERTEX
  8
FABBRICATI
 10
   48792.975
 20
   46448.401
 30
0.0
  0
VERTEX
  8
FABBRICATI
 10
   48793.091
 20
   46446.872
 30
0.0
  0
VERTEX
  8
FABBRICATI
 10
   48794.051
 20
   46434.469
 30
0.0
  0
VERTEX
  8
FABBRICATI
 10
   48802.818
 20
   46434.490
 30
0.0
  0
VERTEX
  8
FABBRICATI
 10
   48801.409
 20
   46447.820
 30
0.0
  0
VERTEX
  8
FABBRICATI
 10
   48797.462
 20
   46447.370
 30
0.0
  0
SEQEND
  8
FABBRICATI
  0
TEXT
  8
FABBRICATI
 62
7
 10
   49047.185
 20
   46182.661
 30
0.0
 40
       1.300
  1
269+
 50
       0.000
  0
POLYLINE
  8
FABBRICATI
 66
1
 10
0.0
 20
0.0
 30
0.0
 70
1
  0
VERTEX
  8
FABBRICATI
 10
   49040.293
 20
   46178.538
 30
0.0
  0
VERTEX
  8
FABBRICATI
 10
   49037.595
 20
   46179.590
 30
0.0
  0
VERTEX
  8
FABBRICATI
 10
   49037.504
 20
   46179.333
 30
0.0
  0
VERTEX
  8
FABBRICATI
 10
   49036.637
 20
   46176.917
 30
0.0
  0
VERTEX
  8
FABBRICATI
 10
   49039.296
 20
   46175.873
 30
0.0
  0
VERTEX
  8
FABBRICATI
 10
   49036.823
 20
   46169.255
 30
0.0
  0
VERTEX
  8
FABBRICATI
 10
   49046.502
 20
   46165.528
 30
0.0
  0
VERTEX
  8
FABBRICATI
 10
   49048.646
 20
   46171.692
 30
0.0
  0
VERTEX
  8
FABBRICATI
 10
   49053.645
 20
   46185.780
 30
0.0
  0
VERTEX
  8
FABBRICATI
 10
   49057.917
 20
   46197.792
 30
0.0
  0
VERTEX
  8
FABBRICATI
 10
   49048.748
 20
   46201.270
 30
0.0
  0
VERTEX
  8
FABBRICATI
 10
   49046.919
 20
   46196.449
 30
0.0
  0
VERTEX
  8
FABBRICATI
 10
   49045.333
 20
   46192.088
 30
0.0
  0
VERTEX
  8
FABBRICATI
 10
   49042.483
 20
   46193.197
 30
0.0
  0
VERTEX
  8
FABBRICATI
 10
   49041.604
 20
   46190.708
 30
0.0
  0
VERTEX
  8
FABBRICATI
 10
   49044.369
 20
   46189.562
 30
0.0
  0
VERTEX
  8
FABBRICATI
 10
   49043.641
 20
   46187.508
 30
0.0
  0
VERTEX
  8
FABBRICATI
 10
   49040.293
 20
   46178.538
 30
0.0
  0
SEQEND
  8
FABBRICATI
  0
TEXT
  8
FABBRICATI
 62
7
 10
   48878.434
 20
   46371.304
 30
0.0
 40
       1.300
  1
96+
 50
       0.000
  0
POLYLINE
  8
FABBRICATI
 66
1
 10
0.0
 20
0.0
 30
0.0
 70
1
  0
VERTEX
  8
FABBRICATI
 10
   48868.122
 20
   46378.155
 30
0.0
  0
VERTEX
  8
FABBRICATI
 10
   48867.971
 20
   46374.172
 30
0.0
  0
VERTEX
  8
FABBRICATI
 10
   48873.880
 20
   46373.114
 30
0.0
  0
VERTEX
  8
FABBRICATI
 10
   48873.513
 20
   46369.517
 30
0.0
  0
VERTEX
  8
FABBRICATI
 10
   48869.783
 20
   46370.093
 30
0.0
  0
VERTEX
  8
FABBRICATI
 10
   48869.276
 20
   46366.538
 30
0.0
  0
VERTEX
  8
FABBRICATI
 10
   48880.764
 20
   46365.224
 30
0.0
  0
VERTEX
  8
FABBRICATI
 10
   48882.294
 20
   46365.094
 30
0.0
  0
VERTEX
  8
FABBRICATI
 10
   48883.759
 20
   46375.462
 30
0.0
  0
VERTEX
  8
FABBRICATI
 10
   48880.191
 20
   46376.048
 30
0.0
  0
VERTEX
  8
FABBRICATI
 10
   48875.024
 20
   46376.943
 30
0.0
  0
VERTEX
  8
FABBRICATI
 10
   48873.051
 20
   46377.223
 30
0.0
  0
VERTEX
  8
FABBRICATI
 10
   48868.122
 20
   46378.155
 30
0.0
  0
SEQEND
  8
FABBRICATI
  0
TEXT
  8
FABBRICATI
 62
7
 10
   48828.070
 20
   46380.342
 30
0.0
 40
       1.300
  1
64+
 50
       0.000
  0
POLYLINE
  8
FABBRICATI
 66
1
 10
0.0
 20
0.0
 30
0.0
 70
1
  0
VERTEX
  8
FABBRICATI
 10
   48821.886
 20
   46384.634
 30
0.0
  0
VERTEX
  8
FABBRICATI
 10
   48824.313
 20
   46373.948
 30
0.0
  0
VERTEX
  8
FABBRICATI
 10
   48834.027
 20
   46376.900
 30
0.0
  0
VERTEX
  8
FABBRICATI
 10
   48833.447
 20
   46379.531
 30
0.0
  0
VERTEX
  8
FABBRICATI
 10
   48832.146
 20
   46385.825
 30
0.0
  0
VERTEX
  8
FABBRICATI
 10
   48828.727
 20
   46385.747
 30
0.0
  0
VERTEX
  8
FABBRICATI
 10
   48828.358
 20
   46385.687
 30
0.0
  0
VERTEX
  8
FABBRICATI
 10
   48821.886
 20
   46384.634
 30
0.0
  0
SEQEND
  8
FABBRICATI
  0
TEXT
  8
FABBRICATI
 62
7
 10
   48861.115
 20
   46404.634
 30
0.0
 40
       1.300
  1
84+
 50
       0.000
  0
POLYLINE
  8
FABBRICATI
 66
1
 10
0.0
 20
0.0
 30
0.0
 70
1
  0
VERTEX
  8
FABBRICATI
 10
   48854.833
 20
   46410.190
 30
0.0
  0
VERTEX
  8
FABBRICATI
 10
   48854.879
 20
   46401.089
 30
0.0
  0
VERTEX
  8
FABBRICATI
 10
   48867.056
 20
   46399.372
 30
0.0
  0
VERTEX
  8
FABBRICATI
 10
   48867.340
 20
   46403.328
 30
0.0
  0
VERTEX
  8
FABBRICATI
 10
   48867.400
 20
   46406.089
 30
0.0
  0
VERTEX
  8
FABBRICATI
 10
   48862.887
 20
   46408.746
 30
0.0
  0
VERTEX
  8
FABBRICATI
 10
   48854.833
 20
   46410.190
 30
0.0
  0
SEQEND
  8
FABBRICATI
  0
TEXT
  8
FABBRICATI
 62
7
 10
   48839.326
 20
   46381.684
 30
0.0
 40
       1.300
  1
341+
 50
       0.000
  0
POLYLINE
  8
FABBRICATI
 66
1
 10
0.0
 20
0.0
 30
0.0
 70
1
  0
VERTEX
  8
FABBRICATI
 10
   48832.146
 20
   46385.825
 30
0.0
  0
VERTEX
  8
FABBRICATI
 10
   48833.447
 20
   46379.531
 30
0.0
  0
VERTEX
  8
FABBRICATI
 10
   48835.420
 20
   46379.339
 30
0.0
  0
VERTEX
  8
FABBRICATI
 10
   48845.607
 20
   46377.436
 30
0.0
  0
VERTEX
  8
FABBRICATI
 10
   48845.655
 20
   46383.344
 30
0.0
  0
VERTEX
  8
FABBRICATI
 10
   48835.402
 20
   46385.373
 30
0.0
  0
VERTEX
  8
FABBRICATI
 10
   48833.698
 20
   46385.610
 30
0.0
  0
VERTEX
  8
FABBRICATI
 10
   48832.146
 20
   46385.825
 30
0.0
  0
SEQEND
  8
FABBRICATI
  0
TEXT
  8
FABBRICATI
 62
7
 10
   49097.803
 20
   46220.591
 30
0.0
 40
       1.300
  1
271+
 50
       0.000
  0
POLYLINE
  8
FABBRICATI
 66
1
 10
0.0
 20
0.0
 30
0.0
 70
1
  0
VERTEX
  8
FABBRICATI
 10
   49096.393
 20
   46230.663
 30
0.0
  0
VERTEX
  8
FABBRICATI
 10
   49093.955
 20
   46231.713
 30
0.0
  0
VERTEX
  8
FABBRICATI
 10
   49093.011
 20
   46229.441
 30
0.0
  0
VERTEX
  8
FABBRICATI
 10
   49095.458
 20
   46228.410
 30
0.0
  0
VERTEX
  8
FABBRICATI
 10
   49094.552
 20
   46226.231
 30
0.0
  0
VERTEX
  8
FABBRICATI
 10
   49090.229
 20
   46215.444
 30
0.0
  0
VERTEX
  8
FABBRICATI
 10
   49087.769
 20
   46216.414
 30
0.0
  0
VERTEX
  8
FABBRICATI
 10
   49087.123
 20
   46214.739
 30
0.0
  0
VERTEX
  8
FABBRICATI
 10
   49089.587
 20
   46213.698
 30
0.0
  0
VERTEX
  8
FABBRICATI
 10
   49089.168
 20
   46212.631
 30
0.0
  0
VERTEX
  8
FABBRICATI
 10
   49086.715
 20
   46213.661
 30
0.0
  0
VERTEX
  8
FABBRICATI
 10
   49085.550
 20
   46210.712
 30
0.0
  0
VERTEX
  8
FABBRICATI
 10
   49088.069
 20
   46209.725
 30
0.0
  0
VERTEX
  8
FABBRICATI
 10
   49085.706
 20
   46203.608
 30
0.0
  0
VERTEX
  8
FABBRICATI
 10
   49095.090
 20
   46200.183
 30
0.0
  0
VERTEX
  8
FABBRICATI
 10
   49099.312
 20
   46210.646
 30
0.0
  0
VERTEX
  8
FABBRICATI
 10
   49106.224
 20
   46227.825
 30
0.0
  0
VERTEX
  8
FABBRICATI
 10
   49110.099
 20
   46237.376
 30
0.0
  0
VERTEX
  8
FABBRICATI
 10
   49100.648
 20
   46241.029
 30
0.0
  0
VERTEX
  8
FABBRICATI
 10
   49098.518
 20
   46235.790
 30
0.0
  0
VERTEX
  8
FABBRICATI
 10
   49096.393
 20
   46230.663
 30
0.0
  0
SEQEND
  8
FABBRICATI
  0
TEXT
  8
FABBRICATI
 62
7
 10
   48976.375
 20
   46327.156
 30
0.0
 40
       1.300
  1
122+
 50
       0.000
  0
POLYLINE
  8
FABBRICATI
 66
1
 10
0.0
 20
0.0
 30
0.0
 70
1
  0
VERTEX
  8
FABBRICATI
 10
   48973.440
 20
   46322.259
 30
0.0
  0
VERTEX
  8
FABBRICATI
 10
   48980.068
 20
   46317.694
 30
0.0
  0
VERTEX
  8
FABBRICATI
 10
   48983.375
 20
   46322.414
 30
0.0
  0
VERTEX
  8
FABBRICATI
 10
   48981.461
 20
   46323.710
 30
0.0
  0
VERTEX
  8
FABBRICATI
 10
   48983.171
 20
   46326.309
 30
0.0
  0
VERTEX
  8
FABBRICATI
 10
   48982.019
 20
   46327.087
 30
0.0
  0
VERTEX
  8
FABBRICATI
 10
   48983.408
 20
   46328.991
 30
0.0
  0
VERTEX
  8
FABBRICATI
 10
   48981.640
 20
   46330.287
 30
0.0
  0
VERTEX
  8
FABBRICATI
 10
   48979.799
 20
   46331.546
 30
0.0
  0
VERTEX
  8
FABBRICATI
 10
   48975.762
 20
   46334.382
 30
0.0
  0
VERTEX
  8
FABBRICATI
 10
   48969.168
 20
   46325.007
 30
0.0
  0
VERTEX
  8
FABBRICATI
 10
   48973.440
 20
   46322.259
 30
0.0
  0
SEQEND
  8
FABBRICATI
  0
TEXT
  8
FABBRICATI
 62
7
 10
   48784.823
 20
   46413.539
 30
0.0
 40
       1.300
  1
53+
 50
       0.000
  0
POLYLINE
  8
FABBRICATI
 66
1
 10
0.0
 20
0.0
 30
0.0
 70
1
  0
VERTEX
  8
FABBRICATI
 10
   48782.221
 20
   46419.937
 30
0.0
  0
VERTEX
  8
FABBRICATI
 10
   48781.828
 20
   46419.964
 30
0.0
  0
VERTEX
  8
FABBRICATI
 10
   48781.847
 20
   46420.113
 30
0.0
  0
VERTEX
  8
FABBRICATI
 10
   48782.829
 20
   46427.633
 30
0.0
  0
VERTEX
  8
FABBRICATI
 10
   48778.235
 20
   46428.001
 30
0.0
  0
VERTEX
  8
FABBRICATI
 10
   48777.522
 20
   46425.548
 30
0.0
  0
VERTEX
  8
FABBRICATI
 10
   48776.137
 20
   46420.379
 30
0.0
  0
VERTEX
  8
FABBRICATI
 10
   48775.076
 20
   46416.527
 30
0.0
  0
VERTEX
  8
FABBRICATI
 10
   48779.398
 20
   46416.431
 30
0.0
  0
VERTEX
  8
FABBRICATI
 10
   48779.355
 20
   46411.109
 30
0.0
  0
VERTEX
  8
FABBRICATI
 10
   48790.631
 20
   46408.379
 30
0.0
  0
VERTEX
  8
FABBRICATI
 10
   48790.062
 20
   46416.619
 30
0.0
  0
VERTEX
  8
FABBRICATI
 10
   48782.332
 20
   46416.807
 30
0.0
  0
VERTEX
  8
FABBRICATI
 10
   48782.855
 20
   46419.891
 30
0.0
  0
VERTEX
  8
FABBRICATI
 10
   48782.221
 20
   46419.937
 30
0.0
  0
SEQEND
  8
FABBRICATI
  0
TEXT
  8
FABBRICATI
 62
7
 10
   48822.690
 20
   46390.438
 30
0.0
 40
       1.300
  1
62+
 50
       0.000
  0
POLYLINE
  8
FABBRICATI
 66
1
 10
0.0
 20
0.0
 30
0.0
 70
1
  0
VERTEX
  8
FABBRICATI
 10
   48818.613
 20
   46396.862
 30
0.0
  0
VERTEX
  8
FABBRICATI
 10
   48821.886
 20
   46384.634
 30
0.0
  0
VERTEX
  8
FABBRICATI
 10
   48828.358
 20
   46385.687
 30
0.0
  0
VERTEX
  8
FABBRICATI
 10
   48827.144
 20
   46390.623
 30
0.0
  0
VERTEX
  8
FABBRICATI
 10
   48825.126
 20
   46390.122
 30
0.0
  0
VERTEX
  8
FABBRICATI
 10
   48823.675
 20
   46395.945
 30
0.0
  0
VERTEX
  8
FABBRICATI
 10
   48818.613
 20
   46396.862
 30
0.0
  0
SEQEND
  8
FABBRICATI
  0
TEXT
  8
FABBRICATI
 62
7
 10
   48945.793
 20
   46360.535
 30
0.0
 40
       1.300
  1
227+
 50
       0.000
  0
POLYLINE
  8
FABBRICATI
 66
1
 10
0.0
 20
0.0
 30
0.0
 70
1
  0
VERTEX
  8
FABBRICATI
 10
   48943.901
 20
   46367.711
 30
0.0
  0
VERTEX
  8
FABBRICATI
 10
   48942.456
 20
   46368.752
 30
0.0
  0
VERTEX
  8
FABBRICATI
 10
   48940.114
 20
   46365.531
 30
0.0
  0
VERTEX
  8
FABBRICATI
 10
   48941.582
 20
   46364.497
 30
0.0
  0
VERTEX
  8
FABBRICATI
 10
   48938.346
 20
   46360.070
 30
0.0
  0
VERTEX
  8
FABBRICATI
 10
   48947.889
 20
   46353.412
 30
0.0
  0
VERTEX
  8
FABBRICATI
 10
   48948.539
 20
   46354.270
 30
0.0
  0
VERTEX
  8
FABBRICATI
 10
   48953.502
 20
   46361.397
 30
0.0
  0
VERTEX
  8
FABBRICATI
 10
   48947.118
 20
   46365.452
 30
0.0
  0
VERTEX
  8
FABBRICATI
 10
   48943.901
 20
   46367.711
 30
0.0
  0
SEQEND
  8
FABBRICATI
  0
TEXT
  8
FABBRICATI
 62
7
 10
   49034.937
 20
   46244.489
 30
0.0
 40
       1.300
  1
276+
 50
       0.000
  0
POLYLINE
  8
FABBRICATI
 66
1
 10
0.0
 20
0.0
 30
0.0
 70
1
  0
VERTEX
  8
FABBRICATI
 10
   49027.289
 20
   46234.795
 30
0.0
  0
VERTEX
  8
FABBRICATI
 10
   49025.568
 20
   46235.481
 30
0.0
  0
VERTEX
  8
FABBRICATI
 10
   49024.644
 20
   46233.082
 30
0.0
  0
VERTEX
  8
FABBRICATI
 10
   49026.387
 20
   46232.334
 30
0.0
  0
VERTEX
  8
FABBRICATI
 10
   49026.187
 20
   46231.797
 30
0.0
  0
VERTEX
  8
FABBRICATI
 10
   49024.292
 20
   46226.781
 30
0.0
  0
VERTEX
  8
FABBRICATI
 10
   49032.855
 20
   46223.441
 30
0.0
  0
VERTEX
  8
FABBRICATI
 10
   49039.584
 20
   46241.486
 30
0.0
  0
VERTEX
  8
FABBRICATI
 10
   49046.996
 20
   46261.290
 30
0.0
  0
VERTEX
  8
FABBRICATI
 10
   49038.604
 20
   46264.617
 30
0.0
  0
VERTEX
  8
FABBRICATI
 10
   49037.521
 20
   46261.695
 30
0.0
  0
VERTEX
  8
FABBRICATI
 10
   49035.075
 20
   46262.671
 30
0.0
  0
VERTEX
  8
FABBRICATI
 10
   49034.245
 20
   46260.460
 30
0.0
  0
VERTEX
  8
FABBRICATI
 10
   49036.655
 20
   46259.483
 30
0.0
  0
VERTEX
  8
FABBRICATI
 10
   49036.321
 20
   46258.617
 30
0.0
  0
VERTEX
  8
FABBRICATI
 10
   49035.968
 20
   46257.695
 30
0.0
  0
VERTEX
  8
FABBRICATI
 10
   49033.547
 20
   46258.666
 30
0.0
  0
VERTEX
  8
FABBRICATI
 10
   49032.623
 20
   46256.133
 30
0.0
  0
VERTEX
  8
FABBRICATI
 10
   49035.052
 20
   46255.126
 30
0.0
  0
VERTEX
  8
FABBRICATI
 10
   49033.428
 20
   46250.943
 30
0.0
  0
VERTEX
  8
FABBRICATI
 10
   49033.005
 20
   46249.605
 30
0.0
  0
VERTEX
  8
FABBRICATI
 10
   49031.510
 20
   46250.225
 30
0.0
  0
VERTEX
  8
FABBRICATI
 10
   49030.611
 20
   46247.716
 30
0.0
  0
VERTEX
  8
FABBRICATI
 10
   49032.056
 20
   46247.108
 30
0.0
  0
VERTEX
  8
FABBRICATI
 10
   49031.629
 20
   46246.021
 30
0.0
  0
VERTEX
  8
FABBRICATI
 10
   49031.275
 20
   46245.077
 30
0.0
  0
VERTEX
  8
FABBRICATI
 10
   49029.687
 20
   46245.755
 30
0.0
  0
VERTEX
  8
FABBRICATI
 10
   49028.729
 20
   46243.416
 30
0.0
  0
VERTEX
  8
FABBRICATI
 10
   49030.412
 20
   46242.678
 30
0.0
  0
VERTEX
  8
FABBRICATI
 10
   49029.652
 20
   46240.885
 30
0.0
  0
VERTEX
  8
FABBRICATI
 10
   49027.289
 20
   46234.795
 30
0.0
  0
SEQEND
  8
FABBRICATI
  0
TEXT
  8
FABBRICATI
 62
7
 10
   49072.774
 20
   46366.468
 30
0.0
 40
       1.300
  1
146+
 50
       0.000
  0
POLYLINE
  8
FABBRICATI
 66
1
 10
0.0
 20
0.0
 30
0.0
 70
1
  0
VERTEX
  8
FABBRICATI
 10
   49062.910
 20
   46365.180
 30
0.0
  0
VERTEX
  8
FABBRICATI
 10
   49062.873
 20
   46364.822
 30
0.0
  0
VERTEX
  8
FABBRICATI
 10
   49064.813
 20
   46363.525
 30
0.0
  0
VERTEX
  8
FABBRICATI
 10
   49069.184
 20
   46360.878
 30
0.0
  0
VERTEX
  8
FABBRICATI
 10
   49071.247
 20
   46363.837
 30
0.0
  0
VERTEX
  8
FABBRICATI
 10
   49077.118
 20
   46360.136
 30
0.0
  0
VERTEX
  8
FABBRICATI
 10
   49075.129
 20
   46357.236
 30
0.0
  0
VERTEX
  8
FABBRICATI
 10
   49083.355
 20
   46352.081
 30
0.0
  0
VERTEX
  8
FABBRICATI
 10
   49087.679
 20
   46358.786
 30
0.0
  0
VERTEX
  8
FABBRICATI
 10
   49092.642
 20
   46366.260
 30
0.0
  0
VERTEX
  8
FABBRICATI
 10
   49096.537
 20
   46372.233
 30
0.0
  0
VERTEX
  8
FABBRICATI
 10
   49087.494
 20
   46378.209
 30
0.0
  0
VERTEX
  8
FABBRICATI
 10
   49083.256
 20
   46381.018
 30
0.0
  0
VERTEX
  8
FABBRICATI
 10
   49081.103
 20
   46377.781
 30
0.0
  0
VERTEX
  8
FABBRICATI
 10
   49077.128
 20
   46380.299
 30
0.0
  0
VERTEX
  8
FABBRICATI
 10
   49071.898
 20
   46372.328
 30
0.0
  0
VERTEX
  8
FABBRICATI
 10
   49068.556
 20
   46374.146
 30
0.0
  0
VERTEX
  8
FABBRICATI
 10
   49062.910
 20
   46365.180
 30
0.0
  0
SEQEND
  8
FABBRICATI
  0
POLYLINE
  8
FABBRICATI
  6
INTERNA
 66
1
 10
0.0
 20
0.0
 30
0.0
 70
1
  0
VERTEX
  8
FABBRICATI
  6
INTERNA
 10
   49080.517
 20
   46367.426
 30
0.0
  0
VERTEX
  8
FABBRICATI
  6
INTERNA
 10
   49082.242
 20
   46369.927
 30
0.0
  0
VERTEX
  8
FABBRICATI
  6
INTERNA
 10
   49085.096
 20
   46368.046
 30
0.0
  0
VERTEX
  8
FABBRICATI
  6
INTERNA
 10
   49083.389
 20
   46365.498
 30
0.0
  0
VERTEX
  8
FABBRICATI
  6
INTERNA
 10
   49080.517
 20
   46367.426
 30
0.0
  0
SEQEND
  0
TEXT
  8
FABBRICATI
 62
7
 10
   49118.673
 20
   46308.853
 30
0.0
 40
       1.300
  1
165+
 50
       0.000
  0
POLYLINE
  8
FABBRICATI
 66
1
 10
0.0
 20
0.0
 30
0.0
 70
1
  0
VERTEX
  8
FABBRICATI
 10
   49106.982
 20
   46315.688
 30
0.0
  0
VERTEX
  8
FABBRICATI
 10
   49103.379
 20
   46310.381
 30
0.0
  0
VERTEX
  8
FABBRICATI
 10
   49114.548
 20
   46305.853
 30
0.0
  0
VERTEX
  8
FABBRICATI
 10
   49128.316
 20
   46300.271
 30
0.0
  0
VERTEX
  8
FABBRICATI
 10
   49136.531
 20
   46296.994
 30
0.0
  0
VERTEX
  8
FABBRICATI
 10
   49139.382
 20
   46302.747
 30
0.0
  0
VERTEX
  8
FABBRICATI
 10
   49133.790
 20
   46306.439
 30
0.0
  0
VERTEX
  8
FABBRICATI
 10
   49120.395
 20
   46315.282
 30
0.0
  0
VERTEX
  8
FABBRICATI
 10
   49110.808
 20
   46321.579
 30
0.0
  0
VERTEX
  8
FABBRICATI
 10
   49106.982
 20
   46315.688
 30
0.0
  0
SEQEND
  8
FABBRICATI
  0
TEXT
  8
FABBRICATI
 62
7
 10
   48816.984
 20
   46308.037
 30
0.0
 40
       1.300
  1
78+
 50
       0.000
  0
POLYLINE
  8
FABBRICATI
 66
1
 10
0.0
 20
0.0
 30
0.0
 70
1
  0
VERTEX
  8
FABBRICATI
 10
   48805.250
 20
   46306.929
 30
0.0
  0
VERTEX
  8
FABBRICATI
 10
   48810.115
 20
   46293.981
 30
0.0
  0
VERTEX
  8
FABBRICATI
 10
   48816.128
 20
   46298.757
 30
0.0
  0
VERTEX
  8
FABBRICATI
 10
   48820.605
 20
   46302.319
 30
0.0
  0
VERTEX
  8
FABBRICATI
 10
   48827.581
 20
   46308.836
 30
0.0
  0
VERTEX
  8
FABBRICATI
 10
   48833.682
 20
   46314.684
 30
0.0
  0
VERTEX
  8
FABBRICATI
 10
   48832.717
 20
   46316.780
 30
0.0
  0
VERTEX
  8
FABBRICATI
 10
   48826.575
 20
   46313.486
 30
0.0
  0
VERTEX
  8
FABBRICATI
 10
   48823.526
 20
   46312.003
 30
0.0
  0
VERTEX
  8
FABBRICATI
 10
   48821.569
 20
   46315.802
 30
0.0
  0
VERTEX
  8
FABBRICATI
 10
   48805.250
 20
   46306.929
 30
0.0
  0
SEQEND
  8
FABBRICATI
  0
TEXT
  8
FABBRICATI
 62
7
 10
   49155.426
 20
   46084.886
 30
0.0
 40
       1.300
  1
201+
 50
       0.000
  0
POLYLINE
  8
FABBRICATI
 66
1
 10
0.0
 20
0.0
 30
0.0
 70
1
  0
VERTEX
  8
FABBRICATI
 10
   49144.641
 20
   46084.656
 30
0.0
  0
VERTEX
  8
FABBRICATI
 10
   49141.264
 20
   46078.692
 30
0.0
  0
VERTEX
  8
FABBRICATI
 10
   49145.208
 20
   46076.404
 30
0.0
  0
VERTEX
  8
FABBRICATI
 10
   49150.003
 20
   46073.577
 30
0.0
  0
VERTEX
  8
FABBRICATI
 10
   49154.249
 20
   46081.201
 30
0.0
  0
VERTEX
  8
FABBRICATI
 10
   49151.632
 20
   46072.616
 30
0.0
  0
VERTEX
  8
FABBRICATI
 10
   49155.887
 20
   46070.254
 30
0.0
  0
VERTEX
  8
FABBRICATI
 10
   49158.126
 20
   46076.242
 30
0.0
  0
VERTEX
  8
FABBRICATI
 10
   49161.878
 20
   46074.654
 30
0.0
  0
VERTEX
  8
FABBRICATI
 10
   49162.667
 20
   46074.359
 30
0.0
  0
VERTEX
  8
FABBRICATI
 10
   49164.121
 20
   46078.404
 30
0.0
  0
VERTEX
  8
FABBRICATI
 10
   49165.055
 20
   46080.869
 30
0.0
  0
VERTEX
  8
FABBRICATI
 10
   49167.297
 20
   46086.733
 30
0.0
  0
VERTEX
  8
FABBRICATI
 10
   49165.507
 20
   46087.383
 30
0.0
  0
VERTEX
  8
FABBRICATI
 10
   49162.319
 20
   46088.533
 30
0.0
  0
VERTEX
  8
FABBRICATI
 10
   49157.384
 20
   46090.452
 30
0.0
  0
VERTEX
  8
FABBRICATI
 10
   49139.744
 20
   46097.198
 30
0.0
  0
VERTEX
  8
FABBRICATI
 10
   49137.182
 20
   46089.428
 30
0.0
  0
VERTEX
  8
FABBRICATI
 10
   49136.611
 20
   46087.801
 30
0.0
  0
VERTEX
  8
FABBRICATI
 10
   49143.177
 20
   46085.241
 30
0.0
  0
VERTEX
  8
FABBRICATI
 10
   49144.641
 20
   46084.656
 30
0.0
  0
SEQEND
  8
FABBRICATI
  0
TEXT
  8
FABBRICATI
 62
7
 10
   48989.777
 20
   46207.111
 30
0.0
 40
       1.300
  1
153+
 50
       0.000
  0
POLYLINE
  8
FABBRICATI
 66
1
 10
0.0
 20
0.0
 30
0.0
 70
1
  0
VERTEX
  8
FABBRICATI
 10
   48989.950
 20
   46219.376
 30
0.0
  0
VERTEX
  8
FABBRICATI
 10
   48987.294
 20
   46220.541
 30
0.0
  0
VERTEX
  8
FABBRICATI
 10
   48985.569
 20
   46216.464
 30
0.0
  0
VERTEX
  8
FABBRICATI
 10
   48988.317
 20
   46215.269
 30
0.0
  0
VERTEX
  8
FABBRICATI
 10
   48982.966
 20
   46201.854
 30
0.0
  0
VERTEX
  8
FABBRICATI
 10
   48981.392
 20
   46197.805
 30
0.0
  0
VERTEX
  8
FABBRICATI
 10
   48979.187
 20
   46192.423
 30
0.0
  0
VERTEX
  8
FABBRICATI
 10
   48987.462
 20
   46189.255
 30
0.0
  0
VERTEX
  8
FABBRICATI
 10
   48989.194
 20
   46193.616
 30
0.0
  0
VERTEX
  8
FABBRICATI
 10
   48994.664
 20
   46207.555
 30
0.0
  0
VERTEX
  8
FABBRICATI
 10
   48999.844
 20
   46220.792
 30
0.0
  0
VERTEX
  8
FABBRICATI
 10
   48991.823
 20
   46224.273
 30
0.0
  0
VERTEX
  8
FABBRICATI
 10
   48991.168
 20
   46222.661
 30
0.0
  0
VERTEX
  8
FABBRICATI
 10
   48988.534
 20
   46223.754
 30
0.0
  0
VERTEX
  8
FABBRICATI
 10
   48987.901
 20
   46222.121
 30
0.0
  0
VERTEX
  8
FABBRICATI
 10
   48990.557
 20
   46220.996
 30
0.0
  0
VERTEX
  8
FABBRICATI
 10
   48990.335
 20
   46220.343
 30
0.0
  0
VERTEX
  8
FABBRICATI
 10
   48989.950
 20
   46219.376
 30
0.0
  0
SEQEND
  8
FABBRICATI
  0
TEXT
  8
FABBRICATI
 62
7
 10
   49168.958
 20
   46079.061
 30
0.0
 40
       1.300
  1
199+
 50
       0.000
  0
POLYLINE
  8
FABBRICATI
 66
1
 10
0.0
 20
0.0
 30
0.0
 70
1
  0
VERTEX
  8
FABBRICATI
 10
   49173.155
 20
   46078.137
 30
0.0
  0
VERTEX
  8
FABBRICATI
 10
   49175.477
 20
   46083.637
 30
0.0
  0
VERTEX
  8
FABBRICATI
 10
   49172.899
 20
   46084.760
 30
0.0
  0
VERTEX
  8
FABBRICATI
 10
   49167.297
 20
   46086.733
 30
0.0
  0
VERTEX
  8
FABBRICATI
 10
   49165.055
 20
   46080.869
 30
0.0
  0
VERTEX
  8
FABBRICATI
 10
   49164.121
 20
   46078.404
 30
0.0
  0
VERTEX
  8
FABBRICATI
 10
   49162.667
 20
   46074.359
 30
0.0
  0
VERTEX
  8
FABBRICATI
 10
   49170.557
 20
   46071.472
 30
0.0
  0
VERTEX
  8
FABBRICATI
 10
   49173.155
 20
   46078.137
 30
0.0
  0
SEQEND
  8
FABBRICATI
  0
TEXT
  8
FABBRICATI
 62
7
 10
   49032.834
 20
   46188.870
 30
0.0
 40
       1.300
  1
161+
 50
       0.000
  0
POLYLINE
  8
FABBRICATI
 66
1
 10
0.0
 20
0.0
 30
0.0
 70
1
  0
VERTEX
  8
FABBRICATI
 10
   49037.232
 20
   46187.009
 30
0.0
  0
VERTEX
  8
FABBRICATI
 10
   49038.171
 20
   46189.583
 30
0.0
  0
VERTEX
  8
FABBRICATI
 10
   49039.829
 20
   46194.231
 30
0.0
  0
VERTEX
  8
FABBRICATI
 10
   49043.191
 20
   46203.367
 30
0.0
  0
VERTEX
  8
FABBRICATI
 10
   49034.382
 20
   46206.668
 30
0.0
  0
VERTEX
  8
FABBRICATI
 10
   49029.535
 20
   46193.676
 30
0.0
  0
VERTEX
  8
FABBRICATI
 10
   49024.712
 20
   46180.634
 30
0.0
  0
VERTEX
  8
FABBRICATI
 10
   49022.624
 20
   46174.992
 30
0.0
  0
VERTEX
  8
FABBRICATI
 10
   49031.564
 20
   46171.355
 30
0.0
  0
VERTEX
  8
FABBRICATI
 10
   49033.989
 20
   46177.954
 30
0.0
  0
VERTEX
  8
FABBRICATI
 10
   49036.637
 20
   46176.917
 30
0.0
  0
VERTEX
  8
FABBRICATI
 10
   49037.504
 20
   46179.333
 30
0.0
  0
VERTEX
  8
FABBRICATI
 10
   49034.810
 20
   46180.379
 30
0.0
  0
VERTEX
  8
FABBRICATI
 10
   49035.214
 20
   46181.488
 30
0.0
  0
VERTEX
  8
FABBRICATI
 10
   49037.549
 20
   46180.609
 30
0.0
  0
VERTEX
  8
FABBRICATI
 10
   49039.548
 20
   46186.134
 30
0.0
  0
VERTEX
  8
FABBRICATI
 10
   49037.232
 20
   46187.009
 30
0.0
  0
SEQEND
  8
FABBRICATI
  0
TEXT
  8
FABBRICATI
 62
7
 10
   49147.952
 20
   46072.091
 30
0.0
 40
       1.300
  1
207+
 50
       0.000
  0
POLYLINE
  8
FABBRICATI
 66
1
 10
0.0
 20
0.0
 30
0.0
 70
1
  0
VERTEX
  8
FABBRICATI
 10
   49138.208
 20
   46080.463
 30
0.0
  0
VERTEX
  8
FABBRICATI
 10
   49138.525
 20
   46074.863
 30
0.0
  0
VERTEX
  8
FABBRICATI
 10
   49147.071
 20
   46069.930
 30
0.0
  0
VERTEX
  8
FABBRICATI
 10
   49152.234
 20
   46066.709
 30
0.0
  0
VERTEX
  8
FABBRICATI
 10
   49155.636
 20
   46065.103
 30
0.0
  0
VERTEX
  8
FABBRICATI
 10
   49156.418
 20
   46066.715
 30
0.0
  0
VERTEX
  8
FABBRICATI
 10
   49157.637
 20
   46069.228
 30
0.0
  0
VERTEX
  8
FABBRICATI
 10
   49155.887
 20
   46070.254
 30
0.0
  0
VERTEX
  8
FABBRICATI
 10
   49151.632
 20
   46072.616
 30
0.0
  0
VERTEX
  8
FABBRICATI
 10
   49150.003
 20
   46073.577
 30
0.0
  0
VERTEX
  8
FABBRICATI
 10
   49145.208
 20
   46076.404
 30
0.0
  0
VERTEX
  8
FABBRICATI
 10
   49141.264
 20
   46078.692
 30
0.0
  0
VERTEX
  8
FABBRICATI
 10
   49138.208
 20
   46080.463
 30
0.0
  0
SEQEND
  8
FABBRICATI
  0
TEXT
  8
FABBRICATI
 62
7
 10
   48926.875
 20
   46313.675
 30
0.0
 40
       1.300
  1
224+
 50
       0.000
  0
POLYLINE
  8
FABBRICATI
 66
1
 10
0.0
 20
0.0
 30
0.0
 70
1
  0
VERTEX
  8
FABBRICATI
 10
   48935.994
 20
   46320.969
 30
0.0
  0
VERTEX
  8
FABBRICATI
 10
   48934.470
 20
   46318.700
 30
0.0
  0
VERTEX
  8
FABBRICATI
 10
   48937.076
 20
   46316.902
 30
0.0
  0
VERTEX
  8
FABBRICATI
 10
   48937.274
 20
   46317.209
 30
0.0
  0
VERTEX
  8
FABBRICATI
 10
   48938.517
 20
   46319.142
 30
0.0
  0
VERTEX
  8
FABBRICATI
 10
   48940.857
 20
   46322.571
 30
0.0
  0
VERTEX
  8
FABBRICATI
 10
   48933.695
 20
   46327.328
 30
0.0
  0
VERTEX
  8
FABBRICATI
 10
   48929.548
 20
   46330.122
 30
0.0
  0
VERTEX
  8
FABBRICATI
 10
   48927.222
 20
   46331.687
 30
0.0
  0
VERTEX
  8
FABBRICATI
 10
   48925.978
 20
   46332.505
 30
0.0
  0
VERTEX
  8
FABBRICATI
 10
   48924.896
 20
   46330.750
 30
0.0
  0
VERTEX
  8
FABBRICATI
 10
   48919.906
 20
   46322.911
 30
0.0
  0
VERTEX
  8
FABBRICATI
 10
   48915.973
 20
   46317.505
 30
0.0
  0
VERTEX
  8
FABBRICATI
 10
   48916.197
 20
   46317.164
 30
0.0
  0
VERTEX
  8
FABBRICATI
 10
   48917.301
 20
   46315.954
 30
0.0
  0
VERTEX
  8
FABBRICATI
 10
   48918.393
 20
   46314.624
 30
0.0
  0
VERTEX
  8
FABBRICATI
 10
   48919.854
 20
   46312.755
 30
0.0
  0
VERTEX
  8
FABBRICATI
 10
   48923.069
 20
   46310.964
 30
0.0
  0
VERTEX
  8
FABBRICATI
 10
   48923.956
 20
   46310.699
 30
0.0
  0
VERTEX
  8
FABBRICATI
 10
   48928.367
 20
   46309.477
 30
0.0
  0
VERTEX
  8
FABBRICATI
 10
   48931.492
 20
   46308.639
 30
0.0
  0
VERTEX
  8
FABBRICATI
 10
   48932.811
 20
   46310.512
 30
0.0
  0
VERTEX
  8
FABBRICATI
 10
   48934.889
 20
   46313.510
 30
0.0
  0
VERTEX
  8
FABBRICATI
 10
   48923.062
 20
   46321.586
 30
0.0
  0
VERTEX
  8
FABBRICATI
 10
   48926.719
 20
   46326.449
 30
0.0
  0
VERTEX
  8
FABBRICATI
 10
   48934.964
 20
   46320.770
 30
0.0
  0
VERTEX
  8
FABBRICATI
 10
   48935.428
 20
   46321.379
 30
0.0
  0
VERTEX
  8
FABBRICATI
 10
   48935.994
 20
   46320.969
 30
0.0
  0
SEQEND
  8
FABBRICATI
  0
TEXT
  8
FABBRICATI
 62
7
 10
   49078.732
 20
   46172.092
 30
0.0
 40
       1.300
  1
272+
 50
       0.000
  0
POLYLINE
  8
FABBRICATI
 66
1
 10
0.0
 20
0.0
 30
0.0
 70
1
  0
VERTEX
  8
FABBRICATI
 10
   49067.023
 20
   46163.471
 30
0.0
  0
VERTEX
  8
FABBRICATI
 10
   49066.285
 20
   46161.391
 30
0.0
  0
VERTEX
  8
FABBRICATI
 10
   49068.980
 20
   46160.290
 30
0.0
  0
VERTEX
  8
FABBRICATI
 10
   49067.776
 20
   46157.161
 30
0.0
  0
VERTEX
  8
FABBRICATI
 10
   49076.804
 20
   46153.538
 30
0.0
  0
VERTEX
  8
FABBRICATI
 10
   49077.705
 20
   46155.795
 30
0.0
  0
VERTEX
  8
FABBRICATI
 10
   49084.695
 20
   46173.992
 30
0.0
  0
VERTEX
  8
FABBRICATI
 10
   49091.126
 20
   46190.493
 30
0.0
  0
VERTEX
  8
FABBRICATI
 10
   49081.861
 20
   46193.933
 30
0.0
  0
VERTEX
  8
FABBRICATI
 10
   49079.906
 20
   46188.806
 30
0.0
  0
VERTEX
  8
FABBRICATI
 10
   49077.384
 20
   46182.204
 30
0.0
  0
VERTEX
  8
FABBRICATI
 10
   49074.839
 20
   46175.507
 30
0.0
  0
VERTEX
  8
FABBRICATI
 10
   49072.974
 20
   46170.755
 30
0.0
  0
VERTEX
  8
FABBRICATI
 10
   49070.734
 20
   46164.862
 30
0.0
  0
VERTEX
  8
FABBRICATI
 10
   49067.942
 20
   46165.972
 30
0.0
  0
VERTEX
  8
FABBRICATI
 10
   49067.611
 20
   46165.070
 30
0.0
  0
VERTEX
  8
FABBRICATI
 10
   49067.023
 20
   46163.471
 30
0.0
  0
SEQEND
  8
FABBRICATI
  0
TEXT
  8
FABBRICATI
 62
7
 10
   49095.216
 20
   46166.290
 30
0.0
 40
       1.300
  1
177+
 50
       0.000
  0
POLYLINE
  8
FABBRICATI
 66
1
 10
0.0
 20
0.0
 30
0.0
 70
1
  0
VERTEX
  8
FABBRICATI
 10
   49095.006
 20
   46152.256
 30
0.0
  0
VERTEX
  8
FABBRICATI
 10
   49097.958
 20
   46151.062
 30
0.0
  0
VERTEX
  8
FABBRICATI
 10
   49098.954
 20
   46153.707
 30
0.0
  0
VERTEX
  8
FABBRICATI
 10
   49096.071
 20
   46154.995
 30
0.0
  0
VERTEX
  8
FABBRICATI
 10
   49098.397
 20
   46160.878
 30
0.0
  0
VERTEX
  8
FABBRICATI
 10
   49099.133
 20
   46162.794
 30
0.0
  0
VERTEX
  8
FABBRICATI
 10
   49101.923
 20
   46161.494
 30
0.0
  0
VERTEX
  8
FABBRICATI
 10
   49102.822
 20
   46163.901
 30
0.0
  0
VERTEX
  8
FABBRICATI
 10
   49103.098
 20
   46164.700
 30
0.0
  0
VERTEX
  8
FABBRICATI
 10
   49100.238
 20
   46165.863
 30
0.0
  0
VERTEX
  8
FABBRICATI
 10
   49100.747
 20
   46167.104
 30
0.0
  0
VERTEX
  8
FABBRICATI
 10
   49102.025
 20
   46166.541
 30
0.0
  0
VERTEX
  8
FABBRICATI
 10
   49101.747
 20
   46165.881
 30
0.0
  0
VERTEX
  8
FABBRICATI
 10
   49103.307
 20
   46165.191
 30
0.0
  0
VERTEX
  8
FABBRICATI
 10
   49104.248
 20
   46167.650
 30
0.0
  0
VERTEX
  8
FABBRICATI
 10
   49105.090
 20
   46170.058
 30
0.0
  0
VERTEX
  8
FABBRICATI
 10
   49102.340
 20
   46171.200
 30
0.0
  0
VERTEX
  8
FABBRICATI
 10
   49105.414
 20
   46179.413
 30
0.0
  0
VERTEX
  8
FABBRICATI
 10
   49107.389
 20
   46184.559
 30
0.0
  0
VERTEX
  8
FABBRICATI
 10
   49098.445
 20
   46187.836
 30
0.0
  0
VERTEX
  8
FABBRICATI
 10
   49094.156
 20
   46177.029
 30
0.0
  0
VERTEX
  8
FABBRICATI
 10
   49086.996
 20
   46158.442
 30
0.0
  0
VERTEX
  8
FABBRICATI
 10
   49083.938
 20
   46150.826
 30
0.0
  0
VERTEX
  8
FABBRICATI
 10
   49093.069
 20
   46147.172
 30
0.0
  0
VERTEX
  8
FABBRICATI
 10
   49095.006
 20
   46152.256
 30
0.0
  0
SEQEND
  8
FABBRICATI
  0
TEXT
  8
FABBRICATI
 62
7
 10
   48836.823
 20
   46467.294
 30
0.0
 40
       1.300
  1
36+
 50
       0.000
  0
POLYLINE
  8
FABBRICATI
 66
1
 10
0.0
 20
0.0
 30
0.0
 70
1
  0
VERTEX
  8
FABBRICATI
 10
   48829.064
 20
   46469.972
 30
0.0
  0
VERTEX
  8
FABBRICATI
 10
   48826.444
 20
   46466.492
 30
0.0
  0
VERTEX
  8
FABBRICATI
 10
   48842.573
 20
   46459.053
 30
0.0
  0
VERTEX
  8
FABBRICATI
 10
   48846.990
 20
   46468.062
 30
0.0
  0
VERTEX
  8
FABBRICATI
 10
   48832.685
 20
   46474.706
 30
0.0
  0
VERTEX
  8
FABBRICATI
 10
   48829.064
 20
   46469.972
 30
0.0
  0
SEQEND
  8
FABBRICATI
  0
TEXT
  8
FABBRICATI
 62
7
 10
   49032.064
 20
   46314.318
 30
0.0
 40
       1.300
  1
149+
 50
       0.000
  0
POLYLINE
  8
FABBRICATI
 66
1
 10
0.0
 20
0.0
 30
0.0
 70
1
  0
VERTEX
  8
FABBRICATI
 10
   49029.395
 20
   46321.329
 30
0.0
  0
VERTEX
  8
FABBRICATI
 10
   49025.808
 20
   46311.038
 30
0.0
  0
VERTEX
  8
FABBRICATI
 10
   49034.515
 20
   46307.458
 30
0.0
  0
VERTEX
  8
FABBRICATI
 10
   49038.436
 20
   46317.572
 30
0.0
  0
VERTEX
  8
FABBRICATI
 10
   49029.395
 20
   46321.329
 30
0.0
  0
SEQEND
  8
FABBRICATI
  0
TEXT
  8
FABBRICATI
 62
7
 10
   49156.184
 20
   46306.090
 30
0.0
 40
       1.300
  1
171+
 50
       0.000
  0
POLYLINE
  8
FABBRICATI
 66
1
 10
0.0
 20
0.0
 30
0.0
 70
1
  0
VERTEX
  8
FABBRICATI
 10
   49143.487
 20
   46308.386
 30
0.0
  0
VERTEX
  8
FABBRICATI
 10
   49148.644
 20
   46306.397
 30
0.0
  0
VERTEX
  8
FABBRICATI
 10
   49148.639
 20
   46305.795
 30
0.0
  0
VERTEX
  8
FABBRICATI
 10
   49143.596
 20
   46293.858
 30
0.0
  0
VERTEX
  8
FABBRICATI
 10
   49152.938
 20
   46290.270
 30
0.0
  0
VERTEX
  8
FABBRICATI
 10
   49156.878
 20
   46299.555
 30
0.0
  0
VERTEX
  8
FABBRICATI
 10
   49159.589
 20
   46305.914
 30
0.0
  0
VERTEX
  8
FABBRICATI
 10
   49164.214
 20
   46304.035
 30
0.0
  0
VERTEX
  8
FABBRICATI
 10
   49164.314
 20
   46304.514
 30
0.0
  0
VERTEX
  8
FABBRICATI
 10
   49163.256
 20
   46305.001
 30
0.0
  0
VERTEX
  8
FABBRICATI
 10
   49164.764
 20
   46308.635
 30
0.0
  0
VERTEX
  8
FABBRICATI
 10
   49166.249
 20
   46312.215
 30
0.0
  0
VERTEX
  8
FABBRICATI
 10
   49155.764
 20
   46316.747
 30
0.0
  0
VERTEX
  8
FABBRICATI
 10
   49150.674
 20
   46318.835
 30
0.0
  0
VERTEX
  8
FABBRICATI
 10
   49143.487
 20
   46308.386
 30
0.0
  0
SEQEND
  8
FABBRICATI
  0
TEXT
  8
FABBRICATI
 62
7
 10
   49211.829
 20
   46305.890
 30
0.0
 40
       1.300
  1
193+
 50
       0.000
  0
POLYLINE
  8
FABBRICATI
 66
1
 10
0.0
 20
0.0
 30
0.0
 70
1
  0
VERTEX
  8
FABBRICATI
 10
   49194.352
 20
   46312.844
 30
0.0
  0
VERTEX
  8
FABBRICATI
 10
   49189.216
 20
   46301.116
 30
0.0
  0
VERTEX
  8
FABBRICATI
 10
   49202.810
 20
   46295.065
 30
0.0
  0
VERTEX
  8
FABBRICATI
 10
   49226.256
 20
   46284.888
 30
0.0
  0
VERTEX
  8
FABBRICATI
 10
   49228.464
 20
   46293.143
 30
0.0
  0
VERTEX
  8
FABBRICATI
 10
   49228.944
 20
   46292.973
 30
0.0
  0
VERTEX
  8
FABBRICATI
 10
   49230.956
 20
   46300.574
 30
0.0
  0
VERTEX
  8
FABBRICATI
 10
   49233.730
 20
   46310.987
 30
0.0
  0
VERTEX
  8
FABBRICATI
 10
   49233.174
 20
   46311.445
 30
0.0
  0
VERTEX
  8
FABBRICATI
 10
   49224.409
 20
   46315.114
 30
0.0
  0
VERTEX
  8
FABBRICATI
 10
   49222.019
 20
   46316.126
 30
0.0
  0
VERTEX
  8
FABBRICATI
 10
   49209.892
 20
   46321.126
 30
0.0
  0
VERTEX
  8
FABBRICATI
 10
   49199.891
 20
   46325.381
 30
0.0
  0
VERTEX
  8
FABBRICATI
 10
   49194.352
 20
   46312.844
 30
0.0
  0
SEQEND
  8
FABBRICATI
  0
TEXT
  8
FABBRICATI
 62
7
 10
   49164.699
 20
   46295.046
 30
0.0
 40
       1.300
  1
700+
 50
       0.000
  0
POLYLINE
  8
FABBRICATI
 66
1
 10
0.0
 20
0.0
 30
0.0
 70
1
  0
VERTEX
  8
FABBRICATI
 10
   49156.878
 20
   46299.555
 30
0.0
  0
VERTEX
  8
FABBRICATI
 10
   49152.938
 20
   46290.270
 30
0.0
  0
VERTEX
  8
FABBRICATI
 10
   49161.953
 20
   46286.841
 30
0.0
  0
VERTEX
  8
FABBRICATI
 10
   49169.637
 20
   46283.762
 30
0.0
  0
VERTEX
  8
FABBRICATI
 10
   49176.383
 20
   46299.635
 30
0.0
  0
VERTEX
  8
FABBRICATI
 10
   49164.768
 20
   46304.269
 30
0.0
  0
VERTEX
  8
FABBRICATI
 10
   49164.314
 20
   46304.514
 30
0.0
  0
VERTEX
  8
FABBRICATI
 10
   49164.214
 20
   46304.035
 30
0.0
  0
VERTEX
  8
FABBRICATI
 10
   49161.328
 20
   46297.836
 30
0.0
  0
VERTEX
  8
FABBRICATI
 10
   49156.878
 20
   46299.555
 30
0.0
  0
SEQEND
  8
FABBRICATI
  0
TEXT
  8
FABBRICATI
 62
7
 10
   48801.261
 20
   46311.742
 30
0.0
 40
       1.300
  1
77+
 50
       0.000
  0
POLYLINE
  8
FABBRICATI
 66
1
 10
0.0
 20
0.0
 30
0.0
 70
1
  0
VERTEX
  8
FABBRICATI
 10
   48798.435
 20
   46313.552
 30
0.0
  0
VERTEX
  8
FABBRICATI
 10
   48798.780
 20
   46312.306
 30
0.0
  0
VERTEX
  8
FABBRICATI
 10
   48799.805
 20
   46308.601
 30
0.0
  0
VERTEX
  8
FABBRICATI
 10
   48804.125
 20
   46309.975
 30
0.0
  0
VERTEX
  8
FABBRICATI
 10
   48803.575
 20
   46311.778
 30
0.0
  0
VERTEX
  8
FABBRICATI
 10
   48802.573
 20
   46314.804
 30
0.0
  0
VERTEX
  8
FABBRICATI
 10
   48798.435
 20
   46313.552
 30
0.0
  0
SEQEND
  8
FABBRICATI
  0
TEXT
  8
FABBRICATI
 62
7
 10
   49040.590
 20
   46293.999
 30
0.0
 40
       1.300
  1
156+
 50
       0.000
  0
POLYLINE
  8
FABBRICATI
 66
1
 10
0.0
 20
0.0
 30
0.0
 70
1
  0
VERTEX
  8
FABBRICATI
 10
   49035.485
 20
   46293.628
 30
0.0
  0
VERTEX
  8
FABBRICATI
 10
   49028.337
 20
   46277.092
 30
0.0
  0
VERTEX
  8
FABBRICATI
 10
   49037.245
 20
   46274.055
 30
0.0
  0
VERTEX
  8
FABBRICATI
 10
   49041.405
 20
   46284.054
 30
0.0
  0
VERTEX
  8
FABBRICATI
 10
   49041.740
 20
   46284.861
 30
0.0
  0
VERTEX
  8
FABBRICATI
 10
   49044.142
 20
   46283.954
 30
0.0
  0
VERTEX
  8
FABBRICATI
 10
   49045.198
 20
   46286.527
 30
0.0
  0
VERTEX
  8
FABBRICATI
 10
   49042.834
 20
   46287.434
 30
0.0
  0
VERTEX
  8
FABBRICATI
 10
   49045.301
 20
   46293.413
 30
0.0
  0
VERTEX
  8
FABBRICATI
 10
   49049.187
 20
   46302.837
 30
0.0
  0
VERTEX
  8
FABBRICATI
 10
   49052.735
 20
   46311.659
 30
0.0
  0
VERTEX
  8
FABBRICATI
 10
   49044.043
 20
   46315.067
 30
0.0
  0
VERTEX
  8
FABBRICATI
 10
   49041.936
 20
   46309.463
 30
0.0
  0
VERTEX
  8
FABBRICATI
 10
   49035.485
 20
   46293.628
 30
0.0
  0
SEQEND
  8
FABBRICATI
  0
TEXT
  8
FABBRICATI
 62
7
 10
   49173.204
 20
   46307.277
 30
0.0
 40
       1.300
  1
170+
 50
       0.000
  0
POLYLINE
  8
FABBRICATI
 66
1
 10
0.0
 20
0.0
 30
0.0
 70
1
  0
VERTEX
  8
FABBRICATI
 10
   49168.039
 20
   46311.492
 30
0.0
  0
VERTEX
  8
FABBRICATI
 10
   49166.383
 20
   46308.000
 30
0.0
  0
VERTEX
  8
FABBRICATI
 10
   49177.636
 20
   46303.000
 30
0.0
  0
VERTEX
  8
FABBRICATI
 10
   49179.576
 20
   46306.800
 30
0.0
  0
VERTEX
  8
FABBRICATI
 10
   49168.039
 20
   46311.492
 30
0.0
  0
SEQEND
  8
FABBRICATI
  0
TEXT
  8
FABBRICATI
 62
7
 10
   49028.643
 20
   46305.086
 30
0.0
 40
       1.300
  1
237+
 50
       0.000
  0
POLYLINE
  8
FABBRICATI
 66
1
 10
0.0
 20
0.0
 30
0.0
 70
1
  0
VERTEX
  8
FABBRICATI
 10
   49025.808
 20
   46311.038
 30
0.0
  0
VERTEX
  8
FABBRICATI
 10
   49022.896
 20
   46302.768
 30
0.0
  0
VERTEX
  8
FABBRICATI
 10
   49031.254
 20
   46299.255
 30
0.0
  0
VERTEX
  8
FABBRICATI
 10
   49034.515
 20
   46307.458
 30
0.0
  0
VERTEX
  8
FABBRICATI
 10
   49025.808
 20
   46311.038
 30
0.0
  0
SEQEND
  8
FABBRICATI
  0
TEXT
  8
FABBRICATI
 62
7
 10
   49170.943
 20
   46303.779
 30
0.0
 40
       1.300
  1
238+
 50
       0.000
  0
POLYLINE
  8
FABBRICATI
 66
1
 10
0.0
 20
0.0
 30
0.0
 70
1
  0
VERTEX
  8
FABBRICATI
 10
   49166.383
 20
   46308.000
 30
0.0
  0
VERTEX
  8
FABBRICATI
 10
   49164.768
 20
   46304.269
 30
0.0
  0
VERTEX
  8
FABBRICATI
 10
   49176.383
 20
   46299.635
 30
0.0
  0
VERTEX
  8
FABBRICATI
 10
   49177.636
 20
   46303.000
 30
0.0
  0
VERTEX
  8
FABBRICATI
 10
   49166.383
 20
   46308.000
 30
0.0
  0
SEQEND
  8
FABBRICATI
  0
TEXT
  8
FABBRICATI
 62
7
 10
   49019.958
 20
   46288.011
 30
0.0
 40
       1.300
  1
151+
 50
       0.000
  0
POLYLINE
  8
FABBRICATI
 66
1
 10
0.0
 20
0.0
 30
0.0
 70
1
  0
VERTEX
  8
FABBRICATI
 10
   49016.627
 20
   46295.888
 30
0.0
  0
VERTEX
  8
FABBRICATI
 10
   49011.820
 20
   46283.780
 30
0.0
  0
VERTEX
  8
FABBRICATI
 10
   49022.821
 20
   46279.251
 30
0.0
  0
VERTEX
  8
FABBRICATI
 10
   49028.668
 20
   46293.502
 30
0.0
  0
VERTEX
  8
FABBRICATI
 10
   49020.619
 20
   46296.720
 30
0.0
  0
VERTEX
  8
FABBRICATI
 10
   49019.750
 20
   46294.667
 30
0.0
  0
VERTEX
  8
FABBRICATI
 10
   49016.627
 20
   46295.888
 30
0.0
  0
SEQEND
  8
FABBRICATI
  0
TEXT
  8
FABBRICATI
 62
7
 10
   48801.203
 20
   46422.967
 30
0.0
 40
       1.300
  1
55+
 50
       0.000
  0
POLYLINE
  8
FABBRICATI
 66
1
 10
0.0
 20
0.0
 30
0.0
 70
1
  0
VERTEX
  8
FABBRICATI
 10
   48795.757
 20
   46428.507
 30
0.0
  0
VERTEX
  8
FABBRICATI
 10
   48795.841
 20
   46426.162
 30
0.0
  0
VERTEX
  8
FABBRICATI
 10
   48796.161
 20
   46423.070
 30
0.0
  0
VERTEX
  8
FABBRICATI
 10
   48797.252
 20
   46423.034
 30
0.0
  0
VERTEX
  8
FABBRICATI
 10
   48797.947
 20
   46417.237
 30
0.0
  0
VERTEX
  8
FABBRICATI
 10
   48801.969
 20
   46417.408
 30
0.0
  0
VERTEX
  8
FABBRICATI
 10
   48802.399
 20
   46417.560
 30
0.0
  0
VERTEX
  8
FABBRICATI
 10
   48802.459
 20
   46418.181
 30
0.0
  0
VERTEX
  8
FABBRICATI
 10
   48803.733
 20
   46418.230
 30
0.0
  0
VERTEX
  8
FABBRICATI
 10
   48803.922
 20
   46418.793
 30
0.0
  0
VERTEX
  8
FABBRICATI
 10
   48805.250
 20
   46419.016
 30
0.0
  0
VERTEX
  8
FABBRICATI
 10
   48805.377
 20
   46420.016
 30
0.0
  0
VERTEX
  8
FABBRICATI
 10
   48805.013
 20
   46424.634
 30
0.0
  0
VERTEX
  8
FABBRICATI
 10
   48804.631
 20
   46428.635
 30
0.0
  0
VERTEX
  8
FABBRICATI
 10
   48795.757
 20
   46428.507
 30
0.0
  0
SEQEND
  8
FABBRICATI
  0
TEXT
  8
FABBRICATI
 62
7
 10
   48759.231
 20
   46425.918
 30
0.0
 40
       1.300
  1
333+
 50
       0.000
  0
POLYLINE
  8
FABBRICATI
 66
1
 10
0.0
 20
0.0
 30
0.0
 70
1
  0
VERTEX
  8
FABBRICATI
 10
   48756.679
 20
   46428.916
 30
0.0
  0
VERTEX
  8
FABBRICATI
 10
   48757.633
 20
   46423.581
 30
0.0
  0
VERTEX
  8
FABBRICATI
 10
   48760.906
 20
   46423.230
 30
0.0
  0
VERTEX
  8
FABBRICATI
 10
   48761.494
 20
   46427.908
 30
0.0
  0
VERTEX
  8
FABBRICATI
 10
   48756.679
 20
   46428.916
 30
0.0
  0
SEQEND
  8
FABBRICATI
  0
TEXT
  8
FABBRICATI
 62
7
 10
   48764.783
 20
   46424.947
 30
0.0
 40
       1.300
  1
334+
 50
       0.000
  0
POLYLINE
  8
FABBRICATI
 66
1
 10
0.0
 20
0.0
 30
0.0
 70
1
  0
VERTEX
  8
FABBRICATI
 10
   48761.494
 20
   46427.908
 30
0.0
  0
VERTEX
  8
FABBRICATI
 10
   48760.906
 20
   46423.230
 30
0.0
  0
VERTEX
  8
FABBRICATI
 10
   48768.041
 20
   46421.886
 30
0.0
  0
VERTEX
  8
FABBRICATI
 10
   48768.688
 20
   46426.798
 30
0.0
  0
VERTEX
  8
FABBRICATI
 10
   48761.494
 20
   46427.908
 30
0.0
  0
SEQEND
  8
FABBRICATI
  0
TEXT
  8
FABBRICATI
 62
7
 10
   48772.740
 20
   46424.123
 30
0.0
 40
       1.300
  1
335+
 50
       0.000
  0
POLYLINE
  8
FABBRICATI
 66
1
 10
0.0
 20
0.0
 30
0.0
 70
1
  0
VERTEX
  8
FABBRICATI
 10
   48768.688
 20
   46426.798
 30
0.0
  0
VERTEX
  8
FABBRICATI
 10
   48768.041
 20
   46421.886
 30
0.0
  0
VERTEX
  8
FABBRICATI
 10
   48776.137
 20
   46420.379
 30
0.0
  0
VERTEX
  8
FABBRICATI
 10
   48777.522
 20
   46425.548
 30
0.0
  0
VERTEX
  8
FABBRICATI
 10
   48773.241
 20
   46426.095
 30
0.0
  0
VERTEX
  8
FABBRICATI
 10
   48773.374
 20
   46427.199
 30
0.0
  0
VERTEX
  8
FABBRICATI
 10
   48772.307
 20
   46427.279
 30
0.0
  0
VERTEX
  8
FABBRICATI
 10
   48772.177
 20
   46426.327
 30
0.0
  0
VERTEX
  8
FABBRICATI
 10
   48768.688
 20
   46426.798
 30
0.0
  0
SEQEND
  8
FABBRICATI
  0
TEXT
  8
FABBRICATI
 62
7
 10
   48799.343
 20
   46409.085
 30
0.0
 40
       1.300
  1
220+
 50
       0.000
  0
POLYLINE
  8
FABBRICATI
 66
1
 10
0.0
 20
0.0
 30
0.0
 70
1
  0
VERTEX
  8
FABBRICATI
 10
   48796.884
 20
   46415.999
 30
0.0
  0
VERTEX
  8
FABBRICATI
 10
   48797.468
 20
   46406.539
 30
0.0
  0
VERTEX
  8
FABBRICATI
 10
   48805.213
 20
   46404.589
 30
0.0
  0
VERTEX
  8
FABBRICATI
 10
   48805.124
 20
   46406.380
 30
0.0
  0
VERTEX
  8
FABBRICATI
 10
   48801.517
 20
   46407.649
 30
0.0
  0
VERTEX
  8
FABBRICATI
 10
   48800.758
 20
   46415.380
 30
0.0
  0
VERTEX
  8
FABBRICATI
 10
   48799.245
 20
   46415.435
 30
0.0
  0
VERTEX
  8
FABBRICATI
 10
   48799.270
 20
   46416.240
 30
0.0
  0
VERTEX
  8
FABBRICATI
 10
   48796.884
 20
   46415.999
 30
0.0
  0
SEQEND
  8
FABBRICATI
  0
TEXT
  8
FABBRICATI
 62
7
 10
   48859.357
 20
   46412.398
 30
0.0
 40
       1.300
  1
339+
 50
       0.000
  0
POLYLINE
  8
FABBRICATI
 66
1
 10
0.0
 20
0.0
 30
0.0
 70
1
  0
VERTEX
  8
FABBRICATI
 10
   48854.947
 20
   46415.733
 30
0.0
  0
VERTEX
  8
FABBRICATI
 10
   48854.833
 20
   46410.190
 30
0.0
  0
VERTEX
  8
FABBRICATI
 10
   48862.887
 20
   46408.746
 30
0.0
  0
VERTEX
  8
FABBRICATI
 10
   48863.144
 20
   46409.994
 30
0.0
  0
VERTEX
  8
FABBRICATI
 10
   48864.622
 20
   46415.180
 30
0.0
  0
VERTEX
  8
FABBRICATI
 10
   48860.519
 20
   46415.450
 30
0.0
  0
VERTEX
  8
FABBRICATI
 10
   48854.947
 20
   46415.733
 30
0.0
  0
SEQEND
  8
FABBRICATI
  0
TEXT
  8
FABBRICATI
 62
7
 10
   48901.719
 20
   46322.438
 30
0.0
 40
       1.300
  1
112+
 50
       0.000
  0
POLYLINE
  8
FABBRICATI
 66
1
 10
0.0
 20
0.0
 30
0.0
 70
1
  0
VERTEX
  8
FABBRICATI
 10
   48894.212
 20
   46324.285
 30
0.0
  0
VERTEX
  8
FABBRICATI
 10
   48893.805
 20
   46322.932
 30
0.0
  0
VERTEX
  8
FABBRICATI
 10
   48900.122
 20
   46320.346
 30
0.0
  0
VERTEX
  8
FABBRICATI
 10
   48906.739
 20
   46317.826
 30
0.0
  0
VERTEX
  8
FABBRICATI
 10
   48912.265
 20
   46315.633
 30
0.0
  0
VERTEX
  8
FABBRICATI
 10
   48913.509
 20
   46317.663
 30
0.0
  0
VERTEX
  8
FABBRICATI
 10
   48910.723
 20
   46320.197
 30
0.0
  0
VERTEX
  8
FABBRICATI
 10
   48909.263
 20
   46321.028
 30
0.0
  0
VERTEX
  8
FABBRICATI
 10
   48908.121
 20
   46321.382
 30
0.0
  0
VERTEX
  8
FABBRICATI
 10
   48908.387
 20
   46322.792
 30
0.0
  0
VERTEX
  8
FABBRICATI
 10
   48905.892
 20
   46323.921
 30
0.0
  0
VERTEX
  8
FABBRICATI
 10
   48904.313
 20
   46324.542
 30
0.0
  0
VERTEX
  8
FABBRICATI
 10
   48904.549
 20
   46325.530
 30
0.0
  0
VERTEX
  8
FABBRICATI
 10
   48895.362
 20
   46329.225
 30
0.0
  0
VERTEX
  8
FABBRICATI
 10
   48894.212
 20
   46324.285
 30
0.0
  0
SEQEND
  8
FABBRICATI
  0
TEXT
  8
FABBRICATI
 62
7
 10
   48840.536
 20
   46388.051
 30
0.0
 40
       1.300
  1
340+
 50
       0.000
  0
POLYLINE
  8
FABBRICATI
 66
1
 10
0.0
 20
0.0
 30
0.0
 70
1
  0
VERTEX
  8
FABBRICATI
 10
   48835.473
 20
   46392.965
 30
0.0
  0
VERTEX
  8
FABBRICATI
 10
   48835.402
 20
   46385.373
 30
0.0
  0
VERTEX
  8
FABBRICATI
 10
   48845.655
 20
   46383.344
 30
0.0
  0
VERTEX
  8
FABBRICATI
 10
   48845.640
 20
   46390.497
 30
0.0
  0
VERTEX
  8
FABBRICATI
 10
   48835.473
 20
   46392.965
 30
0.0
  0
SEQEND
  8
FABBRICATI
  0
TEXT
  8
FABBRICATI
 62
7
 10
   48780.068
 20
   46450.490
 30
0.0
 40
       1.300
  1
47+
 50
       0.000
  0
POLYLINE
  8
FABBRICATI
 66
1
 10
0.0
 20
0.0
 30
0.0
 70
1
  0
VERTEX
  8
FABBRICATI
 10
   48773.540
 20
   46453.736
 30
0.0
  0
VERTEX
  8
FABBRICATI
 10
   48773.948
 20
   46449.047
 30
0.0
  0
VERTEX
  8
FABBRICATI
 10
   48774.249
 20
   46445.760
 30
0.0
  0
VERTEX
  8
FABBRICATI
 10
   48776.503
 20
   46445.888
 30
0.0
  0
VERTEX
  8
FABBRICATI
 10
   48786.527
 20
   46447.867
 30
0.0
  0
VERTEX
  8
FABBRICATI
 10
   48786.533
 20
   46448.538
 30
0.0
  0
VERTEX
  8
FABBRICATI
 10
   48785.815
 20
   46454.973
 30
0.0
  0
VERTEX
  8
FABBRICATI
 10
   48773.540
 20
   46453.736
 30
0.0
  0
SEQEND
  8
FABBRICATI
  0
TEXT
  8
FABBRICATI
 62
7
 10
   48762.148
 20
   46448.348
 30
0.0
 40
       1.300
  1
50+
 50
       0.000
  0
POLYLINE
  8
FABBRICATI
 66
1
 10
0.0
 20
0.0
 30
0.0
 70
1
  0
VERTEX
  8
FABBRICATI
 10
   48750.682
 20
   46445.317
 30
0.0
  0
VERTEX
  8
FABBRICATI
 10
   48751.218
 20
   46443.673
 30
0.0
  0
VERTEX
  8
FABBRICATI
 10
   48752.415
 20
   46439.955
 30
0.0
  0
VERTEX
  8
FABBRICATI
 10
   48755.637
 20
   46440.776
 30
0.0
  0
VERTEX
  8
FABBRICATI
 10
   48755.100
 20
   46443.313
 30
0.0
  0
VERTEX
  8
FABBRICATI
 10
   48773.104
 20
   46449.006
 30
0.0
  0
VERTEX
  8
FABBRICATI
 10
   48773.948
 20
   46449.047
 30
0.0
  0
VERTEX
  8
FABBRICATI
 10
   48773.540
 20
   46453.736
 30
0.0
  0
VERTEX
  8
FABBRICATI
 10
   48773.414
 20
   46454.498
 30
0.0
  0
VERTEX
  8
FABBRICATI
 10
   48753.054
 20
   46448.279
 30
0.0
  0
VERTEX
  8
FABBRICATI
 10
   48753.288
 20
   46447.022
 30
0.0
  0
VERTEX
  8
FABBRICATI
 10
   48753.350
 20
   46445.946
 30
0.0
  0
VERTEX
  8
FABBRICATI
 10
   48750.682
 20
   46445.317
 30
0.0
  0
SEQEND
  8
FABBRICATI
  0
TEXT
  8
FABBRICATI
 62
7
 10
   48792.000
 20
   46418.020
 30
0.0
 40
       1.300
  1
54+
 50
       0.000
  0
POLYLINE
  8
FABBRICATI
 66
1
 10
0.0
 20
0.0
 30
0.0
 70
1
  0
VERTEX
  8
FABBRICATI
 10
   48789.122
 20
   46428.253
 30
0.0
  0
VERTEX
  8
FABBRICATI
 10
   48790.062
 20
   46416.619
 30
0.0
  0
VERTEX
  8
FABBRICATI
 10
   48790.631
 20
   46408.379
 30
0.0
  0
VERTEX
  8
FABBRICATI
 10
   48797.468
 20
   46406.539
 30
0.0
  0
VERTEX
  8
FABBRICATI
 10
   48796.884
 20
   46415.999
 30
0.0
  0
VERTEX
  8
FABBRICATI
 10
   48796.621
 20
   46417.404
 30
0.0
  0
VERTEX
  8
FABBRICATI
 10
   48794.148
 20
   46417.297
 30
0.0
  0
VERTEX
  8
FABBRICATI
 10
   48793.599
 20
   46421.419
 30
0.0
  0
VERTEX
  8
FABBRICATI
 10
   48795.104
 20
   46421.579
 30
0.0
  0
VERTEX
  8
FABBRICATI
 10
   48794.755
 20
   46426.036
 30
0.0
  0
VERTEX
  8
FABBRICATI
 10
   48795.841
 20
   46426.162
 30
0.0
  0
VERTEX
  8
FABBRICATI
 10
   48795.757
 20
   46428.507
 30
0.0
  0
VERTEX
  8
FABBRICATI
 10
   48789.122
 20
   46428.253
 30
0.0
  0
SEQEND
  8
FABBRICATI
  0
TEXT
  8
FABBRICATI
 62
7
 10
   48858.451
 20
   46421.201
 30
0.0
 40
       1.300
  1
83+
 50
       0.000
  0
POLYLINE
  8
FABBRICATI
 66
1
 10
0.0
 20
0.0
 30
0.0
 70
1
  0
VERTEX
  8
FABBRICATI
 10
   48854.947
 20
   46415.733
 30
0.0
  0
VERTEX
  8
FABBRICATI
 10
   48860.519
 20
   46415.450
 30
0.0
  0
VERTEX
  8
FABBRICATI
 10
   48862.220
 20
   46422.532
 30
0.0
  0
VERTEX
  8
FABBRICATI
 10
   48861.170
 20
   46423.299
 30
0.0
  0
VERTEX
  8
FABBRICATI
 10
   48861.487
 20
   46424.900
 30
0.0
  0
VERTEX
  8
FABBRICATI
 10
   48858.540
 20
   46426.869
 30
0.0
  0
VERTEX
  8
FABBRICATI
 10
   48858.069
 20
   46425.104
 30
0.0
  0
VERTEX
  8
FABBRICATI
 10
   48855.050
 20
   46427.118
 30
0.0
  0
VERTEX
  8
FABBRICATI
 10
   48854.947
 20
   46415.733
 30
0.0
  0
SEQEND
  8
FABBRICATI
  0
TEXT
  8
FABBRICATI
 62
7
 10
   49001.389
 20
   46285.298
 30
0.0
 40
       1.300
  1
137+
 50
       0.000
  0
POLYLINE
  8
FABBRICATI
 66
1
 10
0.0
 20
0.0
 30
0.0
 70
1
  0
VERTEX
  8
FABBRICATI
 10
   48993.901
 20
   46275.164
 30
0.0
  0
VERTEX
  8
FABBRICATI
 10
   48993.724
 20
   46271.451
 30
0.0
  0
VERTEX
  8
FABBRICATI
 10
   48998.828
 20
   46269.346
 30
0.0
  0
VERTEX
  8
FABBRICATI
 10
   49003.558
 20
   46281.498
 30
0.0
  0
VERTEX
  8
FABBRICATI
 10
   49005.586
 20
   46286.446
 30
0.0
  0
VERTEX
  8
FABBRICATI
 10
   49009.030
 20
   46294.605
 30
0.0
  0
VERTEX
  8
FABBRICATI
 10
   48994.423
 20
   46294.580
 30
0.0
  0
VERTEX
  8
FABBRICATI
 10
   48994.355
 20
   46293.075
 30
0.0
  0
VERTEX
  8
FABBRICATI
 10
   48994.235
 20
   46289.426
 30
0.0
  0
VERTEX
  8
FABBRICATI
 10
   48999.030
 20
   46288.355
 30
0.0
  0
VERTEX
  8
FABBRICATI
 10
   48996.119
 20
   46281.845
 30
0.0
  0
VERTEX
  8
FABBRICATI
 10
   48994.311
 20
   46282.440
 30
0.0
  0
VERTEX
  8
FABBRICATI
 10
   48993.901
 20
   46275.164
 30
0.0
  0
SEQEND
  8
FABBRICATI
  0
TEXT
  8
FABBRICATI
 62
7
 10
   49047.330
 20
   46111.173
 30
0.0
 40
       1.300
  1
509+
 50
       0.000
  0
POLYLINE
  8
FABBRICATI
 66
1
 10
0.0
 20
0.0
 30
0.0
 70
1
  0
VERTEX
  8
FABBRICATI
 10
   49032.200
 20
   46103.060
 30
0.0
  0
VERTEX
  8
FABBRICATI
 10
   49027.986
 20
   46092.286
 30
0.0
  0
VERTEX
  8
FABBRICATI
 10
   49034.588
 20
   46091.633
 30
0.0
  0
VERTEX
  8
FABBRICATI
 10
   49034.699
 20
   46092.275
 30
0.0
  0
VERTEX
  8
FABBRICATI
 10
   49039.304
 20
   46092.079
 30
0.0
  0
VERTEX
  8
FABBRICATI
 10
   49042.176
 20
   46099.326
 30
0.0
  0
VERTEX
  8
FABBRICATI
 10
   49045.062
 20
   46106.229
 30
0.0
  0
VERTEX
  8
FABBRICATI
 10
   49052.328
 20
   46103.697
 30
0.0
  0
VERTEX
  8
FABBRICATI
 10
   49054.558
 20
   46102.926
 30
0.0
  0
VERTEX
  8
FABBRICATI
 10
   49056.674
 20
   46107.708
 30
0.0
  0
VERTEX
  8
FABBRICATI
 10
   49057.006
 20
   46108.423
 30
0.0
  0
VERTEX
  8
FABBRICATI
 10
   49058.078
 20
   46108.001
 30
0.0
  0
VERTEX
  8
FABBRICATI
 10
   49059.844
 20
   46112.525
 30
0.0
  0
VERTEX
  8
FABBRICATI
 10
   49045.573
 20
   46118.195
 30
0.0
  0
VERTEX
  8
FABBRICATI
 10
   49038.993
 20
   46120.584
 30
0.0
  0
VERTEX
  8
FABBRICATI
 10
   49037.476
 20
   46116.673
 30
0.0
  0
VERTEX
  8
FABBRICATI
 10
   49036.978
 20
   46115.389
 30
0.0
  0
VERTEX
  8
FABBRICATI
 10
   49035.811
 20
   46112.379
 30
0.0
  0
VERTEX
  8
FABBRICATI
 10
   49032.200
 20
   46103.060
 30
0.0
  0
SEQEND
  8
FABBRICATI
  0
TEXT
  8
FABBRICATI
 62
7
 10
   49130.268
 20
   46096.711
 30
0.0
 40
       1.300
  1
783+
 50
       0.000
  0
POLYLINE
  8
FABBRICATI
 66
1
 10
0.0
 20
0.0
 30
0.0
 70
1
  0
VERTEX
  8
FABBRICATI
 10
   49124.945
 20
   46089.017
 30
0.0
  0
VERTEX
  8
FABBRICATI
 10
   49124.506
 20
   46088.524
 30
0.0
  0
VERTEX
  8
FABBRICATI
 10
   49133.106
 20
   46083.439
 30
0.0
  0
VERTEX
  8
FABBRICATI
 10
   49134.659
 20
   46082.522
 30
0.0
  0
VERTEX
  8
FABBRICATI
 10
   49136.611
 20
   46087.801
 30
0.0
  0
VERTEX
  8
FABBRICATI
 10
   49137.182
 20
   46089.428
 30
0.0
  0
VERTEX
  8
FABBRICATI
 10
   49133.078
 20
   46091.094
 30
0.0
  0
VERTEX
  8
FABBRICATI
 10
   49132.505
 20
   46089.682
 30
0.0
  0
VERTEX
  8
FABBRICATI
 10
   49130.074
 20
   46090.692
 30
0.0
  0
VERTEX
  8
FABBRICATI
 10
   49131.806
 20
   46095.525
 30
0.0
  0
VERTEX
  8
FABBRICATI
 10
   49132.432
 20
   46097.414
 30
0.0
  0
VERTEX
  8
FABBRICATI
 10
   49133.340
 20
   46097.055
 30
0.0
  0
VERTEX
  8
FABBRICATI
 10
   49134.149
 20
   46099.347
 30
0.0
  0
VERTEX
  8
FABBRICATI
 10
   49130.010
 20
   46100.945
 30
0.0
  0
VERTEX
  8
FABBRICATI
 10
   49128.382
 20
   46096.811
 30
0.0
  0
VERTEX
  8
FABBRICATI
 10
   49124.945
 20
   46089.017
 30
0.0
  0
SEQEND
  8
FABBRICATI
  0
TEXT
  8
FABBRICATI
 62
7
 10
   49135.464
 20
   46389.880
 30
0.0
 40
       1.300
  1
166+
 50
       0.000
  0
POLYLINE
  8
FABBRICATI
 66
1
 10
0.0
 20
0.0
 30
0.0
 70
1
  0
VERTEX
  8
FABBRICATI
 10
   49120.126
 20
   46389.787
 30
0.0
  0
VERTEX
  8
FABBRICATI
 10
   49121.892
 20
   46388.529
 30
0.0
  0
VERTEX
  8
FABBRICATI
 10
   49122.716
 20
   46389.556
 30
0.0
  0
VERTEX
  8
FABBRICATI
 10
   49123.374
 20
   46389.197
 30
0.0
  0
VERTEX
  8
FABBRICATI
 10
   49126.254
 20
   46393.642
 30
0.0
  0
VERTEX
  8
FABBRICATI
 10
   49130.054
 20
   46391.378
 30
0.0
  0
VERTEX
  8
FABBRICATI
 10
   49140.258
 20
   46384.765
 30
0.0
  0
VERTEX
  8
FABBRICATI
 10
   49149.061
 20
   46378.792
 30
0.0
  0
VERTEX
  8
FABBRICATI
 10
   49150.944
 20
   46381.610
 30
0.0
  0
VERTEX
  8
FABBRICATI
 10
   49146.251
 20
   46384.754
 30
0.0
  0
VERTEX
  8
FABBRICATI
 10
   49135.847
 20
   46391.689
 30
0.0
  0
VERTEX
  8
FABBRICATI
 10
   49132.195
 20
   46394.166
 30
0.0
  0
VERTEX
  8
FABBRICATI
 10
   49125.839
 20
   46398.476
 30
0.0
  0
VERTEX
  8
FABBRICATI
 10
   49120.126
 20
   46389.787
 30
0.0
  0
SEQEND
  8
FABBRICATI
  0
TEXT
  8
FABBRICATI
 62
7
 10
   48907.289
 20
   46389.068
 30
0.0
 40
       1.300
  1
104+
 50
       0.000
  0
POLYLINE
  8
FABBRICATI
 66
1
 10
0.0
 20
0.0
 30
0.0
 70
1
  0
VERTEX
  8
FABBRICATI
 10
   48904.576
 20
   46396.116
 30
0.0
  0
VERTEX
  8
FABBRICATI
 10
   48899.981
 20
   46389.052
 30
0.0
  0
VERTEX
  8
FABBRICATI
 10
   48909.888
 20
   46382.129
 30
0.0
  0
VERTEX
  8
FABBRICATI
 10
   48914.665
 20
   46389.036
 30
0.0
  0
VERTEX
  8
FABBRICATI
 10
   48906.082
 20
   46395.091
 30
0.0
  0
VERTEX
  8
FABBRICATI
 10
   48906.915
 20
   46396.349
 30
0.0
  0
VERTEX
  8
FABBRICATI
 10
   48905.384
 20
   46397.395
 30
0.0
  0
VERTEX
  8
FABBRICATI
 10
   48904.576
 20
   46396.116
 30
0.0
  0
SEQEND
  8
FABBRICATI
  0
TEXT
  8
FABBRICATI
 62
7
 10
   48826.017
 20
   46563.655
 30
0.0
 40
       1.300
  1
12+
 50
       0.000
  0
POLYLINE
  8
FABBRICATI
 66
1
 10
0.0
 20
0.0
 30
0.0
 70
1
  0
VERTEX
  8
FABBRICATI
 10
   48814.197
 20
   46557.347
 30
0.0
  0
VERTEX
  8
FABBRICATI
 10
   48815.984
 20
   46556.384
 30
0.0
  0
VERTEX
  8
FABBRICATI
 10
   48819.305
 20
   46560.746
 30
0.0
  0
VERTEX
  8
FABBRICATI
 10
   48821.807
 20
   46559.132
 30
0.0
  0
VERTEX
  8
FABBRICATI
 10
   48818.593
 20
   46554.732
 30
0.0
  0
VERTEX
  8
FABBRICATI
 10
   48821.628
 20
   46552.647
 30
0.0
  0
VERTEX
  8
FABBRICATI
 10
   48822.511
 20
   46553.932
 30
0.0
  0
VERTEX
  8
FABBRICATI
 10
   48821.688
 20
   46554.606
 30
0.0
  0
VERTEX
  8
FABBRICATI
 10
   48823.812
 20
   46557.360
 30
0.0
  0
VERTEX
  8
FABBRICATI
 10
   48825.662
 20
   46555.886
 30
0.0
  0
VERTEX
  8
FABBRICATI
 10
   48822.776
 20
   46551.868
 30
0.0
  0
VERTEX
  8
FABBRICATI
 10
   48824.504
 20
   46550.628
 30
0.0
  0
VERTEX
  8
FABBRICATI
 10
   48833.882
 20
   46563.381
 30
0.0
  0
VERTEX
  8
FABBRICATI
 10
   48823.684
 20
   46570.326
 30
0.0
  0
VERTEX
  8
FABBRICATI
 10
   48820.338
 20
   46566.043
 30
0.0
  0
VERTEX
  8
FABBRICATI
 10
   48814.197
 20
   46557.347
 30
0.0
  0
SEQEND
  8
FABBRICATI
  0
TEXT
  8
FABBRICATI
 62
7
 10
   48787.814
 20
   46560.990
 30
0.0
 40
       1.300
  1
7+
 50
       0.000
  0
POLYLINE
  8
FABBRICATI
 66
1
 10
0.0
 20
0.0
 30
0.0
 70
1
  0
VERTEX
  8
FABBRICATI
 10
   48782.373
 20
   46562.888
 30
0.0
  0
VERTEX
  8
FABBRICATI
 10
   48782.751
 20
   46561.856
 30
0.0
  0
VERTEX
  8
FABBRICATI
 10
   48783.290
 20
   46561.151
 30
0.0
  0
VERTEX
  8
FABBRICATI
 10
   48787.929
 20
   46553.843
 30
0.0
  0
VERTEX
  8
FABBRICATI
 10
   48793.841
 20
   46559.242
 30
0.0
  0
VERTEX
  8
FABBRICATI
 10
   48789.847
 20
   46563.609
 30
0.0
  0
VERTEX
  8
FABBRICATI
 10
   48792.154
 20
   46565.617
 30
0.0
  0
VERTEX
  8
FABBRICATI
 10
   48788.991
 20
   46568.761
 30
0.0
  0
VERTEX
  8
FABBRICATI
 10
   48782.373
 20
   46562.888
 30
0.0
  0
SEQEND
  8
FABBRICATI
  0
TEXT
  8
FABBRICATI
 62
7
 10
   48831.221
 20
   46555.907
 30
0.0
 40
       1.300
  1
18+
 50
       0.000
  0
POLYLINE
  8
FABBRICATI
 66
1
 10
0.0
 20
0.0
 30
0.0
 70
1
  0
VERTEX
  8
FABBRICATI
 10
   48824.504
 20
   46550.628
 30
0.0
  0
VERTEX
  8
FABBRICATI
 10
   48826.697
 20
   46549.322
 30
0.0
  0
VERTEX
  8
FABBRICATI
 10
   48829.723
 20
   46553.241
 30
0.0
  0
VERTEX
  8
FABBRICATI
 10
   48831.457
 20
   46552.092
 30
0.0
  0
VERTEX
  8
FABBRICATI
 10
   48837.495
 20
   46560.951
 30
0.0
  0
VERTEX
  8
FABBRICATI
 10
   48833.882
 20
   46563.381
 30
0.0
  0
VERTEX
  8
FABBRICATI
 10
   48824.504
 20
   46550.628
 30
0.0
  0
SEQEND
  8
FABBRICATI
  0
TEXT
  8
FABBRICATI
 62
7
 10
   48801.145
 20
   46550.302
 30
0.0
 40
       1.300
  1
217+
 50
       0.000
  0
POLYLINE
  8
FABBRICATI
 66
1
 10
0.0
 20
0.0
 30
0.0
 70
1
  0
VERTEX
  8
FABBRICATI
 10
   48798.287
 20
   46556.883
 30
0.0
  0
VERTEX
  8
FABBRICATI
 10
   48794.836
 20
   46553.610
 30
0.0
  0
VERTEX
  8
FABBRICATI
 10
   48797.965
 20
   46550.007
 30
0.0
  0
VERTEX
  8
FABBRICATI
 10
   48802.993
 20
   46544.872
 30
0.0
  0
VERTEX
  8
FABBRICATI
 10
   48804.247
 20
   46543.618
 30
0.0
  0
VERTEX
  8
FABBRICATI
 10
   48807.502
 20
   46547.253
 30
0.0
  0
VERTEX
  8
FABBRICATI
 10
   48798.287
 20
   46556.883
 30
0.0
  0
SEQEND
  8
FABBRICATI
  0
TEXT
  8
FABBRICATI
 62
7
 10
   48883.043
 20
   46546.711
 30
0.0
 40
       1.300
  1
28+
 50
       0.000
  0
POLYLINE
  8
FABBRICATI
 66
1
 10
0.0
 20
0.0
 30
0.0
 70
1
  0
VERTEX
  8
FABBRICATI
 10
   48879.875
 20
   46556.554
 30
0.0
  0
VERTEX
  8
FABBRICATI
 10
   48872.343
 20
   46545.804
 30
0.0
  0
VERTEX
  8
FABBRICATI
 10
   48886.529
 20
   46536.564
 30
0.0
  0
VERTEX
  8
FABBRICATI
 10
   48893.409
 20
   46547.171
 30
0.0
  0
VERTEX
  8
FABBRICATI
 10
   48879.875
 20
   46556.554
 30
0.0
  0
SEQEND
  8
FABBRICATI
  0
TEXT
  8
FABBRICATI
 62
7
 10
   48849.246
 20
   46548.244
 30
0.0
 40
       1.300
  1
26+
 50
       0.000
  0
POLYLINE
  8
FABBRICATI
 66
1
 10
0.0
 20
0.0
 30
0.0
 70
1
  0
VERTEX
  8
FABBRICATI
 10
   48837.943
 20
   46542.484
 30
0.0
  0
VERTEX
  8
FABBRICATI
 10
   48840.339
 20
   46540.958
 30
0.0
  0
VERTEX
  8
FABBRICATI
 10
   48843.139
 20
   46544.766
 30
0.0
  0
VERTEX
  8
FABBRICATI
 10
   48847.459
 20
   46541.994
 30
0.0
  0
VERTEX
  8
FABBRICATI
 10
   48844.852
 20
   46537.859
 30
0.0
  0
VERTEX
  8
FABBRICATI
 10
   48847.715
 20
   46535.953
 30
0.0
  0
VERTEX
  8
FABBRICATI
 10
   48856.757
 20
   46548.255
 30
0.0
  0
VERTEX
  8
FABBRICATI
 10
   48854.810
 20
   46549.497
 30
0.0
  0
VERTEX
  8
FABBRICATI
 10
   48846.376
 20
   46555.017
 30
0.0
  0
VERTEX
  8
FABBRICATI
 10
   48837.943
 20
   46542.484
 30
0.0
  0
SEQEND
  8
FABBRICATI
  0
TEXT
  8
FABBRICATI
 62
7
 10
   48868.090
 20
   46401.157
 30
0.0
 40
       1.300
  1
663+
 50
       0.000
  0
POLYLINE
  8
FABBRICATI
 66
1
 10
0.0
 20
0.0
 30
0.0
 70
1
  0
VERTEX
  8
FABBRICATI
 10
   48867.340
 20
   46403.328
 30
0.0
  0
VERTEX
  8
FABBRICATI
 10
   48867.056
 20
   46399.372
 30
0.0
  0
VERTEX
  8
FABBRICATI
 10
   48868.794
 20
   46399.244
 30
0.0
  0
VERTEX
  8
FABBRICATI
 10
   48869.145
 20
   46402.584
 30
0.0
  0
VERTEX
  8
FABBRICATI
 10
   48867.340
 20
   46403.328
 30
0.0
  0
SEQEND
  8
FABBRICATI
  0
TEXT
  8
FABBRICATI
 62
7
 10
   48866.932
 20
   46413.907
 30
0.0
 40
       1.300
  1
131+
 50
       0.000
  0
POLYLINE
  8
FABBRICATI
 66
1
 10
0.0
 20
0.0
 30
0.0
 70
1
  0
VERTEX
  8
FABBRICATI
 10
   48864.622
 20
   46415.180
 30
0.0
  0
VERTEX
  8
FABBRICATI
 10
   48863.144
 20
   46409.994
 30
0.0
  0
VERTEX
  8
FABBRICATI
 10
   48867.898
 20
   46407.752
 30
0.0
  0
VERTEX
  8
FABBRICATI
 10
   48870.573
 20
   46417.395
 30
0.0
  0
VERTEX
  8
FABBRICATI
 10
   48865.598
 20
   46420.301
 30
0.0
  0
VERTEX
  8
FABBRICATI
 10
   48864.622
 20
   46415.180
 30
0.0
  0
SEQEND
  8
FABBRICATI
  0
TEXT
  8
FABBRICATI
 62
7
 10
   48837.771
 20
   46347.965
 30
0.0
 40
       1.300
  1
72+
 50
       0.000
  0
POLYLINE
  8
FABBRICATI
 66
1
 10
0.0
 20
0.0
 30
0.0
 70
1
  0
VERTEX
  8
FABBRICATI
 10
   48830.156
 20
   46350.921
 30
0.0
  0
VERTEX
  8
FABBRICATI
 10
   48832.794
 20
   46341.705
 30
0.0
  0
VERTEX
  8
FABBRICATI
 10
   48845.356
 20
   46344.922
 30
0.0
  0
VERTEX
  8
FABBRICATI
 10
   48842.837
 20
   46354.315
 30
0.0
  0
VERTEX
  8
FABBRICATI
 10
   48830.156
 20
   46350.921
 30
0.0
  0
SEQEND
  8
FABBRICATI
  0
TEXT
  8
FABBRICATI
 62
7
 10
   48871.614
 20
   46411.517
 30
0.0
 40
       1.300
  1
100+
 50
       0.000
  0
POLYLINE
  8
FABBRICATI
 66
1
 10
0.0
 20
0.0
 30
0.0
 70
1
  0
VERTEX
  8
FABBRICATI
 10
   48870.573
 20
   46417.395
 30
0.0
  0
VERTEX
  8
FABBRICATI
 10
   48867.898
 20
   46407.752
 30
0.0
  0
VERTEX
  8
FABBRICATI
 10
   48872.724
 20
   46405.687
 30
0.0
  0
VERTEX
  8
FABBRICATI
 10
   48875.091
 20
   46414.530
 30
0.0
  0
VERTEX
  8
FABBRICATI
 10
   48870.573
 20
   46417.395
 30
0.0
  0
SEQEND
  8
FABBRICATI
  0
TEXT
  8
FABBRICATI
 62
7
 10
   48877.199
 20
   46406.418
 30
0.0
 40
       1.300
  1
101+
 50
       0.000
  0
POLYLINE
  8
FABBRICATI
 66
1
 10
0.0
 20
0.0
 30
0.0
 70
1
  0
VERTEX
  8
FABBRICATI
 10
   48872.977
 20
   46403.390
 30
0.0
  0
VERTEX
  8
FABBRICATI
 10
   48871.746
 20
   46398.339
 30
0.0
  0
VERTEX
  8
FABBRICATI
 10
   48879.088
 20
   46397.250
 30
0.0
  0
VERTEX
  8
FABBRICATI
 10
   48882.920
 20
   46411.946
 30
0.0
  0
VERTEX
  8
FABBRICATI
 10
   48875.581
 20
   46416.349
 30
0.0
  0
VERTEX
  8
FABBRICATI
 10
   48875.091
 20
   46414.530
 30
0.0
  0
VERTEX
  8
FABBRICATI
 10
   48872.724
 20
   46405.687
 30
0.0
  0
VERTEX
  8
FABBRICATI
 10
   48872.155
 20
   46403.656
 30
0.0
  0
VERTEX
  8
FABBRICATI
 10
   48872.977
 20
   46403.390
 30
0.0
  0
SEQEND
  8
FABBRICATI
  0
TEXT
  8
FABBRICATI
 62
7
 10
   48897.366
 20
   46393.744
 30
0.0
 40
       1.300
  1
103+
 50
       0.000
  0
POLYLINE
  8
FABBRICATI
 66
1
 10
0.0
 20
0.0
 30
0.0
 70
1
  0
VERTEX
  8
FABBRICATI
 10
   48895.592
 20
   46402.321
 30
0.0
  0
VERTEX
  8
FABBRICATI
 10
   48889.561
 20
   46389.055
 30
0.0
  0
VERTEX
  8
FABBRICATI
 10
   48897.882
 20
   46385.848
 30
0.0
  0
VERTEX
  8
FABBRICATI
 10
   48899.981
 20
   46389.052
 30
0.0
  0
VERTEX
  8
FABBRICATI
 10
   48904.576
 20
   46396.116
 30
0.0
  0
VERTEX
  8
FABBRICATI
 10
   48895.592
 20
   46402.321
 30
0.0
  0
SEQEND
  8
FABBRICATI
  0
TEXT
  8
FABBRICATI
 62
7
 10
   49036.478
 20
   46080.265
 30
0.0
 40
       1.300
  1
787+
 50
       0.000
  0
POLYLINE
  8
FABBRICATI
 66
1
 10
0.0
 20
0.0
 30
0.0
 70
1
  0
VERTEX
  8
FABBRICATI
 10
   49029.577
 20
   46076.531
 30
0.0
  0
VERTEX
  8
FABBRICATI
 10
   49034.415
 20
   46072.681
 30
0.0
  0
VERTEX
  8
FABBRICATI
 10
   49041.385
 20
   46081.651
 30
0.0
  0
VERTEX
  8
FABBRICATI
 10
   49042.358
 20
   46082.381
 30
0.0
  0
VERTEX
  8
FABBRICATI
 10
   49043.518
 20
   46084.683
 30
0.0
  0
VERTEX
  8
FABBRICATI
 10
   49039.548
 20
   46088.989
 30
0.0
  0
VERTEX
  8
FABBRICATI
 10
   49038.827
 20
   46087.980
 30
0.0
  0
VERTEX
  8
FABBRICATI
 10
   49034.580
 20
   46082.614
 30
0.0
  0
VERTEX
  8
FABBRICATI
 10
   49029.577
 20
   46076.531
 30
0.0
  0
SEQEND
  8
FABBRICATI
  0
TEXT
  8
FABBRICATI
 62
7
 10
   48987.791
 20
   45861.945
 30
0.0
 40
       1.300
  1
827+
 50
       0.000
  0
POLYLINE
  8
FABBRICATI
 66
1
 10
0.0
 20
0.0
 30
0.0
 70
1
  0
VERTEX
  8
FABBRICATI
 10
   48984.728
 20
   45873.136
 30
0.0
  0
VERTEX
  8
FABBRICATI
 10
   48980.041
 20
   45858.339
 30
0.0
  0
VERTEX
  8
FABBRICATI
 10
   48985.657
 20
   45857.639
 30
0.0
  0
VERTEX
  8
FABBRICATI
 10
   48986.389
 20
   45857.629
 30
0.0
  0
VERTEX
  8
FABBRICATI
 10
   48986.345
 20
   45853.108
 30
0.0
  0
VERTEX
  8
FABBRICATI
 10
   48993.990
 20
   45852.397
 30
0.0
  0
VERTEX
  8
FABBRICATI
 10
   48994.422
 20
   45862.229
 30
0.0
  0
VERTEX
  8
FABBRICATI
 10
   48998.543
 20
   45861.125
 30
0.0
  0
VERTEX
  8
FABBRICATI
 10
   48999.297
 20
   45863.476
 30
0.0
  0
VERTEX
  8
FABBRICATI
 10
   49000.542
 20
   45867.224
 30
0.0
  0
VERTEX
  8
FABBRICATI
 10
   48992.666
 20
   45870.328
 30
0.0
  0
VERTEX
  8
FABBRICATI
 10
   48984.728
 20
   45873.136
 30
0.0
  0
SEQEND
  8
FABBRICATI
  0
TEXT
  8
FABBRICATI
 62
7
 10
   48954.258
 20
   46355.551
 30
0.0
 40
       1.300
  1
226+
 50
       0.000
  0
POLYLINE
  8
FABBRICATI
 66
1
 10
0.0
 20
0.0
 30
0.0
 70
1
  0
VERTEX
  8
FABBRICATI
 10
   48953.502
 20
   46361.397
 30
0.0
  0
VERTEX
  8
FABBRICATI
 10
   48948.539
 20
   46354.270
 30
0.0
  0
VERTEX
  8
FABBRICATI
 10
   48955.118
 20
   46349.688
 30
0.0
  0
VERTEX
  8
FABBRICATI
 10
   48960.097
 20
   46357.044
 30
0.0
  0
VERTEX
  8
FABBRICATI
 10
   48953.502
 20
   46361.397
 30
0.0
  0
SEQEND
  8
FABBRICATI
  0
TEXT
  8
FABBRICATI
 62
7
 10
   48875.638
 20
   46349.537
 30
0.0
 40
       1.300
  1
94+
 50
       0.000
  0
POLYLINE
  8
FABBRICATI
 66
1
 10
0.0
 20
0.0
 30
0.0
 70
1
  0
VERTEX
  8
FABBRICATI
 10
   48869.784
 20
   46356.697
 30
0.0
  0
VERTEX
  8
FABBRICATI
 10
   48869.243
 20
   46354.464
 30
0.0
  0
VERTEX
  8
FABBRICATI
 10
   48871.408
 20
   46354.192
 30
0.0
  0
VERTEX
  8
FABBRICATI
 10
   48870.178
 20
   46344.047
 30
0.0
  0
VERTEX
  8
FABBRICATI
 10
   48879.261
 20
   46342.582
 30
0.0
  0
VERTEX
  8
FABBRICATI
 10
   48880.481
 20
   46349.838
 30
0.0
  0
VERTEX
  8
FABBRICATI
 10
   48881.422
 20
   46355.073
 30
0.0
  0
VERTEX
  8
FABBRICATI
 10
   48879.731
 20
   46355.208
 30
0.0
  0
VERTEX
  8
FABBRICATI
 10
   48869.784
 20
   46356.697
 30
0.0
  0
SEQEND
  8
FABBRICATI
  0
TEXT
  8
FABBRICATI
 62
7
 10
   48943.451
 20
   46347.621
 30
0.0
 40
       1.300
  1
228+
 50
       0.000
  0
POLYLINE
  8
FABBRICATI
 66
1
 10
0.0
 20
0.0
 30
0.0
 70
1
  0
VERTEX
  8
FABBRICATI
 10
   48931.975
 20
   46354.505
 30
0.0
  0
VERTEX
  8
FABBRICATI
 10
   48929.117
 20
   46350.674
 30
0.0
  0
VERTEX
  8
FABBRICATI
 10
   48939.015
 20
   46343.902
 30
0.0
  0
VERTEX
  8
FABBRICATI
 10
   48947.508
 20
   46338.255
 30
0.0
  0
VERTEX
  8
FABBRICATI
 10
   48953.671
 20
   46347.396
 30
0.0
  0
VERTEX
  8
FABBRICATI
 10
   48946.797
 20
   46351.895
 30
0.0
  0
VERTEX
  8
FABBRICATI
 10
   48942.707
 20
   46354.882
 30
0.0
  0
VERTEX
  8
FABBRICATI
 10
   48942.151
 20
   46354.237
 30
0.0
  0
VERTEX
  8
FABBRICATI
 10
   48944.030
 20
   46352.851
 30
0.0
  0
VERTEX
  8
FABBRICATI
 10
   48943.106
 20
   46351.718
 30
0.0
  0
VERTEX
  8
FABBRICATI
 10
   48934.319
 20
   46357.821
 30
0.0
  0
VERTEX
  8
FABBRICATI
 10
   48931.975
 20
   46354.505
 30
0.0
  0
SEQEND
  8
FABBRICATI
  0
TEXT
  8
FABBRICATI
 62
7
 10
   48959.391
 20
   46350.654
 30
0.0
 40
       1.300
  1
225+
 50
       0.000
  0
POLYLINE
  8
FABBRICATI
 66
1
 10
0.0
 20
0.0
 30
0.0
 70
1
  0
VERTEX
  8
FABBRICATI
 10
   48955.118
 20
   46349.688
 30
0.0
  0
VERTEX
  8
FABBRICATI
 10
   48953.671
 20
   46347.396
 30
0.0
  0
VERTEX
  8
FABBRICATI
 10
   48958.363
 20
   46343.982
 30
0.0
  0
VERTEX
  8
FABBRICATI
 10
   48965.009
 20
   46353.527
 30
0.0
  0
VERTEX
  8
FABBRICATI
 10
   48960.097
 20
   46357.044
 30
0.0
  0
VERTEX
  8
FABBRICATI
 10
   48955.118
 20
   46349.688
 30
0.0
  0
SEQEND
  8
FABBRICATI
  0
TEXT
  8
FABBRICATI
 62
7
 10
   49184.487
 20
   46352.503
 30
0.0
 40
       1.300
  1
167+
 50
       0.000
  0
POLYLINE
  8
FABBRICATI
 66
1
 10
0.0
 20
0.0
 30
0.0
 70
1
  0
VERTEX
  8
FABBRICATI
 10
   49178.566
 20
   46349.755
 30
0.0
  0
VERTEX
  8
FABBRICATI
 10
   49184.812
 20
   46346.449
 30
0.0
  0
VERTEX
  8
FABBRICATI
 10
   49190.505
 20
   46355.719
 30
0.0
  0
VERTEX
  8
FABBRICATI
 10
   49185.079
 20
   46359.276
 30
0.0
  0
VERTEX
  8
FABBRICATI
 10
   49178.566
 20
   46349.755
 30
0.0
  0
SEQEND
  8
FABBRICATI
  0
TEXT
  8
FABBRICATI
 62
7
 10
   48984.673
 20
   46283.843
 30
0.0
 40
       1.300
  1
135+
 50
       0.000
  0
POLYLINE
  8
FABBRICATI
 66
1
 10
0.0
 20
0.0
 30
0.0
 70
1
  0
VERTEX
  8
FABBRICATI
 10
   48980.640
 20
   46292.362
 30
0.0
  0
VERTEX
  8
FABBRICATI
 10
   48981.030
 20
   46280.989
 30
0.0
  0
VERTEX
  8
FABBRICATI
 10
   48981.145
 20
   46275.637
 30
0.0
  0
VERTEX
  8
FABBRICATI
 10
   48988.419
 20
   46275.554
 30
0.0
  0
VERTEX
  8
FABBRICATI
 10
   48988.407
 20
   46291.812
 30
0.0
  0
VERTEX
  8
FABBRICATI
 10
   48980.640
 20
   46292.362
 30
0.0
  0
SEQEND
  8
FABBRICATI
  0
TEXT
  8
FABBRICATI
 62
7
 10
   48964.479
 20
   46346.961
 30
0.0
 40
       1.300
  1
117+
 50
       0.000
  0
POLYLINE
  8
FABBRICATI
 66
1
 10
0.0
 20
0.0
 30
0.0
 70
1
  0
VERTEX
  8
FABBRICATI
 10
   48958.363
 20
   46343.982
 30
0.0
  0
VERTEX
  8
FABBRICATI
 10
   48963.762
 20
   46340.002
 30
0.0
  0
VERTEX
  8
FABBRICATI
 10
   48964.783
 20
   46341.556
 30
0.0
  0
VERTEX
  8
FABBRICATI
 10
   48970.635
 20
   46350.019
 30
0.0
  0
VERTEX
  8
FABBRICATI
 10
   48965.009
 20
   46353.527
 30
0.0
  0
VERTEX
  8
FABBRICATI
 10
   48958.363
 20
   46343.982
 30
0.0
  0
SEQEND
  8
FABBRICATI
  0
TEXT
  8
FABBRICATI
 62
7
 10
   48973.194
 20
   46343.440
 30
0.0
 40
       1.300
  1
118+
 50
       0.000
  0
POLYLINE
  8
FABBRICATI
 66
1
 10
0.0
 20
0.0
 30
0.0
 70
1
  0
VERTEX
  8
FABBRICATI
 10
   48964.783
 20
   46341.556
 30
0.0
  0
VERTEX
  8
FABBRICATI
 10
   48967.054
 20
   46340.057
 30
0.0
  0
VERTEX
  8
FABBRICATI
 10
   48968.449
 20
   46341.862
 30
0.0
  0
VERTEX
  8
FABBRICATI
 10
   48976.865
 20
   46336.152
 30
0.0
  0
VERTEX
  8
FABBRICATI
 10
   48981.704
 20
   46342.558
 30
0.0
  0
VERTEX
  8
FABBRICATI
 10
   48970.635
 20
   46350.019
 30
0.0
  0
VERTEX
  8
FABBRICATI
 10
   48964.783
 20
   46341.556
 30
0.0
  0
SEQEND
  8
FABBRICATI
  0
TEXT
  8
FABBRICATI
 62
7
 10
   49129.972
 20
   46322.330
 30
0.0
 40
       1.300
  1
166+
 50
       0.000
  0
POLYLINE
  8
FABBRICATI
 66
1
 10
0.0
 20
0.0
 30
0.0
 70
1
  0
VERTEX
  8
FABBRICATI
 10
   49092.557
 20
   46341.986
 30
0.0
  0
VERTEX
  8
FABBRICATI
 10
   49090.547
 20
   46338.636
 30
0.0
  0
VERTEX
  8
FABBRICATI
 10
   49097.674
 20
   46333.861
 30
0.0
  0
VERTEX
  8
FABBRICATI
 10
   49112.396
 20
   46324.045
 30
0.0
  0
VERTEX
  8
FABBRICATI
 10
   49124.089
 20
   46316.131
 30
0.0
  0
VERTEX
  8
FABBRICATI
 10
   49137.906
 20
   46307.174
 30
0.0
  0
VERTEX
  8
FABBRICATI
 10
   49143.517
 20
   46315.072
 30
0.0
  0
VERTEX
  8
FABBRICATI
 10
   49141.250
 20
   46316.811
 30
0.0
  0
VERTEX
  8
FABBRICATI
 10
   49146.019
 20
   46324.174
 30
0.0
  0
VERTEX
  8
FABBRICATI
 10
   49150.250
 20
   46330.358
 30
0.0
  0
VERTEX
  8
FABBRICATI
 10
   49153.189
 20
   46328.739
 30
0.0
  0
VERTEX
  8
FABBRICATI
 10
   49159.844
 20
   46338.654
 30
0.0
  0
VERTEX
  8
FABBRICATI
 10
   49157.387
 20
   46340.376
 30
0.0
  0
VERTEX
  8
FABBRICATI
 10
   49162.063
 20
   46347.686
 30
0.0
  0
VERTEX
  8
FABBRICATI
 10
   49164.346
 20
   46351.378
 30
0.0
  0
VERTEX
  8
FABBRICATI
 10
   49167.404
 20
   46349.567
 30
0.0
  0
VERTEX
  8
FABBRICATI
 10
   49170.438
 20
   46353.943
 30
0.0
  0
VERTEX
  8
FABBRICATI
 10
   49168.824
 20
   46358.131
 30
0.0
  0
VERTEX
  8
FABBRICATI
 10
   49156.921
 20
   46366.096
 30
0.0
  0
VERTEX
  8
FABBRICATI
 10
   49139.622
 20
   46377.789
 30
0.0
  0
VERTEX
  8
FABBRICATI
 10
   49124.312
 20
   46388.131
 30
0.0
  0
VERTEX
  8
FABBRICATI
 10
   49122.682
 20
   46385.954
 30
0.0
  0
VERTEX
  8
FABBRICATI
 10
   49121.642
 20
   46386.536
 30
0.0
  0
VERTEX
  8
FABBRICATI
 10
   49117.905
 20
   46380.997
 30
0.0
  0
VERTEX
  8
FABBRICATI
 10
   49123.908
 20
   46377.009
 30
0.0
  0
VERTEX
  8
FABBRICATI
 10
   49114.267
 20
   46363.415
 30
0.0
  0
VERTEX
  8
FABBRICATI
 10
   49108.627
 20
   46366.905
 30
0.0
  0
VERTEX
  8
FABBRICATI
 10
   49102.234
 20
   46357.096
 30
0.0
  0
VERTEX
  8
FABBRICATI
 10
   49092.557
 20
   46341.986
 30
0.0
  0
SEQEND
  8
FABBRICATI
  0
POLYLINE
  8
FABBRICATI
  6
INTERNA
 66
1
 10
0.0
 20
0.0
 30
0.0
 70
1
  0
VERTEX
  8
FABBRICATI
  6
INTERNA
 10
   49102.927
 20
   46333.168
 30
0.0
  0
VERTEX
  8
FABBRICATI
  6
INTERNA
 10
   49104.593
 20
   46335.620
 30
0.0
  0
VERTEX
  8
FABBRICATI
  6
INTERNA
 10
   49110.319
 20
   46332.299
 30
0.0
  0
VERTEX
  8
FABBRICATI
  6
INTERNA
 10
   49115.366
 20
   46340.363
 30
0.0
  0
VERTEX
  8
FABBRICATI
  6
INTERNA
 10
   49118.898
 20
   46338.205
 30
0.0
  0
VERTEX
  8
FABBRICATI
  6
INTERNA
 10
   49112.532
 20
   46327.296
 30
0.0
  0
VERTEX
  8
FABBRICATI
  6
INTERNA
 10
   49102.927
 20
   46333.168
 30
0.0
  0
SEQEND
  0
POLYLINE
  8
FABBRICATI
  6
INTERNA
 66
1
 10
0.0
 20
0.0
 30
0.0
 70
1
  0
VERTEX
  8
FABBRICATI
  6
INTERNA
 10
   49118.493
 20
   46345.247
 30
0.0
  0
VERTEX
  8
FABBRICATI
  6
INTERNA
 10
   49121.201
 20
   46349.454
 30
0.0
  0
VERTEX
  8
FABBRICATI
  6
INTERNA
 10
   49140.780
 20
   46336.736
 30
0.0
  0
VERTEX
  8
FABBRICATI
  6
INTERNA
 10
   49135.743
 20
   46329.298
 30
0.0
  0
VERTEX
  8
FABBRICATI
  6
INTERNA
 10
   49125.128
 20
   46336.537
 30
0.0
  0
VERTEX
  8
FABBRICATI
  6
INTERNA
 10
   49126.843
 20
   46339.879
 30
0.0
  0
VERTEX
  8
FABBRICATI
  6
INTERNA
 10
   49118.493
 20
   46345.247
 30
0.0
  0
SEQEND
  0
POLYLINE
  8
FABBRICATI
  6
INTERNA
 66
1
 10
0.0
 20
0.0
 30
0.0
 70
1
  0
VERTEX
  8
FABBRICATI
  6
INTERNA
 10
   49126.410
 20
   46360.323
 30
0.0
  0
VERTEX
  8
FABBRICATI
  6
INTERNA
 10
   49127.683
 20
   46362.269
 30
0.0
  0
VERTEX
  8
FABBRICATI
  6
INTERNA
 10
   49135.769
 20
   46374.144
 30
0.0
  0
VERTEX
  8
FABBRICATI
  6
INTERNA
 10
   49139.467
 20
   46371.659
 30
0.0
  0
VERTEX
  8
FABBRICATI
  6
INTERNA
 10
   49137.632
 20
   46368.517
 30
0.0
  0
VERTEX
  8
FABBRICATI
  6
INTERNA
 10
   49139.371
 20
   46367.259
 30
0.0
  0
VERTEX
  8
FABBRICATI
  6
INTERNA
 10
   49132.358
 20
   46356.447
 30
0.0
  0
VERTEX
  8
FABBRICATI
  6
INTERNA
 10
   49126.410
 20
   46360.323
 30
0.0
  0
SEQEND
  0
POLYLINE
  8
FABBRICATI
  6
INTERNA
 66
1
 10
0.0
 20
0.0
 30
0.0
 70
1
  0
VERTEX
  8
FABBRICATI
  6
INTERNA
 10
   49137.353
 20
   46353.158
 30
0.0
  0
VERTEX
  8
FABBRICATI
  6
INTERNA
 10
   49139.110
 20
   46355.851
 30
0.0
  0
VERTEX
  8
FABBRICATI
  6
INTERNA
 10
   49140.773
 20
   46354.913
 30
0.0
  0
VERTEX
  8
FABBRICATI
  6
INTERNA
 10
   49142.767
 20
   46358.057
 30
0.0
  0
VERTEX
  8
FABBRICATI
  6
INTERNA
 10
   49143.973
 20
   46357.451
 30
0.0
  0
VERTEX
  8
FABBRICATI
  6
INTERNA
 10
   49149.188
 20
   46365.340
 30
0.0
  0
VERTEX
  8
FABBRICATI
  6
INTERNA
 10
   49156.344
 20
   46360.812
 30
0.0
  0
VERTEX
  8
FABBRICATI
  6
INTERNA
 10
   49147.587
 20
   46346.712
 30
0.0
  0
VERTEX
  8
FABBRICATI
  6
INTERNA
 10
   49137.353
 20
   46353.158
 30
0.0
  0
SEQEND
  0
TEXT
  8
FABBRICATI
 62
7
 10
   49150.725
 20
   46033.700
 30
0.0
 40
       1.300
  1
206+
 50
       0.000
  0
POLYLINE
  8
FABBRICATI
 66
1
 10
0.0
 20
0.0
 30
0.0
 70
1
  0
VERTEX
  8
FABBRICATI
 10
   49147.221
 20
   46034.918
 30
0.0
  0
VERTEX
  8
FABBRICATI
 10
   49144.054
 20
   46028.318
 30
0.0
  0
VERTEX
  8
FABBRICATI
 10
   49148.557
 20
   46025.958
 30
0.0
  0
VERTEX
  8
FABBRICATI
 10
   49150.990
 20
   46024.839
 30
0.0
  0
VERTEX
  8
FABBRICATI
 10
   49156.234
 20
   46036.987
 30
0.0
  0
VERTEX
  8
FABBRICATI
 10
   49156.999
 20
   46038.760
 30
0.0
  0
VERTEX
  8
FABBRICATI
 10
   49157.351
 20
   46039.574
 30
0.0
  0
VERTEX
  8
FABBRICATI
 10
   49157.511
 20
   46039.976
 30
0.0
  0
VERTEX
  8
FABBRICATI
 10
   49149.559
 20
   46042.928
 30
0.0
  0
VERTEX
  8
FABBRICATI
 10
   49147.221
 20
   46034.918
 30
0.0
  0
SEQEND
  8
FABBRICATI
  0
TEXT
  8
FABBRICATI
 62
7
 10
   48840.022
 20
   46550.034
 30
0.0
 40
       1.300
  1
20+
 50
       0.000
  0
POLYLINE
  8
FABBRICATI
 66
1
 10
0.0
 20
0.0
 30
0.0
 70
1
  0
VERTEX
  8
FABBRICATI
 10
   48833.684
 20
   46545.100
 30
0.0
  0
VERTEX
  8
FABBRICATI
 10
   48837.943
 20
   46542.484
 30
0.0
  0
VERTEX
  8
FABBRICATI
 10
   48846.376
 20
   46555.017
 30
0.0
  0
VERTEX
  8
FABBRICATI
 10
   48842.248
 20
   46557.762
 30
0.0
  0
VERTEX
  8
FABBRICATI
 10
   48833.684
 20
   46545.100
 30
0.0
  0
SEQEND
  8
FABBRICATI
  0
TEXT
  8
FABBRICATI
 62
7
 10
   48795.407
 20
   46547.127
 30
0.0
 40
       1.300
  1
14+
 50
       0.000
  0
POLYLINE
  8
FABBRICATI
 66
1
 10
0.0
 20
0.0
 30
0.0
 70
1
  0
VERTEX
  8
FABBRICATI
 10
   48790.501
 20
   46549.761
 30
0.0
  0
VERTEX
  8
FABBRICATI
 10
   48792.402
 20
   46546.785
 30
0.0
  0
VERTEX
  8
FABBRICATI
 10
   48798.501
 20
   46539.143
 30
0.0
  0
VERTEX
  8
FABBRICATI
 10
   48801.739
 20
   46543.381
 30
0.0
  0
VERTEX
  8
FABBRICATI
 10
   48797.054
 20
   46549.033
 30
0.0
  0
VERTEX
  8
FABBRICATI
 10
   48797.965
 20
   46550.007
 30
0.0
  0
VERTEX
  8
FABBRICATI
 10
   48794.836
 20
   46553.610
 30
0.0
  0
VERTEX
  8
FABBRICATI
 10
   48790.501
 20
   46549.761
 30
0.0
  0
SEQEND
  8
FABBRICATI
  0
TEXT
  8
FABBRICATI
 62
7
 10
   49154.356
 20
   46043.319
 30
0.0
 40
       1.300
  1
205+
 50
       0.000
  0
POLYLINE
  8
FABBRICATI
 66
1
 10
0.0
 20
0.0
 30
0.0
 70
1
  0
VERTEX
  8
FABBRICATI
 10
   49150.719
 20
   46046.930
 30
0.0
  0
VERTEX
  8
FABBRICATI
 10
   49149.559
 20
   46042.928
 30
0.0
  0
VERTEX
  8
FABBRICATI
 10
   49157.511
 20
   46039.976
 30
0.0
  0
VERTEX
  8
FABBRICATI
 10
   49157.732
 20
   46040.472
 30
0.0
  0
VERTEX
  8
FABBRICATI
 10
   49159.163
 20
   46043.599
 30
0.0
  0
VERTEX
  8
FABBRICATI
 10
   49150.719
 20
   46046.930
 30
0.0
  0
SEQEND
  8
FABBRICATI
  0
TEXT
  8
FABBRICATI
 62
7
 10
   49078.902
 20
   46007.120
 30
0.0
 40
       1.300
  1
837+
 50
       0.000
  0
POLYLINE
  8
FABBRICATI
 66
1
 10
0.0
 20
0.0
 30
0.0
 70
1
  0
VERTEX
  8
FABBRICATI
 10
   49073.528
 20
   46004.319
 30
0.0
  0
VERTEX
  8
FABBRICATI
 10
   49072.064
 20
   46001.077
 30
0.0
  0
VERTEX
  8
FABBRICATI
 10
   49079.379
 20
   45998.636
 30
0.0
  0
VERTEX
  8
FABBRICATI
 10
   49081.448
 20
   46003.309
 30
0.0
  0
VERTEX
  8
FABBRICATI
 10
   49084.508
 20
   46010.408
 30
0.0
  0
VERTEX
  8
FABBRICATI
 10
   49085.576
 20
   46012.913
 30
0.0
  0
VERTEX
  8
FABBRICATI
 10
   49078.304
 20
   46015.605
 30
0.0
  0
VERTEX
  8
FABBRICATI
 10
   49073.528
 20
   46004.319
 30
0.0
  0
SEQEND
  8
FABBRICATI
  0
TEXT
  8
FABBRICATI
 62
7
 10
   49083.776
 20
   46002.764
 30
0.0
 40
       1.300
  1
705+
 50
       0.000
  0
POLYLINE
  8
FABBRICATI
 66
1
 10
0.0
 20
0.0
 30
0.0
 70
1
  0
VERTEX
  8
FABBRICATI
 10
   49081.448
 20
   46003.309
 30
0.0
  0
VERTEX
  8
FABBRICATI
 10
   49079.379
 20
   45998.636
 30
0.0
  0
VERTEX
  8
FABBRICATI
 10
   49083.960
 20
   45996.575
 30
0.0
  0
VERTEX
  8
FABBRICATI
 10
   49084.384
 20
   45997.283
 30
0.0
  0
VERTEX
  8
FABBRICATI
 10
   49088.446
 20
   46008.628
 30
0.0
  0
VERTEX
  8
FABBRICATI
 10
   49084.508
 20
   46010.408
 30
0.0
  0
VERTEX
  8
FABBRICATI
 10
   49081.448
 20
   46003.309
 30
0.0
  0
SEQEND
  8
FABBRICATI
  0
TEXT
  8
FABBRICATI
 62
7
 10
   49139.183
 20
   46003.639
 30
0.0
 40
       1.300
  1
698+
 50
       0.000
  0
POLYLINE
  8
FABBRICATI
 66
1
 10
0.0
 20
0.0
 30
0.0
 70
1
  0
VERTEX
  8
FABBRICATI
 10
   49134.796
 20
   46002.008
 30
0.0
  0
VERTEX
  8
FABBRICATI
 10
   49136.541
 20
   46001.191
 30
0.0
  0
VERTEX
  8
FABBRICATI
 10
   49141.177
 20
   45999.223
 30
0.0
  0
VERTEX
  8
FABBRICATI
 10
   49143.549
 20
   46005.136
 30
0.0
  0
VERTEX
  8
FABBRICATI
 10
   49137.139
 20
   46008.163
 30
0.0
  0
VERTEX
  8
FABBRICATI
 10
   49134.796
 20
   46002.008
 30
0.0
  0
SEQEND
  8
FABBRICATI
  0
TEXT
  8
FABBRICATI
 62
7
 10
   48831.640
 20
   46583.479
 30
0.0
 40
       1.300
  1
325+
 50
       0.000
  0
POLYLINE
  8
FABBRICATI
 66
1
 10
0.0
 20
0.0
 30
0.0
 70
1
  0
VERTEX
  8
FABBRICATI
 10
   48823.583
 20
   46576.989
 30
0.0
  0
VERTEX
  8
FABBRICATI
 10
   48828.730
 20
   46573.580
 30
0.0
  0
VERTEX
  8
FABBRICATI
 10
   48839.691
 20
   46589.953
 30
0.0
  0
VERTEX
  8
FABBRICATI
 10
   48839.629
 20
   46589.992
 30
0.0
  0
VERTEX
  8
FABBRICATI
 10
   48838.605
 20
   46590.643
 30
0.0
  0
VERTEX
  8
FABBRICATI
 10
   48834.471
 20
   46593.274
 30
0.0
  0
VERTEX
  8
FABBRICATI
 10
   48823.583
 20
   46576.989
 30
0.0
  0
SEQEND
  8
FABBRICATI
  0
TEXT
  8
FABBRICATI
 62
7
 10
   48991.351
 20
   46284.453
 30
0.0
 40
       1.300
  1
136+
 50
       0.000
  0
POLYLINE
  8
FABBRICATI
 66
1
 10
0.0
 20
0.0
 30
0.0
 70
1
  0
VERTEX
  8
FABBRICATI
 10
   48988.407
 20
   46291.812
 30
0.0
  0
VERTEX
  8
FABBRICATI
 10
   48988.419
 20
   46275.554
 30
0.0
  0
VERTEX
  8
FABBRICATI
 10
   48993.901
 20
   46275.164
 30
0.0
  0
VERTEX
  8
FABBRICATI
 10
   48994.311
 20
   46282.440
 30
0.0
  0
VERTEX
  8
FABBRICATI
 10
   48994.235
 20
   46289.426
 30
0.0
  0
VERTEX
  8
FABBRICATI
 10
   48994.355
 20
   46293.075
 30
0.0
  0
VERTEX
  8
FABBRICATI
 10
   48988.413
 20
   46294.041
 30
0.0
  0
VERTEX
  8
FABBRICATI
 10
   48988.407
 20
   46291.812
 30
0.0
  0
SEQEND
  8
FABBRICATI
  0
TEXT
  8
FABBRICATI
 62
7
 10
   48926.766
 20
   46339.287
 30
0.0
 40
       1.300
  1
114+
 50
       0.000
  0
POLYLINE
  8
FABBRICATI
 66
1
 10
0.0
 20
0.0
 30
0.0
 70
1
  0
VERTEX
  8
FABBRICATI
 10
   48919.593
 20
   46336.842
 30
0.0
  0
VERTEX
  8
FABBRICATI
 10
   48925.978
 20
   46332.505
 30
0.0
  0
VERTEX
  8
FABBRICATI
 10
   48927.222
 20
   46331.687
 30
0.0
  0
VERTEX
  8
FABBRICATI
 10
   48933.886
 20
   46341.839
 30
0.0
  0
VERTEX
  8
FABBRICATI
 10
   48926.559
 20
   46346.690
 30
0.0
  0
VERTEX
  8
FABBRICATI
 10
   48919.593
 20
   46336.842
 30
0.0
  0
SEQEND
  8
FABBRICATI
  0
TEXT
  8
FABBRICATI
 62
7
 10
   49214.500
 20
   46332.981
 30
0.0
 40
       1.300
  1
190+
 50
       0.000
  0
POLYLINE
  8
FABBRICATI
 66
1
 10
0.0
 20
0.0
 30
0.0
 70
1
  0
VERTEX
  8
FABBRICATI
 10
   49204.712
 20
   46336.647
 30
0.0
  0
VERTEX
  8
FABBRICATI
 10
   49199.891
 20
   46325.381
 30
0.0
  0
VERTEX
  8
FABBRICATI
 10
   49209.892
 20
   46321.126
 30
0.0
  0
VERTEX
  8
FABBRICATI
 10
   49213.092
 20
   46327.790
 30
0.0
  0
VERTEX
  8
FABBRICATI
 10
   49224.510
 20
   46319.887
 30
0.0
  0
VERTEX
  8
FABBRICATI
 10
   49231.101
 20
   46329.437
 30
0.0
  0
VERTEX
  8
FABBRICATI
 10
   49224.086
 20
   46334.297
 30
0.0
  0
VERTEX
  8
FABBRICATI
 10
   49219.107
 20
   46337.451
 30
0.0
  0
VERTEX
  8
FABBRICATI
 10
   49209.040
 20
   46344.012
 30
0.0
  0
VERTEX
  8
FABBRICATI
 10
   49208.805
 20
   46344.164
 30
0.0
  0
VERTEX
  8
FABBRICATI
 10
   49208.151
 20
   46344.592
 30
0.0
  0
VERTEX
  8
FABBRICATI
 10
   49204.712
 20
   46336.647
 30
0.0
  0
SEQEND
  8
FABBRICATI
  0
TEXT
  8
FABBRICATI
 62
7
 10
   48996.850
 20
   46329.904
 30
0.0
 40
       1.300
  1
125+
 50
       0.000
  0
POLYLINE
  8
FABBRICATI
 66
1
 10
0.0
 20
0.0
 30
0.0
 70
1
  0
VERTEX
  8
FABBRICATI
 10
   48993.509
 20
   46335.019
 30
0.0
  0
VERTEX
  8
FABBRICATI
 10
   48990.731
 20
   46331.450
 30
0.0
  0
VERTEX
  8
FABBRICATI
 10
   49000.344
 20
   46324.625
 30
0.0
  0
VERTEX
  8
FABBRICATI
 10
   49002.926
 20
   46328.407
 30
0.0
  0
VERTEX
  8
FABBRICATI
 10
   48993.509
 20
   46335.019
 30
0.0
  0
SEQEND
  8
FABBRICATI
  0
TEXT
  8
FABBRICATI
 62
7
 10
   48819.494
 20
   46325.927
 30
0.0
 40
       1.300
  1
80+
 50
       0.000
  0
POLYLINE
  8
FABBRICATI
 66
1
 10
0.0
 20
0.0
 30
0.0
 70
1
  0
VERTEX
  8
FABBRICATI
 10
   48815.878
 20
   46331.488
 30
0.0
  0
VERTEX
  8
FABBRICATI
 10
   48815.228
 20
   46331.311
 30
0.0
  0
VERTEX
  8
FABBRICATI
 10
   48818.946
 20
   46319.351
 30
0.0
  0
VERTEX
  8
FABBRICATI
 10
   48823.564
 20
   46320.538
 30
0.0
  0
VERTEX
  8
FABBRICATI
 10
   48820.253
 20
   46332.606
 30
0.0
  0
VERTEX
  8
FABBRICATI
 10
   48815.878
 20
   46331.488
 30
0.0
  0
SEQEND
  8
FABBRICATI
  0
TEXT
  8
FABBRICATI
 62
7
 10
   49098.904
 20
   46321.386
 30
0.0
 40
       1.300
  1
158+
 50
       0.000
  0
POLYLINE
  8
FABBRICATI
 66
1
 10
0.0
 20
0.0
 30
0.0
 70
1
  0
VERTEX
  8
FABBRICATI
 10
   49096.256
 20
   46331.509
 30
0.0
  0
VERTEX
  8
FABBRICATI
 10
   49087.874
 20
   46316.382
 30
0.0
  0
VERTEX
  8
FABBRICATI
 10
   49101.341
 20
   46311.225
 30
0.0
  0
VERTEX
  8
FABBRICATI
 10
   49108.336
 20
   46323.440
 30
0.0
  0
VERTEX
  8
FABBRICATI
 10
   49096.256
 20
   46331.509
 30
0.0
  0
SEQEND
  8
FABBRICATI
  0
TEXT
  8
FABBRICATI
 62
7
 10
   48917.176
 20
   46382.093
 30
0.0
 40
       1.300
  1
105+
 50
       0.000
  0
POLYLINE
  8
FABBRICATI
 66
1
 10
0.0
 20
0.0
 30
0.0
 70
1
  0
VERTEX
  8
FABBRICATI
 10
   48914.665
 20
   46389.036
 30
0.0
  0
VERTEX
  8
FABBRICATI
 10
   48909.888
 20
   46382.129
 30
0.0
  0
VERTEX
  8
FABBRICATI
 10
   48919.524
 20
   46375.169
 30
0.0
  0
VERTEX
  8
FABBRICATI
 10
   48923.904
 20
   46381.455
 30
0.0
  0
VERTEX
  8
FABBRICATI
 10
   48924.388
 20
   46382.186
 30
0.0
  0
VERTEX
  8
FABBRICATI
 10
   48914.665
 20
   46389.036
 30
0.0
  0
SEQEND
  8
FABBRICATI
  0
TEXT
  8
FABBRICATI
 62
7
 10
   48966.054
 20
   46331.172
 30
0.0
 40
       1.300
  1
119+
 50
       0.000
  0
POLYLINE
  8
FABBRICATI
 66
1
 10
0.0
 20
0.0
 30
0.0
 70
1
  0
VERTEX
  8
FABBRICATI
 10
   48963.762
 20
   46340.002
 30
0.0
  0
VERTEX
  8
FABBRICATI
 10
   48958.017
 20
   46331.509
 30
0.0
  0
VERTEX
  8
FABBRICATI
 10
   48968.573
 20
   46324.252
 30
0.0
  0
VERTEX
  8
FABBRICATI
 10
   48969.168
 20
   46325.007
 30
0.0
  0
VERTEX
  8
FABBRICATI
 10
   48975.762
 20
   46334.382
 30
0.0
  0
VERTEX
  8
FABBRICATI
 10
   48973.863
 20
   46335.548
 30
0.0
  0
VERTEX
  8
FABBRICATI
 10
   48972.413
 20
   46333.358
 30
0.0
  0
VERTEX
  8
FABBRICATI
 10
   48966.260
 20
   46337.371
 30
0.0
  0
VERTEX
  8
FABBRICATI
 10
   48967.696
 20
   46339.610
 30
0.0
  0
VERTEX
  8
FABBRICATI
 10
   48967.054
 20
   46340.057
 30
0.0
  0
VERTEX
  8
FABBRICATI
 10
   48964.783
 20
   46341.556
 30
0.0
  0
VERTEX
  8
FABBRICATI
 10
   48963.762
 20
   46340.002
 30
0.0
  0
SEQEND
  8
FABBRICATI
  0
TEXT
  8
FABBRICATI
 62
7
 10
   49112.304
 20
   46097.369
 30
0.0
 40
       1.300
  1
209+
 50
       0.000
  0
POLYLINE
  8
FABBRICATI
 66
1
 10
0.0
 20
0.0
 30
0.0
 70
1
  0
VERTEX
  8
FABBRICATI
 10
   49104.854
 20
   46097.198
 30
0.0
  0
VERTEX
  8
FABBRICATI
 10
   49102.395
 20
   46091.654
 30
0.0
  0
VERTEX
  8
FABBRICATI
 10
   49099.755
 20
   46085.744
 30
0.0
  0
VERTEX
  8
FABBRICATI
 10
   49105.702
 20
   46080.473
 30
0.0
  0
VERTEX
  8
FABBRICATI
 10
   49108.399
 20
   46082.764
 30
0.0
  0
VERTEX
  8
FABBRICATI
 10
   49112.983
 20
   46087.041
 30
0.0
  0
VERTEX
  8
FABBRICATI
 10
   49115.399
 20
   46089.976
 30
0.0
  0
VERTEX
  8
FABBRICATI
 10
   49116.621
 20
   46091.944
 30
0.0
  0
VERTEX
  8
FABBRICATI
 10
   49123.449
 20
   46104.075
 30
0.0
  0
VERTEX
  8
FABBRICATI
 10
   49110.133
 20
   46109.488
 30
0.0
  0
VERTEX
  8
FABBRICATI
 10
   49104.854
 20
   46097.198
 30
0.0
  0
SEQEND
  8
FABBRICATI
  0
TEXT
  8
FABBRICATI
 62
7
 10
   49066.793
 20
   46093.451
 30
0.0
 40
       1.300
  1
184+
 50
       0.000
  0
POLYLINE
  8
FABBRICATI
 66
1
 10
0.0
 20
0.0
 30
0.0
 70
1
  0
VERTEX
  8
FABBRICATI
 10
   49062.122
 20
   46080.026
 30
0.0
  0
VERTEX
  8
FABBRICATI
 10
   49067.331
 20
   46073.992
 30
0.0
  0
VERTEX
  8
FABBRICATI
 10
   49072.323
 20
   46067.956
 30
0.0
  0
VERTEX
  8
FABBRICATI
 10
   49073.265
 20
   46068.825
 30
0.0
  0
VERTEX
  8
FABBRICATI
 10
   49080.639
 20
   46074.461
 30
0.0
  0
VERTEX
  8
FABBRICATI
 10
   49080.960
 20
   46074.592
 30
0.0
  0
VERTEX
  8
FABBRICATI
 10
   49083.107
 20
   46079.378
 30
0.0
  0
VERTEX
  8
FABBRICATI
 10
   49084.961
 20
   46082.963
 30
0.0
  0
VERTEX
  8
FABBRICATI
 10
   49087.925
 20
   46088.966
 30
0.0
  0
VERTEX
  8
FABBRICATI
 10
   49077.265
 20
   46098.452
 30
0.0
  0
VERTEX
  8
FABBRICATI
 10
   49079.889
 20
   46101.510
 30
0.0
  0
VERTEX
  8
FABBRICATI
 10
   49072.185
 20
   46109.206
 30
0.0
  0
VERTEX
  8
FABBRICATI
 10
   49070.552
 20
   46111.012
 30
0.0
  0
VERTEX
  8
FABBRICATI
 10
   49071.684
 20
   46112.488
 30
0.0
  0
VERTEX
  8
FABBRICATI
 10
   49069.304
 20
   46115.277
 30
0.0
  0
VERTEX
  8
FABBRICATI
 10
   49067.195
 20
   46117.267
 30
0.0
  0
VERTEX
  8
FABBRICATI
 10
   49066.923
 20
   46116.669
 30
0.0
  0
VERTEX
  8
FABBRICATI
 10
   49066.867
 20
   46116.274
 30
0.0
  0
VERTEX
  8
FABBRICATI
 10
   49061.685
 20
   46106.310
 30
0.0
  0
VERTEX
  8
FABBRICATI
 10
   49058.545
 20
   46100.167
 30
0.0
  0
VERTEX
  8
FABBRICATI
 10
   49054.891
 20
   46096.573
 30
0.0
  0
VERTEX
  8
FABBRICATI
 10
   49053.603
 20
   46095.548
 30
0.0
  0
VERTEX
  8
FABBRICATI
 10
   49052.739
 20
   46094.966
 30
0.0
  0
VERTEX
  8
FABBRICATI
 10
   49050.633
 20
   46093.560
 30
0.0
  0
VERTEX
  8
FABBRICATI
 10
   49053.939
 20
   46089.670
 30
0.0
  0
VERTEX
  8
FABBRICATI
 10
   49055.821
 20
   46091.240
 30
0.0
  0
VERTEX
  8
FABBRICATI
 10
   49058.787
 20
   46087.652
 30
0.0
  0
VERTEX
  8
FABBRICATI
 10
   49061.037
 20
   46084.906
 30
0.0
  0
VERTEX
  8
FABBRICATI
 10
   49059.251
 20
   46083.431
 30
0.0
  0
VERTEX
  8
FABBRICATI
 10
   49062.122
 20
   46080.026
 30
0.0
  0
SEQEND
  8
FABBRICATI
  0
TEXT
  8
FABBRICATI
 62
7
 10
   49085.647
 20
   46106.031
 30
0.0
 40
       1.300
  1
264+
 50
       0.000
  0
POLYLINE
  8
FABBRICATI
 66
1
 10
0.0
 20
0.0
 30
0.0
 70
1
  0
VERTEX
  8
FABBRICATI
 10
   49070.542
 20
   46117.967
 30
0.0
  0
VERTEX
  8
FABBRICATI
 10
   49069.304
 20
   46115.277
 30
0.0
  0
VERTEX
  8
FABBRICATI
 10
   49071.684
 20
   46112.488
 30
0.0
  0
VERTEX
  8
FABBRICATI
 10
   49070.552
 20
   46111.012
 30
0.0
  0
VERTEX
  8
FABBRICATI
 10
   49072.185
 20
   46109.206
 30
0.0
  0
VERTEX
  8
FABBRICATI
 10
   49079.889
 20
   46101.510
 30
0.0
  0
VERTEX
  8
FABBRICATI
 10
   49077.265
 20
   46098.452
 30
0.0
  0
VERTEX
  8
FABBRICATI
 10
   49087.925
 20
   46088.966
 30
0.0
  0
VERTEX
  8
FABBRICATI
 10
   49090.877
 20
   46095.142
 30
0.0
  0
VERTEX
  8
FABBRICATI
 10
   49092.071
 20
   46097.667
 30
0.0
  0
VERTEX
  8
FABBRICATI
 10
   49096.124
 20
   46106.656
 30
0.0
  0
VERTEX
  8
FABBRICATI
 10
   49099.103
 20
   46113.128
 30
0.0
  0
VERTEX
  8
FABBRICATI
 10
   49089.888
 20
   46117.382
 30
0.0
  0
VERTEX
  8
FABBRICATI
 10
   49082.096
 20
   46120.791
 30
0.0
  0
VERTEX
  8
FABBRICATI
 10
   49073.720
 20
   46124.451
 30
0.0
  0
VERTEX
  8
FABBRICATI
 10
   49072.960
 20
   46123.057
 30
0.0
  0
VERTEX
  8
FABBRICATI
 10
   49070.542
 20
   46117.967
 30
0.0
  0
SEQEND
  8
FABBRICATI
  0
TEXT
  8
FABBRICATI
 62
7
 10
   48978.194
 20
   46284.301
 30
0.0
 40
       1.300
  1
134+
 50
       0.000
  0
POLYLINE
  8
FABBRICATI
 66
1
 10
0.0
 20
0.0
 30
0.0
 70
1
  0
VERTEX
  8
FABBRICATI
 10
   48975.165
 20
   46292.856
 30
0.0
  0
VERTEX
  8
FABBRICATI
 10
   48971.887
 20
   46293.225
 30
0.0
  0
VERTEX
  8
FABBRICATI
 10
   48971.965
 20
   46287.361
 30
0.0
  0
VERTEX
  8
FABBRICATI
 10
   48971.978
 20
   46283.599
 30
0.0
  0
VERTEX
  8
FABBRICATI
 10
   48972.061
 20
   46275.017
 30
0.0
  0
VERTEX
  8
FABBRICATI
 10
   48974.079
 20
   46273.875
 30
0.0
  0
VERTEX
  8
FABBRICATI
 10
   48974.066
 20
   46277.448
 30
0.0
  0
VERTEX
  8
FABBRICATI
 10
   48974.032
 20
   46280.564
 30
0.0
  0
VERTEX
  8
FABBRICATI
 10
   48974.212
 20
   46280.560
 30
0.0
  0
VERTEX
  8
FABBRICATI
 10
   48974.107
 20
   46287.162
 30
0.0
  0
VERTEX
  8
FABBRICATI
 10
   48975.381
 20
   46287.044
 30
0.0
  0
VERTEX
  8
FABBRICATI
 10
   48975.752
 20
   46275.881
 30
0.0
  0
VERTEX
  8
FABBRICATI
 10
   48981.145
 20
   46275.637
 30
0.0
  0
VERTEX
  8
FABBRICATI
 10
   48981.030
 20
   46280.989
 30
0.0
  0
VERTEX
  8
FABBRICATI
 10
   48980.640
 20
   46292.362
 30
0.0
  0
VERTEX
  8
FABBRICATI
 10
   48975.165
 20
   46292.856
 30
0.0
  0
SEQEND
  8
FABBRICATI
  0
TEXT
  8
FABBRICATI
 62
7
 10
   49092.422
 20
   45899.304
 30
0.0
 40
       1.300
  1
210+
 50
       0.000
  0
POLYLINE
  8
FABBRICATI
 66
1
 10
0.0
 20
0.0
 30
0.0
 70
1
  0
VERTEX
  8
FABBRICATI
 10
   49085.601
 20
   45902.137
 30
0.0
  0
VERTEX
  8
FABBRICATI
 10
   49082.357
 20
   45893.182
 30
0.0
  0
VERTEX
  8
FABBRICATI
 10
   49096.003
 20
   45888.298
 30
0.0
  0
VERTEX
  8
FABBRICATI
 10
   49097.298
 20
   45891.669
 30
0.0
  0
VERTEX
  8
FABBRICATI
 10
   49102.588
 20
   45905.268
 30
0.0
  0
VERTEX
  8
FABBRICATI
 10
   49102.202
 20
   45905.452
 30
0.0
  0
VERTEX
  8
FABBRICATI
 10
   49099.424
 20
   45906.503
 30
0.0
  0
VERTEX
  8
FABBRICATI
 10
   49092.826
 20
   45908.920
 30
0.0
  0
VERTEX
  8
FABBRICATI
 10
   49088.799
 20
   45910.377
 30
0.0
  0
VERTEX
  8
FABBRICATI
 10
   49085.601
 20
   45902.137
 30
0.0
  0
SEQEND
  8
FABBRICATI
  0
TEXT
  8
FABBRICATI
 62
7
 10
   49069.702
 20
   45879.567
 30
0.0
 40
       1.300
  1
499+
 50
       0.000
  0
POLYLINE
  8
FABBRICATI
 66
1
 10
0.0
 20
0.0
 30
0.0
 70
1
  0
VERTEX
  8
FABBRICATI
 10
   49079.648
 20
   45876.085
 30
0.0
  0
VERTEX
  8
FABBRICATI
 10
   49081.210
 20
   45880.035
 30
0.0
  0
VERTEX
  8
FABBRICATI
 10
   49085.986
 20
   45878.293
 30
0.0
  0
VERTEX
  8
FABBRICATI
 10
   49091.203
 20
   45876.242
 30
0.0
  0
VERTEX
  8
FABBRICATI
 10
   49094.546
 20
   45884.507
 30
0.0
  0
VERTEX
  8
FABBRICATI
 10
   49096.003
 20
   45888.298
 30
0.0
  0
VERTEX
  8
FABBRICATI
 10
   49082.357
 20
   45893.182
 30
0.0
  0
VERTEX
  8
FABBRICATI
 10
   49081.347
 20
   45890.395
 30
0.0
  0
VERTEX
  8
FABBRICATI
 10
   49074.347
 20
   45893.140
 30
0.0
  0
VERTEX
  8
FABBRICATI
 10
   49066.288
 20
   45896.425
 30
0.0
  0
VERTEX
  8
FABBRICATI
 10
   49063.374
 20
   45890.146
 30
0.0
  0
VERTEX
  8
FABBRICATI
 10
   49059.366
 20
   45881.642
 30
0.0
  0
VERTEX
  8
FABBRICATI
 10
   49054.606
 20
   45871.581
 30
0.0
  0
VERTEX
  8
FABBRICATI
 10
   49061.747
 20
   45869.317
 30
0.0
  0
VERTEX
  8
FABBRICATI
 10
   49068.228
 20
   45867.257
 30
0.0
  0
VERTEX
  8
FABBRICATI
 10
   49073.813
 20
   45864.868
 30
0.0
  0
VERTEX
  8
FABBRICATI
 10
   49074.366
 20
   45864.746
 30
0.0
  0
VERTEX
  8
FABBRICATI
 10
   49076.746
 20
   45868.620
 30
0.0
  0
VERTEX
  8
FABBRICATI
 10
   49078.116
 20
   45872.211
 30
0.0
  0
VERTEX
  8
FABBRICATI
 10
   49079.648
 20
   45876.085
 30
0.0
  0
SEQEND
  8
FABBRICATI
  0
TEXT
  8
FABBRICATI
 62
7
 10
   49064.621
 20
   46175.792
 30
0.0
 40
       1.300
  1
164+
 50
       0.000
  0
POLYLINE
  8
FABBRICATI
 66
1
 10
0.0
 20
0.0
 30
0.0
 70
1
  0
VERTEX
  8
FABBRICATI
 10
   49064.450
 20
   46166.179
 30
0.0
  0
VERTEX
  8
FABBRICATI
 10
   49066.952
 20
   46173.038
 30
0.0
  0
VERTEX
  8
FABBRICATI
 10
   49067.646
 20
   46175.011
 30
0.0
  0
VERTEX
  8
FABBRICATI
 10
   49070.906
 20
   46173.758
 30
0.0
  0
VERTEX
  8
FABBRICATI
 10
   49071.978
 20
   46176.637
 30
0.0
  0
VERTEX
  8
FABBRICATI
 10
   49073.154
 20
   46179.693
 30
0.0
  0
VERTEX
  8
FABBRICATI
 10
   49069.835
 20
   46180.914
 30
0.0
  0
VERTEX
  8
FABBRICATI
 10
   49071.239
 20
   46184.650
 30
0.0
  0
VERTEX
  8
FABBRICATI
 10
   49073.705
 20
   46191.156
 30
0.0
  0
VERTEX
  8
FABBRICATI
 10
   49075.615
 20
   46196.288
 30
0.0
  0
VERTEX
  8
FABBRICATI
 10
   49066.631
 20
   46199.629
 30
0.0
  0
VERTEX
  8
FABBRICATI
 10
   49064.596
 20
   46194.381
 30
0.0
  0
VERTEX
  8
FABBRICATI
 10
   49059.790
 20
   46181.636
 30
0.0
  0
VERTEX
  8
FABBRICATI
 10
   49055.596
 20
   46170.555
 30
0.0
  0
VERTEX
  8
FABBRICATI
 10
   49052.722
 20
   46162.756
 30
0.0
  0
VERTEX
  8
FABBRICATI
 10
   49061.956
 20
   46159.367
 30
0.0
  0
VERTEX
  8
FABBRICATI
 10
   49065.127
 20
   46158.256
 30
0.0
  0
VERTEX
  8
FABBRICATI
 10
   49066.285
 20
   46161.391
 30
0.0
  0
VERTEX
  8
FABBRICATI
 10
   49067.023
 20
   46163.471
 30
0.0
  0
VERTEX
  8
FABBRICATI
 10
   49067.611
 20
   46165.070
 30
0.0
  0
VERTEX
  8
FABBRICATI
 10
   49064.450
 20
   46166.179
 30
0.0
  0
SEQEND
  8
FABBRICATI
  0
TEXT
  8
FABBRICATI
 62
7
 10
   48896.105
 20
   46549.814
 30
0.0
 40
       1.300
  1
28+
 50
       0.000
  0
POLYLINE
  8
FABBRICATI
 66
1
 10
0.0
 20
0.0
 30
0.0
 70
1
  0
VERTEX
  8
FABBRICATI
 10
   48898.775
 20
   46551.070
 30
0.0
  0
VERTEX
  8
FABBRICATI
 10
   48895.996
 20
   46553.006
 30
0.0
  0
VERTEX
  8
FABBRICATI
 10
   48894.377
 20
   46554.078
 30
0.0
  0
VERTEX
  8
FABBRICATI
 10
   48891.092
 20
   46549.128
 30
0.0
  0
VERTEX
  8
FABBRICATI
 10
   48892.957
 20
   46547.890
 30
0.0
  0
VERTEX
  8
FABBRICATI
 10
   48893.492
 20
   46548.701
 30
0.0
  0
VERTEX
  8
FABBRICATI
 10
   48895.174
 20
   46547.532
 30
0.0
  0
VERTEX
  8
FABBRICATI
 10
   48894.075
 20
   46545.994
 30
0.0
  0
VERTEX
  8
FABBRICATI
 10
   48894.977
 20
   46545.325
 30
0.0
  0
VERTEX
  8
FABBRICATI
 10
   48896.130
 20
   46546.972
 30
0.0
  0
VERTEX
  8
FABBRICATI
 10
   48898.684
 20
   46545.049
 30
0.0
  0
VERTEX
  8
FABBRICATI
 10
   48901.525
 20
   46549.298
 30
0.0
  0
VERTEX
  8
FABBRICATI
 10
   48898.775
 20
   46551.070
 30
0.0
  0
SEQEND
  8
FABBRICATI
  0
TEXT
  8
FABBRICATI
 62
7
 10
   48898.803
 20
   46343.296
 30
0.0
 40
       1.300
  1
109+
 50
       0.000
  0
POLYLINE
  8
FABBRICATI
 66
1
 10
0.0
 20
0.0
 30
0.0
 70
1
  0
VERTEX
  8
FABBRICATI
 10
   48890.967
 20
   46352.988
 30
0.0
  0
VERTEX
  8
FABBRICATI
 10
   48886.549
 20
   46355.529
 30
0.0
  0
VERTEX
  8
FABBRICATI
 10
   48884.257
 20
   46347.862
 30
0.0
  0
VERTEX
  8
FABBRICATI
 10
   48886.141
 20
   46346.455
 30
0.0
  0
VERTEX
  8
FABBRICATI
 10
   48887.774
 20
   46345.242
 30
0.0
  0
VERTEX
  8
FABBRICATI
 10
   48907.718
 20
   46331.529
 30
0.0
  0
VERTEX
  8
FABBRICATI
 10
   48913.206
 20
   46339.107
 30
0.0
  0
VERTEX
  8
FABBRICATI
 10
   48891.531
 20
   46353.751
 30
0.0
  0
VERTEX
  8
FABBRICATI
 10
   48890.967
 20
   46352.988
 30
0.0
  0
SEQEND
  8
FABBRICATI
  0
TEXT
  8
FABBRICATI
 62
7
 10
   48838.530
 20
   46406.458
 30
0.0
 40
       1.300
  1
60+
 50
       0.000
  0
POLYLINE
  8
FABBRICATI
 66
1
 10
0.0
 20
0.0
 30
0.0
 70
1
  0
VERTEX
  8
FABBRICATI
 10
   48844.506
 20
   46404.254
 30
0.0
  0
VERTEX
  8
FABBRICATI
 10
   48844.006
 20
   46415.501
 30
0.0
  0
VERTEX
  8
FABBRICATI
 10
   48840.088
 20
   46415.329
 30
0.0
  0
VERTEX
  8
FABBRICATI
 10
   48835.253
 20
   46415.290
 30
0.0
  0
VERTEX
  8
FABBRICATI
 10
   48830.419
 20
   46415.250
 30
0.0
  0
VERTEX
  8
FABBRICATI
 10
   48830.521
 20
   46407.691
 30
0.0
  0
VERTEX
  8
FABBRICATI
 10
   48832.560
 20
   46407.617
 30
0.0
  0
VERTEX
  8
FABBRICATI
 10
   48832.677
 20
   46406.108
 30
0.0
  0
VERTEX
  8
FABBRICATI
 10
   48825.567
 20
   46405.748
 30
0.0
  0
VERTEX
  8
FABBRICATI
 10
   48826.268
 20
   46399.380
 30
0.0
  0
VERTEX
  8
FABBRICATI
 10
   48828.427
 20
   46398.904
 30
0.0
  0
VERTEX
  8
FABBRICATI
 10
   48839.356
 20
   46396.773
 30
0.0
  0
VERTEX
  8
FABBRICATI
 10
   48844.760
 20
   46395.635
 30
0.0
  0
VERTEX
  8
FABBRICATI
 10
   48844.506
 20
   46404.254
 30
0.0
  0
SEQEND
  8
FABBRICATI
  0
TEXT
  8
FABBRICATI
 62
7
 10
   48974.097
 20
   46310.370
 30
0.0
 40
       1.300
  1
231+
 50
       0.000
  0
POLYLINE
  8
FABBRICATI
 66
1
 10
0.0
 20
0.0
 30
0.0
 70
1
  0
VERTEX
  8
FABBRICATI
 10
   48977.970
 20
   46312.502
 30
0.0
  0
VERTEX
  8
FABBRICATI
 10
   48974.457
 20
   46314.899
 30
0.0
  0
VERTEX
  8
FABBRICATI
 10
   48969.735
 20
   46307.426
 30
0.0
  0
VERTEX
  8
FABBRICATI
 10
   48971.897
 20
   46306.128
 30
0.0
  0
VERTEX
  8
FABBRICATI
 10
   48972.739
 20
   46307.560
 30
0.0
  0
VERTEX
  8
FABBRICATI
 10
   48974.191
 20
   46306.626
 30
0.0
  0
VERTEX
  8
FABBRICATI
 10
   48977.970
 20
   46312.502
 30
0.0
  0
SEQEND
  8
FABBRICATI
  0
TEXT
  8
FABBRICATI
 62
7
 10
   48977.619
 20
   46304.978
 30
0.0
 40
       1.300
  1
127+
 50
       0.000
  0
POLYLINE
  8
FABBRICATI
 66
1
 10
0.0
 20
0.0
 30
0.0
 70
1
  0
VERTEX
  8
FABBRICATI
 10
   48979.531
 20
   46311.436
 30
0.0
  0
VERTEX
  8
FABBRICATI
 10
   48977.970
 20
   46312.502
 30
0.0
  0
VERTEX
  8
FABBRICATI
 10
   48974.191
 20
   46306.626
 30
0.0
  0
VERTEX
  8
FABBRICATI
 10
   48972.739
 20
   46307.560
 30
0.0
  0
VERTEX
  8
FABBRICATI
 10
   48971.897
 20
   46306.128
 30
0.0
  0
VERTEX
  8
FABBRICATI
 10
   48969.735
 20
   46307.426
 30
0.0
  0
VERTEX
  8
FABBRICATI
 10
   48965.803
 20
   46301.204
 30
0.0
  0
VERTEX
  8
FABBRICATI
 10
   48982.919
 20
   46298.421
 30
0.0
  0
VERTEX
  8
FABBRICATI
 10
   48987.676
 20
   46305.972
 30
0.0
  0
VERTEX
  8
FABBRICATI
 10
   48979.531
 20
   46311.436
 30
0.0
  0
SEQEND
  8
FABBRICATI
  0
TEXT
  8
FABBRICATI
 62
7
 10
   48826.514
 20
   46416.567
 30
0.0
 40
       1.300
  1
60+
 50
       0.000
  0
POLYLINE
  8
FABBRICATI
 66
1
 10
0.0
 20
0.0
 30
0.0
 70
1
  0
VERTEX
  8
FABBRICATI
 10
   48824.232
 20
   46418.672
 30
0.0
  0
VERTEX
  8
FABBRICATI
 10
   48824.682
 20
   46414.315
 30
0.0
  0
VERTEX
  8
FABBRICATI
 10
   48828.650
 20
   46414.461
 30
0.0
  0
VERTEX
  8
FABBRICATI
 10
   48828.498
 20
   46418.827
 30
0.0
  0
VERTEX
  8
FABBRICATI
 10
   48824.232
 20
   46418.672
 30
0.0
  0
SEQEND
  8
FABBRICATI
  0
TEXT
  8
FABBRICATI
 62
7
 10
   49086.689
 20
   46327.280
 30
0.0
 40
       1.300
  1
157+
 50
       0.000
  0
POLYLINE
  8
FABBRICATI
 66
1
 10
0.0
 20
0.0
 30
0.0
 70
1
  0
VERTEX
  8
FABBRICATI
 10
   49075.509
 20
   46321.255
 30
0.0
  0
VERTEX
  8
FABBRICATI
 10
   49080.107
 20
   46319.384
 30
0.0
  0
VERTEX
  8
FABBRICATI
 10
   49087.874
 20
   46316.382
 30
0.0
  0
VERTEX
  8
FABBRICATI
 10
   49096.256
 20
   46331.509
 30
0.0
  0
VERTEX
  8
FABBRICATI
 10
   49086.255
 20
   46338.128
 30
0.0
  0
VERTEX
  8
FABBRICATI
 10
   49080.323
 20
   46328.578
 30
0.0
  0
VERTEX
  8
FABBRICATI
 10
   49075.509
 20
   46321.255
 30
0.0
  0
SEQEND
  8
FABBRICATI
  0
TEXT
  8
FABBRICATI
 62
7
 10
   48877.464
 20
   46332.265
 30
0.0
 40
       1.300
  1
93+
 50
       0.000
  0
POLYLINE
  8
FABBRICATI
 66
1
 10
0.0
 20
0.0
 30
0.0
 70
1
  0
VERTEX
  8
FABBRICATI
 10
   48876.554
 20
   46336.957
 30
0.0
  0
VERTEX
  8
FABBRICATI
 10
   48874.752
 20
   46328.163
 30
0.0
  0
VERTEX
  8
FABBRICATI
 10
   48878.727
 20
   46327.494
 30
0.0
  0
VERTEX
  8
FABBRICATI
 10
   48879.842
 20
   46336.228
 30
0.0
  0
VERTEX
  8
FABBRICATI
 10
   48876.554
 20
   46336.957
 30
0.0
  0
SEQEND
  8
FABBRICATI
  0
TEXT
  8
FABBRICATI
 62
7
 10
   48920.048
 20
   46328.762
 30
0.0
 40
       1.300
  1
113+
 50
       0.000
  0
POLYLINE
  8
FABBRICATI
 66
1
 10
0.0
 20
0.0
 30
0.0
 70
1
  0
VERTEX
  8
FABBRICATI
 10
   48917.971
 20
   46331.094
 30
0.0
  0
VERTEX
  8
FABBRICATI
 10
   48915.886
 20
   46327.865
 30
0.0
  0
VERTEX
  8
FABBRICATI
 10
   48918.545
 20
   46326.188
 30
0.0
  0
VERTEX
  8
FABBRICATI
 10
   48917.415
 20
   46324.476
 30
0.0
  0
VERTEX
  8
FABBRICATI
 10
   48919.906
 20
   46322.911
 30
0.0
  0
VERTEX
  8
FABBRICATI
 10
   48924.896
 20
   46330.750
 30
0.0
  0
VERTEX
  8
FABBRICATI
 10
   48920.017
 20
   46334.037
 30
0.0
  0
VERTEX
  8
FABBRICATI
 10
   48920.956
 20
   46335.454
 30
0.0
  0
VERTEX
  8
FABBRICATI
 10
   48919.408
 20
   46336.555
 30
0.0
  0
VERTEX
  8
FABBRICATI
 10
   48917.946
 20
   46334.481
 30
0.0
  0
VERTEX
  8
FABBRICATI
 10
   48919.461
 20
   46333.385
 30
0.0
  0
VERTEX
  8
FABBRICATI
 10
   48917.971
 20
   46331.094
 30
0.0
  0
SEQEND
  8
FABBRICATI
  0
TEXT
  8
FABBRICATI
 62
7
 10
   48828.750
 20
   46328.570
 30
0.0
 40
       1.300
  1
81+
 50
       0.000
  0
POLYLINE
  8
FABBRICATI
 66
1
 10
0.0
 20
0.0
 30
0.0
 70
1
  0
VERTEX
  8
FABBRICATI
 10
   48820.253
 20
   46332.606
 30
0.0
  0
VERTEX
  8
FABBRICATI
 10
   48823.564
 20
   46320.538
 30
0.0
  0
VERTEX
  8
FABBRICATI
 10
   48837.237
 20
   46324.623
 30
0.0
  0
VERTEX
  8
FABBRICATI
 10
   48833.923
 20
   46336.548
 30
0.0
  0
VERTEX
  8
FABBRICATI
 10
   48820.253
 20
   46332.606
 30
0.0
  0
SEQEND
  8
FABBRICATI
  0
TEXT
  8
FABBRICATI
 62
7
 10
   49060.858
 20
   46330.500
 30
0.0
 40
       1.300
  1
236+
 50
       0.000
  0
POLYLINE
  8
FABBRICATI
 66
1
 10
0.0
 20
0.0
 30
0.0
 70
1
  0
VERTEX
  8
FABBRICATI
 10
   49058.128
 20
   46332.636
 30
0.0
  0
VERTEX
  8
FABBRICATI
 10
   49056.467
 20
   46328.373
 30
0.0
  0
VERTEX
  8
FABBRICATI
 10
   49063.001
 20
   46325.891
 30
0.0
  0
VERTEX
  8
FABBRICATI
 10
   49065.001
 20
   46332.382
 30
0.0
  0
VERTEX
  8
FABBRICATI
 10
   49059.255
 20
   46334.891
 30
0.0
  0
VERTEX
  8
FABBRICATI
 10
   49058.128
 20
   46332.636
 30
0.0
  0
SEQEND
  8
FABBRICATI
  0
TEXT
  8
FABBRICATI
 62
7
 10
   48892.389
 20
   46329.354
 30
0.0
 40
       1.300
  1
111+
 50
       0.000
  0
POLYLINE
  8
FABBRICATI
 66
1
 10
0.0
 20
0.0
 30
0.0
 70
1
  0
VERTEX
  8
FABBRICATI
 10
   48889.834
 20
   46334.586
 30
0.0
  0
VERTEX
  8
FABBRICATI
 10
   48889.076
 20
   46325.328
 30
0.0
  0
VERTEX
  8
FABBRICATI
 10
   48894.212
 20
   46324.285
 30
0.0
  0
VERTEX
  8
FABBRICATI
 10
   48895.362
 20
   46329.225
 30
0.0
  0
VERTEX
  8
FABBRICATI
 10
   48895.405
 20
   46329.761
 30
0.0
  0
VERTEX
  8
FABBRICATI
 10
   48895.903
 20
   46333.419
 30
0.0
  0
VERTEX
  8
FABBRICATI
 10
   48889.834
 20
   46334.586
 30
0.0
  0
SEQEND
  8
FABBRICATI
  0
TEXT
  8
FABBRICATI
 62
7
 10
   49052.871
 20
   46332.069
 30
0.0
 40
       1.300
  1
234+
 50
       0.000
  0
POLYLINE
  8
FABBRICATI
 66
1
 10
0.0
 20
0.0
 30
0.0
 70
1
  0
VERTEX
  8
FABBRICATI
 10
   49052.509
 20
   46334.510
 30
0.0
  0
VERTEX
  8
FABBRICATI
 10
   49050.854
 20
   46330.621
 30
0.0
  0
VERTEX
  8
FABBRICATI
 10
   49053.225
 20
   46329.633
 30
0.0
  0
VERTEX
  8
FABBRICATI
 10
   49055.001
 20
   46333.763
 30
0.0
  0
VERTEX
  8
FABBRICATI
 10
   49052.509
 20
   46334.510
 30
0.0
  0
SEQEND
  8
FABBRICATI
  0
TEXT
  8
FABBRICATI
 62
7
 10
   49055.692
 20
   46331.100
 30
0.0
 40
       1.300
  1
235+
 50
       0.000
  0
POLYLINE
  8
FABBRICATI
 66
1
 10
0.0
 20
0.0
 30
0.0
 70
1
  0
VERTEX
  8
FABBRICATI
 10
   49055.001
 20
   46333.763
 30
0.0
  0
VERTEX
  8
FABBRICATI
 10
   49053.225
 20
   46329.633
 30
0.0
  0
VERTEX
  8
FABBRICATI
 10
   49056.467
 20
   46328.373
 30
0.0
  0
VERTEX
  8
FABBRICATI
 10
   49058.128
 20
   46332.636
 30
0.0
  0
VERTEX
  8
FABBRICATI
 10
   49055.001
 20
   46333.763
 30
0.0
  0
SEQEND
  8
FABBRICATI
  0
TEXT
  8
FABBRICATI
 62
7
 10
   48812.348
 20
   46323.182
 30
0.0
 40
       1.300
  1
221+
 50
       0.000
  0
POLYLINE
  8
FABBRICATI
 66
1
 10
0.0
 20
0.0
 30
0.0
 70
1
  0
VERTEX
  8
FABBRICATI
 10
   48808.125
 20
   46328.990
 30
0.0
  0
VERTEX
  8
FABBRICATI
 10
   48812.143
 20
   46316.000
 30
0.0
  0
VERTEX
  8
FABBRICATI
 10
   48816.377
 20
   46318.094
 30
0.0
  0
VERTEX
  8
FABBRICATI
 10
   48812.506
 20
   46330.381
 30
0.0
  0
VERTEX
  8
FABBRICATI
 10
   48808.125
 20
   46328.990
 30
0.0
  0
SEQEND
  8
FABBRICATI
  0
TEXT
  8
FABBRICATI
 62
7
 10
   48905.483
 20
   46355.494
 30
0.0
 40
       1.300
  1
108+
 50
       0.000
  0
POLYLINE
  8
FABBRICATI
 66
1
 10
0.0
 20
0.0
 30
0.0
 70
1
  0
VERTEX
  8
FABBRICATI
 10
   48894.168
 20
   46367.866
 30
0.0
  0
VERTEX
  8
FABBRICATI
 10
   48889.283
 20
   46360.901
 30
0.0
  0
VERTEX
  8
FABBRICATI
 10
   48916.254
 20
   46343.145
 30
0.0
  0
VERTEX
  8
FABBRICATI
 10
   48921.470
 20
   46350.366
 30
0.0
  0
VERTEX
  8
FABBRICATI
 10
   48894.168
 20
   46367.866
 30
0.0
  0
SEQEND
  8
FABBRICATI
  0
TEXT
  8
FABBRICATI
 62
7
 10
   48911.791
 20
   46368.100
 30
0.0
 40
       1.300
  1
107+
 50
       0.000
  0
POLYLINE
  8
FABBRICATI
 66
1
 10
0.0
 20
0.0
 30
0.0
 70
1
  0
VERTEX
  8
FABBRICATI
 10
   48899.398
 20
   46382.501
 30
0.0
  0
VERTEX
  8
FABBRICATI
 10
   48893.668
 20
   46374.207
 30
0.0
  0
VERTEX
  8
FABBRICATI
 10
   48910.721
 20
   46362.775
 30
0.0
  0
VERTEX
  8
FABBRICATI
 10
   48924.145
 20
   46353.989
 30
0.0
  0
VERTEX
  8
FABBRICATI
 10
   48929.968
 20
   46361.937
 30
0.0
  0
VERTEX
  8
FABBRICATI
 10
   48911.438
 20
   46374.397
 30
0.0
  0
VERTEX
  8
FABBRICATI
 10
   48899.398
 20
   46382.501
 30
0.0
  0
SEQEND
  8
FABBRICATI
  0
TEXT
  8
FABBRICATI
 62
7
 10
   48880.311
 20
   46378.352
 30
0.0
 40
       1.300
  1
347+
 50
       0.000
  0
POLYLINE
  8
FABBRICATI
 66
1
 10
0.0
 20
0.0
 30
0.0
 70
1
  0
VERTEX
  8
FABBRICATI
 10
   48875.275
 20
   46378.936
 30
0.0
  0
VERTEX
  8
FABBRICATI
 10
   48875.024
 20
   46376.943
 30
0.0
  0
VERTEX
  8
FABBRICATI
 10
   48880.191
 20
   46376.048
 30
0.0
  0
VERTEX
  8
FABBRICATI
 10
   48883.759
 20
   46375.462
 30
0.0
  0
VERTEX
  8
FABBRICATI
 10
   48884.910
 20
   46375.381
 30
0.0
  0
VERTEX
  8
FABBRICATI
 10
   48885.695
 20
   46379.956
 30
0.0
  0
VERTEX
  8
FABBRICATI
 10
   48879.117
 20
   46380.856
 30
0.0
  0
VERTEX
  8
FABBRICATI
 10
   48878.723
 20
   46378.467
 30
0.0
  0
VERTEX
  8
FABBRICATI
 10
   48875.275
 20
   46378.936
 30
0.0
  0
SEQEND
  8
FABBRICATI
  0
TEXT
  8
FABBRICATI
 62
7
 10
   48792.434
 20
   46373.560
 30
0.0
 40
       1.300
  1
66+
 50
       0.000
  0
POLYLINE
  8
FABBRICATI
 66
1
 10
0.0
 20
0.0
 30
0.0
 70
1
  0
VERTEX
  8
FABBRICATI
 10
   48788.964
 20
   46379.196
 30
0.0
  0
VERTEX
  8
FABBRICATI
 10
   48789.073
 20
   46378.655
 30
0.0
  0
VERTEX
  8
FABBRICATI
 10
   48791.505
 20
   46366.634
 30
0.0
  0
VERTEX
  8
FABBRICATI
 10
   48796.251
 20
   46367.634
 30
0.0
  0
VERTEX
  8
FABBRICATI
 10
   48795.221
 20
   46371.712
 30
0.0
  0
VERTEX
  8
FABBRICATI
 10
   48795.055
 20
   46372.386
 30
0.0
  0
VERTEX
  8
FABBRICATI
 10
   48793.714
 20
   46377.824
 30
0.0
  0
VERTEX
  8
FABBRICATI
 10
   48793.078
 20
   46380.397
 30
0.0
  0
VERTEX
  8
FABBRICATI
 10
   48788.964
 20
   46379.196
 30
0.0
  0
SEQEND
  8
FABBRICATI
  0
TEXT
  8
FABBRICATI
 62
7
 10
   48836.973
 20
   46357.834
 30
0.0
 40
       1.300
  1
71+
 50
       0.000
  0
POLYLINE
  8
FABBRICATI
 66
1
 10
0.0
 20
0.0
 30
0.0
 70
1
  0
VERTEX
  8
FABBRICATI
 10
   48829.441
 20
   46362.617
 30
0.0
  0
VERTEX
  8
FABBRICATI
 10
   48827.185
 20
   46362.387
 30
0.0
  0
VERTEX
  8
FABBRICATI
 10
   48830.156
 20
   46350.921
 30
0.0
  0
VERTEX
  8
FABBRICATI
 10
   48842.837
 20
   46354.315
 30
0.0
  0
VERTEX
  8
FABBRICATI
 10
   48845.559
 20
   46354.937
 30
0.0
  0
VERTEX
  8
FABBRICATI
 10
   48845.588
 20
   46363.532
 30
0.0
  0
VERTEX
  8
FABBRICATI
 10
   48842.584
 20
   46363.448
 30
0.0
  0
VERTEX
  8
FABBRICATI
 10
   48829.441
 20
   46362.617
 30
0.0
  0
SEQEND
  8
FABBRICATI
  0
TEXT
  8
FABBRICATI
 62
7
 10
   49191.912
 20
   46349.012
 30
0.0
 40
       1.300
  1
189+
 50
       0.000
  0
POLYLINE
  8
FABBRICATI
 66
1
 10
0.0
 20
0.0
 30
0.0
 70
1
  0
VERTEX
  8
FABBRICATI
 10
   49184.812
 20
   46346.449
 30
0.0
  0
VERTEX
  8
FABBRICATI
 10
   49184.558
 20
   46345.929
 30
0.0
  0
VERTEX
  8
FABBRICATI
 10
   49185.252
 20
   46345.657
 30
0.0
  0
VERTEX
  8
FABBRICATI
 10
   49194.249
 20
   46341.520
 30
0.0
  0
VERTEX
  8
FABBRICATI
 10
   49198.163
 20
   46350.697
 30
0.0
  0
VERTEX
  8
FABBRICATI
 10
   49190.505
 20
   46355.719
 30
0.0
  0
VERTEX
  8
FABBRICATI
 10
   49184.812
 20
   46346.449
 30
0.0
  0
SEQEND
  8
FABBRICATI
  0
TEXT
  8
FABBRICATI
 62
7
 10
   48867.463
 20
   46352.853
 30
0.0
 40
       1.300
  1
348+
 50
       0.000
  0
POLYLINE
  8
FABBRICATI
 66
1
 10
0.0
 20
0.0
 30
0.0
 70
1
  0
VERTEX
  8
FABBRICATI
 10
   48866.400
 20
   46354.937
 30
0.0
  0
VERTEX
  8
FABBRICATI
 10
   48865.613
 20
   46351.194
 30
0.0
  0
VERTEX
  8
FABBRICATI
 10
   48868.608
 20
   46350.773
 30
0.0
  0
VERTEX
  8
FABBRICATI
 10
   48869.243
 20
   46354.464
 30
0.0
  0
VERTEX
  8
FABBRICATI
 10
   48866.400
 20
   46354.937
 30
0.0
  0
SEQEND
  8
FABBRICATI
  0
TEXT
  8
FABBRICATI
 62
7
 10
   49049.529
 20
   46066.841
 30
0.0
 40
       1.300
  1
187+
 50
       0.000
  0
POLYLINE
  8
FABBRICATI
 66
1
 10
0.0
 20
0.0
 30
0.0
 70
1
  0
VERTEX
  8
FABBRICATI
 10
   49042.000
 20
   46066.888
 30
0.0
  0
VERTEX
  8
FABBRICATI
 10
   49041.316
 20
   46066.079
 30
0.0
  0
VERTEX
  8
FABBRICATI
 10
   49050.632
 20
   46060.504
 30
0.0
  0
VERTEX
  8
FABBRICATI
 10
   49052.360
 20
   46059.466
 30
0.0
  0
VERTEX
  8
FABBRICATI
 10
   49059.891
 20
   46063.584
 30
0.0
  0
VERTEX
  8
FABBRICATI
 10
   49056.686
 20
   46067.428
 30
0.0
  0
VERTEX
  8
FABBRICATI
 10
   49058.651
 20
   46069.146
 30
0.0
  0
VERTEX
  8
FABBRICATI
 10
   49052.822
 20
   46074.586
 30
0.0
  0
VERTEX
  8
FABBRICATI
 10
   49052.349
 20
   46075.019
 30
0.0
  0
VERTEX
  8
FABBRICATI
 10
   49050.659
 20
   46073.094
 30
0.0
  0
VERTEX
  8
FABBRICATI
 10
   49048.411
 20
   46075.104
 30
0.0
  0
VERTEX
  8
FABBRICATI
 10
   49046.967
 20
   46073.235
 30
0.0
  0
VERTEX
  8
FABBRICATI
 10
   49042.000
 20
   46066.888
 30
0.0
  0
SEQEND
  8
FABBRICATI
  0
TEXT
  8
FABBRICATI
 62
7
 10
   49021.260
 20
   46055.245
 30
0.0
 40
       1.300
  1
243+
 50
       0.000
  0
POLYLINE
  8
FABBRICATI
 66
1
 10
0.0
 20
0.0
 30
0.0
 70
1
  0
VERTEX
  8
FABBRICATI
 10
   49002.433
 20
   46042.804
 30
0.0
  0
VERTEX
  8
FABBRICATI
 10
   49002.553
 20
   46041.500
 30
0.0
  0
VERTEX
  8
FABBRICATI
 10
   49005.395
 20
   46041.085
 30
0.0
  0
VERTEX
  8
FABBRICATI
 10
   49009.762
 20
   46040.857
 30
0.0
  0
VERTEX
  8
FABBRICATI
 10
   49014.184
 20
   46040.876
 30
0.0
  0
VERTEX
  8
FABBRICATI
 10
   49016.607
 20
   46041.151
 30
0.0
  0
VERTEX
  8
FABBRICATI
 10
   49019.393
 20
   46044.920
 30
0.0
  0
VERTEX
  8
FABBRICATI
 10
   49023.310
 20
   46042.157
 30
0.0
  0
VERTEX
  8
FABBRICATI
 10
   49024.146
 20
   46042.662
 30
0.0
  0
VERTEX
  8
FABBRICATI
 10
   49026.769
 20
   46046.316
 30
0.0
  0
VERTEX
  8
FABBRICATI
 10
   49028.496
 20
   46044.983
 30
0.0
  0
VERTEX
  8
FABBRICATI
 10
   49031.700
 20
   46046.807
 30
0.0
  0
VERTEX
  8
FABBRICATI
 10
   49033.867
 20
   46048.021
 30
0.0
  0
VERTEX
  8
FABBRICATI
 10
   49036.242
 20
   46051.567
 30
0.0
  0
VERTEX
  8
FABBRICATI
 10
   49034.920
 20
   46052.522
 30
0.0
  0
VERTEX
  8
FABBRICATI
 10
   49028.727
 20
   46056.830
 30
0.0
  0
VERTEX
  8
FABBRICATI
 10
   49030.093
 20
   46058.554
 30
0.0
  0
VERTEX
  8
FABBRICATI
 10
   49026.977
 20
   46060.891
 30
0.0
  0
VERTEX
  8
FABBRICATI
 10
   49029.782
 20
   46064.855
 30
0.0
  0
VERTEX
  8
FABBRICATI
 10
   49022.492
 20
   46070.103
 30
0.0
  0
VERTEX
  8
FABBRICATI
 10
   49015.065
 20
   46059.866
 30
0.0
  0
VERTEX
  8
FABBRICATI
 10
   49006.470
 20
   46048.263
 30
0.0
  0
VERTEX
  8
FABBRICATI
 10
   49002.433
 20
   46042.804
 30
0.0
  0
SEQEND
  8
FABBRICATI
  0
TEXT
  8
FABBRICATI
 62
7
 10
   49126.058
 20
   46030.099
 30
0.0
 40
       1.300
  1
212+
 50
       0.000
  0
POLYLINE
  8
FABBRICATI
 66
1
 10
0.0
 20
0.0
 30
0.0
 70
1
  0
VERTEX
  8
FABBRICATI
 10
   49111.950
 20
   46032.577
 30
0.0
  0
VERTEX
  8
FABBRICATI
 10
   49106.008
 20
   46024.149
 30
0.0
  0
VERTEX
  8
FABBRICATI
 10
   49123.460
 20
   46016.861
 30
0.0
  0
VERTEX
  8
FABBRICATI
 10
   49134.781
 20
   46012.163
 30
0.0
  0
VERTEX
  8
FABBRICATI
 10
   49144.816
 20
   46008.081
 30
0.0
  0
VERTEX
  8
FABBRICATI
 10
   49147.376
 20
   46013.585
 30
0.0
  0
VERTEX
  8
FABBRICATI
 10
   49152.304
 20
   46024.192
 30
0.0
  0
VERTEX
  8
FABBRICATI
 10
   49150.990
 20
   46024.839
 30
0.0
  0
VERTEX
  8
FABBRICATI
 10
   49148.557
 20
   46025.958
 30
0.0
  0
VERTEX
  8
FABBRICATI
 10
   49144.054
 20
   46028.318
 30
0.0
  0
VERTEX
  8
FABBRICATI
 10
   49141.642
 20
   46029.358
 30
0.0
  0
VERTEX
  8
FABBRICATI
 10
   49143.393
 20
   46033.686
 30
0.0
  0
VERTEX
  8
FABBRICATI
 10
   49144.345
 20
   46036.677
 30
0.0
  0
VERTEX
  8
FABBRICATI
 10
   49139.504
 20
   46039.527
 30
0.0
  0
VERTEX
  8
FABBRICATI
 10
   49125.671
 20
   46047.758
 30
0.0
  0
VERTEX
  8
FABBRICATI
 10
   49117.102
 20
   46052.918
 30
0.0
  0
VERTEX
  8
FABBRICATI
 10
   49116.075
 20
   46050.300
 30
0.0
  0
VERTEX
  8
FABBRICATI
 10
   49115.473
 20
   46049.073
 30
0.0
  0
VERTEX
  8
FABBRICATI
 10
   49116.409
 20
   46047.623
 30
0.0
  0
VERTEX
  8
FABBRICATI
 10
   49117.962
 20
   46045.413
 30
0.0
  0
VERTEX
  8
FABBRICATI
 10
   49116.578
 20
   46041.801
 30
0.0
  0
VERTEX
  8
FABBRICATI
 10
   49111.950
 20
   46032.577
 30
0.0
  0
SEQEND
  8
FABBRICATI
  0
TEXT
  8
FABBRICATI
 62
7
 10
   48876.336
 20
   46381.314
 30
0.0
 40
       1.300
  1
98+
 50
       0.000
  0
POLYLINE
  8
FABBRICATI
 66
1
 10
0.0
 20
0.0
 30
0.0
 70
1
  0
VERTEX
  8
FABBRICATI
 10
   48873.642
 20
   46382.939
 30
0.0
  0
VERTEX
  8
FABBRICATI
 10
   48873.051
 20
   46377.223
 30
0.0
  0
VERTEX
  8
FABBRICATI
 10
   48875.024
 20
   46376.943
 30
0.0
  0
VERTEX
  8
FABBRICATI
 10
   48875.275
 20
   46378.936
 30
0.0
  0
VERTEX
  8
FABBRICATI
 10
   48878.723
 20
   46378.467
 30
0.0
  0
VERTEX
  8
FABBRICATI
 10
   48879.117
 20
   46380.856
 30
0.0
  0
VERTEX
  8
FABBRICATI
 10
   48879.311
 20
   46381.979
 30
0.0
  0
VERTEX
  8
FABBRICATI
 10
   48877.868
 20
   46382.113
 30
0.0
  0
VERTEX
  8
FABBRICATI
 10
   48878.012
 20
   46383.580
 30
0.0
  0
VERTEX
  8
FABBRICATI
 10
   48876.309
 20
   46383.794
 30
0.0
  0
VERTEX
  8
FABBRICATI
 10
   48873.776
 20
   46384.122
 30
0.0
  0
VERTEX
  8
FABBRICATI
 10
   48873.642
 20
   46382.939
 30
0.0
  0
SEQEND
  8
FABBRICATI
  0
TEXT
  8
FABBRICATI
 62
7
 10
   48966.524
 20
   46308.959
 30
0.0
 40
       1.300
  1
121+
 50
       0.000
  0
POLYLINE
  8
FABBRICATI
 66
1
 10
0.0
 20
0.0
 30
0.0
 70
1
  0
VERTEX
  8
FABBRICATI
 10
   48958.504
 20
   46302.746
 30
0.0
  0
VERTEX
  8
FABBRICATI
 10
   48965.803
 20
   46301.204
 30
0.0
  0
VERTEX
  8
FABBRICATI
 10
   48969.735
 20
   46307.426
 30
0.0
  0
VERTEX
  8
FABBRICATI
 10
   48974.457
 20
   46314.899
 30
0.0
  0
VERTEX
  8
FABBRICATI
 10
   48968.423
 20
   46318.787
 30
0.0
  0
VERTEX
  8
FABBRICATI
 10
   48958.504
 20
   46302.746
 30
0.0
  0
SEQEND
  8
FABBRICATI
  0
TEXT
  8
FABBRICATI
 62
7
 10
   48952.084
 20
   46313.198
 30
0.0
 40
       1.300
  1
120+
 50
       0.000
  0
POLYLINE
  8
FABBRICATI
 66
1
 10
0.0
 20
0.0
 30
0.0
 70
1
  0
VERTEX
  8
FABBRICATI
 10
   48941.110
 20
   46306.201
 30
0.0
  0
VERTEX
  8
FABBRICATI
 10
   48952.424
 20
   46303.993
 30
0.0
  0
VERTEX
  8
FABBRICATI
 10
   48962.684
 20
   46319.874
 30
0.0
  0
VERTEX
  8
FABBRICATI
 10
   48954.256
 20
   46325.919
 30
0.0
  0
VERTEX
  8
FABBRICATI
 10
   48950.882
 20
   46320.875
 30
0.0
  0
VERTEX
  8
FABBRICATI
 10
   48944.532
 20
   46311.289
 30
0.0
  0
VERTEX
  8
FABBRICATI
 10
   48942.648
 20
   46308.448
 30
0.0
  0
VERTEX
  8
FABBRICATI
 10
   48941.110
 20
   46306.201
 30
0.0
  0
SEQEND
  8
FABBRICATI
  0
TEXT
  8
FABBRICATI
 62
7
 10
   48861.098
 20
   46335.648
 30
0.0
 40
       1.300
  1
91+
 50
       0.000
  0
POLYLINE
  8
FABBRICATI
 66
1
 10
0.0
 20
0.0
 30
0.0
 70
1
  0
VERTEX
  8
FABBRICATI
 10
   48854.383
 20
   46332.552
 30
0.0
  0
VERTEX
  8
FABBRICATI
 10
   48854.789
 20
   46329.434
 30
0.0
  0
VERTEX
  8
FABBRICATI
 10
   48860.287
 20
   46329.640
 30
0.0
  0
VERTEX
  8
FABBRICATI
 10
   48860.343
 20
   46331.367
 30
0.0
  0
VERTEX
  8
FABBRICATI
 10
   48861.476
 20
   46331.284
 30
0.0
  0
VERTEX
  8
FABBRICATI
 10
   48861.476
 20
   46329.726
 30
0.0
  0
VERTEX
  8
FABBRICATI
 10
   48866.117
 20
   46329.898
 30
0.0
  0
VERTEX
  8
FABBRICATI
 10
   48868.010
 20
   46338.999
 30
0.0
  0
VERTEX
  8
FABBRICATI
 10
   48855.708
 20
   46340.791
 30
0.0
  0
VERTEX
  8
FABBRICATI
 10
   48854.383
 20
   46332.552
 30
0.0
  0
SEQEND
  8
FABBRICATI
  0
TEXT
  8
FABBRICATI
 62
7
 10
   49174.260
 20
   46324.841
 30
0.0
 40
       1.300
  1
169+
 50
       0.000
  0
POLYLINE
  8
FABBRICATI
 66
1
 10
0.0
 20
0.0
 30
0.0
 70
1
  0
VERTEX
  8
FABBRICATI
 10
   49165.872
 20
   46331.483
 30
0.0
  0
VERTEX
  8
FABBRICATI
 10
   49155.764
 20
   46316.747
 30
0.0
  0
VERTEX
  8
FABBRICATI
 10
   49166.249
 20
   46312.215
 30
0.0
  0
VERTEX
  8
FABBRICATI
 10
   49168.039
 20
   46311.492
 30
0.0
  0
VERTEX
  8
FABBRICATI
 10
   49179.576
 20
   46306.800
 30
0.0
  0
VERTEX
  8
FABBRICATI
 10
   49184.349
 20
   46318.049
 30
0.0
  0
VERTEX
  8
FABBRICATI
 10
   49189.940
 20
   46331.255
 30
0.0
  0
VERTEX
  8
FABBRICATI
 10
   49179.184
 20
   46337.026
 30
0.0
  0
VERTEX
  8
FABBRICATI
 10
   49173.205
 20
   46339.945
 30
0.0
  0
VERTEX
  8
FABBRICATI
 10
   49172.024
 20
   46340.522
 30
0.0
  0
VERTEX
  8
FABBRICATI
 10
   49165.872
 20
   46331.483
 30
0.0
  0
SEQEND
  8
FABBRICATI
  0
POLYLINE
  8
FABBRICATI
  6
INTERNA
 66
1
 10
0.0
 20
0.0
 30
0.0
 70
1
  0
VERTEX
  8
FABBRICATI
  6
INTERNA
 10
   49165.772
 20
   46317.851
 30
0.0
  0
VERTEX
  8
FABBRICATI
  6
INTERNA
 10
   49168.756
 20
   46322.113
 30
0.0
  0
VERTEX
  8
FABBRICATI
  6
INTERNA
 10
   49172.049
 20
   46319.541
 30
0.0
  0
VERTEX
  8
FABBRICATI
  6
INTERNA
 10
   49169.147
 20
   46315.157
 30
0.0
  0
VERTEX
  8
FABBRICATI
  6
INTERNA
 10
   49165.772
 20
   46317.851
 30
0.0
  0
SEQEND
  0
POLYLINE
  8
FABBRICATI
  6
INTERNA
 66
1
 10
0.0
 20
0.0
 30
0.0
 70
1
  0
VERTEX
  8
FABBRICATI
  6
INTERNA
 10
   49174.150
 20
   46329.948
 30
0.0
  0
VERTEX
  8
FABBRICATI
  6
INTERNA
 10
   49177.159
 20
   46334.389
 30
0.0
  0
VERTEX
  8
FABBRICATI
  6
INTERNA
 10
   49180.865
 20
   46331.439
 30
0.0
  0
VERTEX
  8
FABBRICATI
  6
INTERNA
 10
   49177.935
 20
   46327.162
 30
0.0
  0
VERTEX
  8
FABBRICATI
  6
INTERNA
 10
   49174.150
 20
   46329.948
 30
0.0
  0
SEQEND
  0
TEXT
  8
FABBRICATI
 62
7
 10
   48938.010
 20
   46329.287
 30
0.0
 40
       1.300
  1
115+
 50
       0.000
  0
POLYLINE
  8
FABBRICATI
 66
1
 10
0.0
 20
0.0
 30
0.0
 70
1
  0
VERTEX
  8
FABBRICATI
 10
   48929.548
 20
   46330.122
 30
0.0
  0
VERTEX
  8
FABBRICATI
 10
   48933.695
 20
   46327.328
 30
0.0
  0
VERTEX
  8
FABBRICATI
 10
   48940.857
 20
   46322.571
 30
0.0
  0
VERTEX
  8
FABBRICATI
 10
   48945.344
 20
   46329.221
 30
0.0
  0
VERTEX
  8
FABBRICATI
 10
   48943.190
 20
   46330.580
 30
0.0
  0
VERTEX
  8
FABBRICATI
 10
   48945.696
 20
   46334.125
 30
0.0
  0
VERTEX
  8
FABBRICATI
 10
   48945.036
 20
   46334.582
 30
0.0
  0
VERTEX
  8
FABBRICATI
 10
   48941.997
 20
   46336.534
 30
0.0
  0
VERTEX
  8
FABBRICATI
 10
   48939.202
 20
   46332.748
 30
0.0
  0
VERTEX
  8
FABBRICATI
 10
   48936.751
 20
   46334.491
 30
0.0
  0
VERTEX
  8
FABBRICATI
 10
   48939.357
 20
   46338.229
 30
0.0
  0
VERTEX
  8
FABBRICATI
 10
   48936.491
 20
   46340.067
 30
0.0
  0
VERTEX
  8
FABBRICATI
 10
   48929.548
 20
   46330.122
 30
0.0
  0
SEQEND
  8
FABBRICATI
  0
TEXT
  8
FABBRICATI
 62
7
 10
   48881.458
 20
   46331.398
 30
0.0
 40
       1.300
  1
110+
 50
       0.000
  0
POLYLINE
  8
FABBRICATI
 66
1
 10
0.0
 20
0.0
 30
0.0
 70
1
  0
VERTEX
  8
FABBRICATI
 10
   48879.842
 20
   46336.228
 30
0.0
  0
VERTEX
  8
FABBRICATI
 10
   48878.727
 20
   46327.494
 30
0.0
  0
VERTEX
  8
FABBRICATI
 10
   48882.844
 20
   46326.517
 30
0.0
  0
VERTEX
  8
FABBRICATI
 10
   48884.413
 20
   46335.575
 30
0.0
  0
VERTEX
  8
FABBRICATI
 10
   48879.842
 20
   46336.228
 30
0.0
  0
SEQEND
  8
FABBRICATI
  0
TEXT
  8
FABBRICATI
 62
7
 10
   48886.521
 20
   46330.538
 30
0.0
 40
       1.300
  1
796+
 50
       0.000
  0
POLYLINE
  8
FABBRICATI
 66
1
 10
0.0
 20
0.0
 30
0.0
 70
1
  0
VERTEX
  8
FABBRICATI
 10
   48884.413
 20
   46335.575
 30
0.0
  0
VERTEX
  8
FABBRICATI
 10
   48882.844
 20
   46326.517
 30
0.0
  0
VERTEX
  8
FABBRICATI
 10
   48889.076
 20
   46325.328
 30
0.0
  0
VERTEX
  8
FABBRICATI
 10
   48889.834
 20
   46334.586
 30
0.0
  0
VERTEX
  8
FABBRICATI
 10
   48884.413
 20
   46335.575
 30
0.0
  0
SEQEND
  8
FABBRICATI
  0
TEXT
  8
FABBRICATI
 62
7
 10
   49034.430
 20
   46345.640
 30
0.0
 40
       1.300
  1
142+
 50
       0.000
  0
POLYLINE
  8
FABBRICATI
 66
1
 10
0.0
 20
0.0
 30
0.0
 70
1
  0
VERTEX
  8
FABBRICATI
 10
   49030.192
 20
   46352.927
 30
0.0
  0
VERTEX
  8
FABBRICATI
 10
   49025.901
 20
   46346.326
 30
0.0
  0
VERTEX
  8
FABBRICATI
 10
   49033.001
 20
   46342.383
 30
0.0
  0
VERTEX
  8
FABBRICATI
 10
   49039.512
 20
   46338.398
 30
0.0
  0
VERTEX
  8
FABBRICATI
 10
   49043.719
 20
   46344.371
 30
0.0
  0
VERTEX
  8
FABBRICATI
 10
   49030.192
 20
   46352.927
 30
0.0
  0
SEQEND
  8
FABBRICATI
  0
TEXT
  8
FABBRICATI
 62
7
 10
   48955.890
 20
   46339.507
 30
0.0
 40
       1.300
  1
230+
 50
       0.000
  0
POLYLINE
  8
FABBRICATI
 66
1
 10
0.0
 20
0.0
 30
0.0
 70
1
  0
VERTEX
  8
FABBRICATI
 10
   48953.671
 20
   46347.396
 30
0.0
  0
VERTEX
  8
FABBRICATI
 10
   48947.508
 20
   46338.255
 30
0.0
  0
VERTEX
  8
FABBRICATI
 10
   48958.017
 20
   46331.509
 30
0.0
  0
VERTEX
  8
FABBRICATI
 10
   48963.762
 20
   46340.002
 30
0.0
  0
VERTEX
  8
FABBRICATI
 10
   48958.363
 20
   46343.982
 30
0.0
  0
VERTEX
  8
FABBRICATI
 10
   48953.671
 20
   46347.396
 30
0.0
  0
SEQEND
  8
FABBRICATI
  0
TEXT
  8
FABBRICATI
 62
7
 10
   49035.047
 20
   46338.508
 30
0.0
 40
       1.300
  1
232+
 50
       0.000
  0
POLYLINE
  8
FABBRICATI
 66
1
 10
0.0
 20
0.0
 30
0.0
 70
1
  0
VERTEX
  8
FABBRICATI
 10
   49033.001
 20
   46342.383
 30
0.0
  0
VERTEX
  8
FABBRICATI
 10
   49030.254
 20
   46337.509
 30
0.0
  0
VERTEX
  8
FABBRICATI
 10
   49037.169
 20
   46334.920
 30
0.0
  0
VERTEX
  8
FABBRICATI
 10
   49039.512
 20
   46338.398
 30
0.0
  0
VERTEX
  8
FABBRICATI
 10
   49033.001
 20
   46342.383
 30
0.0
  0
SEQEND
  8
FABBRICATI
  0
TEXT
  8
FABBRICATI
 62
7
 10
   49046.453
 20
   46337.012
 30
0.0
 40
       1.300
  1
233+
 50
       0.000
  0
POLYLINE
  8
FABBRICATI
 66
1
 10
0.0
 20
0.0
 30
0.0
 70
1
  0
VERTEX
  8
FABBRICATI
 10
   49046.168
 20
   46341.621
 30
0.0
  0
VERTEX
  8
FABBRICATI
 10
   49042.255
 20
   46334.018
 30
0.0
  0
VERTEX
  8
FABBRICATI
 10
   49047.128
 20
   46332.145
 30
0.0
  0
VERTEX
  8
FABBRICATI
 10
   49050.382
 20
   46340.128
 30
0.0
  0
VERTEX
  8
FABBRICATI
 10
   49046.168
 20
   46341.621
 30
0.0
  0
SEQEND
  8
FABBRICATI
  0
TEXT
  8
FABBRICATI
 62
7
 10
   48841.186
 20
   46332.279
 30
0.0
 40
       1.300
  1
82+
 50
       0.000
  0
POLYLINE
  8
FABBRICATI
 66
1
 10
0.0
 20
0.0
 30
0.0
 70
1
  0
VERTEX
  8
FABBRICATI
 10
   48833.923
 20
   46336.548
 30
0.0
  0
VERTEX
  8
FABBRICATI
 10
   48837.237
 20
   46324.623
 30
0.0
  0
VERTEX
  8
FABBRICATI
 10
   48848.401
 20
   46328.073
 30
0.0
  0
VERTEX
  8
FABBRICATI
 10
   48846.977
 20
   46333.333
 30
0.0
  0
VERTEX
  8
FABBRICATI
 10
   48845.226
 20
   46339.943
 30
0.0
  0
VERTEX
  8
FABBRICATI
 10
   48833.923
 20
   46336.548
 30
0.0
  0
SEQEND
  8
FABBRICATI
  0
TEXT
  8
FABBRICATI
 62
7
 10
   48871.367
 20
   46333.553
 30
0.0
 40
       1.300
  1
92+
 50
       0.000
  0
POLYLINE
  8
FABBRICATI
 66
1
 10
0.0
 20
0.0
 30
0.0
 70
1
  0
VERTEX
  8
FABBRICATI
 10
   48866.117
 20
   46329.898
 30
0.0
  0
VERTEX
  8
FABBRICATI
 10
   48867.054
 20
   46329.825
 30
0.0
  0
VERTEX
  8
FABBRICATI
 10
   48874.752
 20
   46328.163
 30
0.0
  0
VERTEX
  8
FABBRICATI
 10
   48876.554
 20
   46336.957
 30
0.0
  0
VERTEX
  8
FABBRICATI
 10
   48868.010
 20
   46338.999
 30
0.0
  0
VERTEX
  8
FABBRICATI
 10
   48866.117
 20
   46329.898
 30
0.0
  0
SEQEND
  8
FABBRICATI
  0
TEXT
  8
FABBRICATI
 62
7
 10
   49085.747
 20
   46414.860
 30
0.0
 40
       1.300
  1
145+
 50
       0.000
  0
POLYLINE
  8
FABBRICATI
 66
1
 10
0.0
 20
0.0
 30
0.0
 70
1
  0
VERTEX
  8
FABBRICATI
 10
   49070.099
 20
   46413.175
 30
0.0
  0
VERTEX
  8
FABBRICATI
 10
   49061.355
 20
   46400.618
 30
0.0
  0
VERTEX
  8
FABBRICATI
 10
   49072.580
 20
   46393.347
 30
0.0
  0
VERTEX
  8
FABBRICATI
 10
   49087.688
 20
   46383.453
 30
0.0
  0
VERTEX
  8
FABBRICATI
 10
   49089.690
 20
   46386.475
 30
0.0
  0
VERTEX
  8
FABBRICATI
 10
   49092.104
 20
   46384.941
 30
0.0
  0
VERTEX
  8
FABBRICATI
 10
   49087.494
 20
   46378.209
 30
0.0
  0
VERTEX
  8
FABBRICATI
 10
   49096.537
 20
   46372.233
 30
0.0
  0
VERTEX
  8
FABBRICATI
 10
   49105.612
 20
   46385.701
 30
0.0
  0
VERTEX
  8
FABBRICATI
 10
   49113.631
 20
   46397.572
 30
0.0
  0
VERTEX
  8
FABBRICATI
 10
   49117.803
 20
   46403.770
 30
0.0
  0
VERTEX
  8
FABBRICATI
 10
   49092.799
 20
   46419.681
 30
0.0
  0
VERTEX
  8
FABBRICATI
 10
   49080.406
 20
   46427.495
 30
0.0
  0
VERTEX
  8
FABBRICATI
 10
   49078.102
 20
   46424.229
 30
0.0
  0
VERTEX
  8
FABBRICATI
 10
   49070.099
 20
   46413.175
 30
0.0
  0
SEQEND
  8
FABBRICATI
  0
POLYLINE
  8
FABBRICATI
  6
INTERNA
 66
1
 10
0.0
 20
0.0
 30
0.0
 70
1
  0
VERTEX
  8
FABBRICATI
  6
INTERNA
 10
   49077.447
 20
   46400.154
 30
0.0
  0
VERTEX
  8
FABBRICATI
  6
INTERNA
 10
   49075.471
 20
   46401.664
 30
0.0
  0
VERTEX
  8
FABBRICATI
  6
INTERNA
 10
   49080.484
 20
   46408.852
 30
0.0
  0
VERTEX
  8
FABBRICATI
  6
INTERNA
 10
   49079.487
 20
   46409.636
 30
0.0
  0
VERTEX
  8
FABBRICATI
  6
INTERNA
 10
   49081.764
 20
   46412.976
 30
0.0
  0
VERTEX
  8
FABBRICATI
  6
INTERNA
 10
   49090.439
 20
   46407.405
 30
0.0
  0
VERTEX
  8
FABBRICATI
  6
INTERNA
 10
   49099.174
 20
   46401.792
 30
0.0
  0
VERTEX
  8
FABBRICATI
  6
INTERNA
 10
   49103.518
 20
   46398.935
 30
0.0
  0
VERTEX
  8
FABBRICATI
  6
INTERNA
 10
   49101.103
 20
   46395.275
 30
0.0
  0
VERTEX
  8
FABBRICATI
  6
INTERNA
 10
   49100.208
 20
   46395.749
 30
0.0
  0
VERTEX
  8
FABBRICATI
  6
INTERNA
 10
   49094.687
 20
   46388.212
 30
0.0
  0
VERTEX
  8
FABBRICATI
  6
INTERNA
 10
   49092.215
 20
   46389.994
 30
0.0
  0
VERTEX
  8
FABBRICATI
  6
INTERNA
 10
   49094.166
 20
   46392.890
 30
0.0
  0
VERTEX
  8
FABBRICATI
  6
INTERNA
 10
   49079.232
 20
   46402.376
 30
0.0
  0
VERTEX
  8
FABBRICATI
  6
INTERNA
 10
   49077.447
 20
   46400.154
 30
0.0
  0
SEQEND
  0
TEXT
  8
FABBRICATI
 62
7
 10
   48811.906
 20
   46422.485
 30
0.0
 40
       1.300
  1
57+
 50
       0.000
  0
POLYLINE
  8
FABBRICATI
 66
1
 10
0.0
 20
0.0
 30
0.0
 70
1
  0
VERTEX
  8
FABBRICATI
 10
   48805.013
 20
   46424.634
 30
0.0
  0
VERTEX
  8
FABBRICATI
 10
   48805.377
 20
   46420.016
 30
0.0
  0
VERTEX
  8
FABBRICATI
 10
   48818.910
 20
   46420.517
 30
0.0
  0
VERTEX
  8
FABBRICATI
 10
   48818.321
 20
   46424.674
 30
0.0
  0
VERTEX
  8
FABBRICATI
 10
   48809.972
 20
   46424.720
 30
0.0
  0
VERTEX
  8
FABBRICATI
 10
   48805.013
 20
   46424.634
 30
0.0
  0
SEQEND
  8
FABBRICATI
  0
TEXT
  8
FABBRICATI
 62
7
 10
   48959.861
 20
   46384.555
 30
0.0
 40
       1.300
  1
124+
 50
       0.000
  0
POLYLINE
  8
FABBRICATI
 66
1
 10
0.0
 20
0.0
 30
0.0
 70
1
  0
VERTEX
  8
FABBRICATI
 10
   48968.247
 20
   46393.517
 30
0.0
  0
VERTEX
  8
FABBRICATI
 10
   48965.185
 20
   46395.705
 30
0.0
  0
VERTEX
  8
FABBRICATI
 10
   48951.490
 20
   46375.674
 30
0.0
  0
VERTEX
  8
FABBRICATI
 10
   48954.677
 20
   46373.535
 30
0.0
  0
VERTEX
  8
FABBRICATI
 10
   48968.247
 20
   46393.517
 30
0.0
  0
SEQEND
  8
FABBRICATI
  0
TEXT
  8
FABBRICATI
 62
7
 10
   48892.809
 20
   46476.670
 30
0.0
 40
       1.300
  1
124+
 50
       0.000
  0
POLYLINE
  8
FABBRICATI
 66
1
 10
0.0
 20
0.0
 30
0.0
 70
1
  0
VERTEX
  8
FABBRICATI
 10
   48899.538
 20
   46480.534
 30
0.0
  0
VERTEX
  8
FABBRICATI
 10
   48894.016
 20
   46484.457
 30
0.0
  0
VERTEX
  8
FABBRICATI
 10
   48886.344
 20
   46473.425
 30
0.0
  0
VERTEX
  8
FABBRICATI
 10
   48889.747
 20
   46471.126
 30
0.0
  0
VERTEX
  8
FABBRICATI
 10
   48888.911
 20
   46469.823
 30
0.0
  0
VERTEX
  8
FABBRICATI
 10
   48890.621
 20
   46468.567
 30
0.0
  0
VERTEX
  8
FABBRICATI
 10
   48891.342
 20
   46469.559
 30
0.0
  0
VERTEX
  8
FABBRICATI
 10
   48892.299
 20
   46469.436
 30
0.0
  0
VERTEX
  8
FABBRICATI
 10
   48899.538
 20
   46480.534
 30
0.0
  0
SEQEND
  8
FABBRICATI
  0
TEXT
  8
FABBRICATI
 62
7
 10
   48932.096
 20
   46390.539
 30
0.0
 40
       1.300
  1
124+
 50
       0.000
  0
POLYLINE
  8
FABBRICATI
 66
1
 10
0.0
 20
0.0
 30
0.0
 70
1
  0
VERTEX
  8
FABBRICATI
 10
   48935.446
 20
   46389.369
 30
0.0
  0
VERTEX
  8
FABBRICATI
 10
   48929.989
 20
   46393.268
 30
0.0
  0
VERTEX
  8
FABBRICATI
 10
   48928.733
 20
   46391.728
 30
0.0
  0
VERTEX
  8
FABBRICATI
 10
   48934.371
 20
   46387.667
 30
0.0
  0
VERTEX
  8
FABBRICATI
 10
   48935.446
 20
   46389.369
 30
0.0
  0
SEQEND
  8
FABBRICATI
  0
TEXT
  8
FABBRICATI
 62
7
 10
   48950.374
 20
   46391.622
 30
0.0
 40
       1.300
  1
124+
 50
       0.000
  0
POLYLINE
  8
FABBRICATI
 66
1
 10
0.0
 20
0.0
 30
0.0
 70
1
  0
VERTEX
  8
FABBRICATI
 10
   48961.676
 20
   46398.275
 30
0.0
  0
VERTEX
  8
FABBRICATI
 10
   48952.451
 20
   46404.751
 30
0.0
  0
VERTEX
  8
FABBRICATI
 10
   48945.328
 20
   46394.201
 30
0.0
  0
VERTEX
  8
FABBRICATI
 10
   48938.973
 20
   46384.646
 30
0.0
  0
VERTEX
  8
FABBRICATI
 10
   48947.941
 20
   46378.156
 30
0.0
  0
VERTEX
  8
FABBRICATI
 10
   48961.676
 20
   46398.275
 30
0.0
  0
SEQEND
  8
FABBRICATI
  0
TEXT
  8
FABBRICATI
 62
7
 10
   48976.606
 20
   46376.191
 30
0.0
 40
       1.300
  1
124+
 50
       0.000
  0
POLYLINE
  8
FABBRICATI
 66
1
 10
0.0
 20
0.0
 30
0.0
 70
1
  0
VERTEX
  8
FABBRICATI
 10
   48973.801
 20
   46387.113
 30
0.0
  0
VERTEX
  8
FABBRICATI
 10
   48970.551
 20
   46386.606
 30
0.0
  0
VERTEX
  8
FABBRICATI
 10
   48971.198
 20
   46382.315
 30
0.0
  0
VERTEX
  8
FABBRICATI
 10
   48965.887
 20
   46374.827
 30
0.0
  0
VERTEX
  8
FABBRICATI
 10
   48961.711
 20
   46374.320
 30
0.0
  0
VERTEX
  8
FABBRICATI
 10
   48962.244
 20
   46371.249
 30
0.0
  0
VERTEX
  8
FABBRICATI
 10
   48966.465
 20
   46371.875
 30
0.0
  0
VERTEX
  8
FABBRICATI
 10
   48974.308
 20
   46366.730
 30
0.0
  0
VERTEX
  8
FABBRICATI
 10
   48974.821
 20
   46362.517
 30
0.0
  0
VERTEX
  8
FABBRICATI
 10
   48977.809
 20
   46363.096
 30
0.0
  0
VERTEX
  8
FABBRICATI
 10
   48977.139
 20
   46366.999
 30
0.0
  0
VERTEX
  8
FABBRICATI
 10
   48982.585
 20
   46374.402
 30
0.0
  0
VERTEX
  8
FABBRICATI
 10
   48986.547
 20
   46375.335
 30
0.0
  0
VERTEX
  8
FABBRICATI
 10
   48986.047
 20
   46378.423
 30
0.0
  0
VERTEX
  8
FABBRICATI
 10
   48981.769
 20
   46377.777
 30
0.0
  0
VERTEX
  8
FABBRICATI
 10
   48974.540
 20
   46382.696
 30
0.0
  0
VERTEX
  8
FABBRICATI
 10
   48973.801
 20
   46387.113
 30
0.0
  0
SEQEND
  8
FABBRICATI
  0
TEXT
  8
FABBRICATI
 62
7
 10
   49019.823
 20
   46419.472
 30
0.0
 40
       1.300
  1
124+
 50
       0.000
  0
POLYLINE
  8
FABBRICATI
 66
1
 10
0.0
 20
0.0
 30
0.0
 70
1
  0
VERTEX
  8
FABBRICATI
 10
   49016.937
 20
   46417.247
 30
0.0
  0
VERTEX
  8
FABBRICATI
 10
   49018.809
 20
   46416.042
 30
0.0
  0
VERTEX
  8
FABBRICATI
 10
   49022.658
 20
   46421.541
 30
0.0
  0
VERTEX
  8
FABBRICATI
 10
   49020.624
 20
   46422.719
 30
0.0
  0
VERTEX
  8
FABBRICATI
 10
   49016.937
 20
   46417.247
 30
0.0
  0
SEQEND
  8
FABBRICATI
  0
TEXT
  8
FABBRICATI
 62
7
 10
   49045.173
 20
   46447.993
 30
0.0
 40
       1.300
  1
124+
 50
       0.000
  0
POLYLINE
  8
FABBRICATI
 66
1
 10
0.0
 20
0.0
 30
0.0
 70
1
  0
VERTEX
  8
FABBRICATI
 10
   49044.707
 20
   46451.260
 30
0.0
  0
VERTEX
  8
FABBRICATI
 10
   49043.828
 20
   46451.845
 30
0.0
  0
VERTEX
  8
FABBRICATI
 10
   49041.479
 20
   46449.634
 30
0.0
  0
VERTEX
  8
FABBRICATI
 10
   49042.431
 20
   46448.641
 30
0.0
  0
VERTEX
  8
FABBRICATI
 10
   49044.355
 20
   46447.135
 30
0.0
  0
VERTEX
  8
FABBRICATI
 10
   49047.298
 20
   46444.877
 30
0.0
  0
VERTEX
  8
FABBRICATI
 10
   49048.905
 20
   46446.553
 30
0.0
  0
VERTEX
  8
FABBRICATI
 10
   49044.061
 20
   46450.392
 30
0.0
  0
VERTEX
  8
FABBRICATI
 10
   49044.707
 20
   46451.260
 30
0.0
  0
SEQEND
  8
FABBRICATI
  0
TEXT
  8
FABBRICATI
 62
7
 10
   48922.630
 20
   46419.448
 30
0.0
 40
       1.300
  1
124+
 50
       0.000
  0
POLYLINE
  8
FABBRICATI
 66
1
 10
0.0
 20
0.0
 30
0.0
 70
1
  0
VERTEX
  8
FABBRICATI
 10
   49042.815
 20
   46390.171
 30
0.0
  0
VERTEX
  8
FABBRICATI
 10
   49043.112
 20
   46389.967
 30
0.0
  0
VERTEX
  8
FABBRICATI
 10
   49043.477
 20
   46390.535
 30
0.0
  0
VERTEX
  8
FABBRICATI
 10
   49045.546
 20
   46393.898
 30
0.0
  0
VERTEX
  8
FABBRICATI
 10
   49051.421
 20
   46402.910
 30
0.0
  0
VERTEX
  8
FABBRICATI
 10
   49059.876
 20
   46415.596
 30
0.0
  0
VERTEX
  8
FABBRICATI
 10
   49062.822
 20
   46419.780
 30
0.0
  0
VERTEX
  8
FABBRICATI
 10
   49068.014
 20
   46427.061
 30
0.0
  0
VERTEX
  8
FABBRICATI
 10
   49071.971
 20
   46432.573
 30
0.0
  0
VERTEX
  8
FABBRICATI
 10
   49069.638
 20
   46434.409
 30
0.0
  0
VERTEX
  8
FABBRICATI
 10
   49065.464
 20
   46437.137
 30
0.0
  0
VERTEX
  8
FABBRICATI
 10
   49063.683
 20
   46438.301
 30
0.0
  0
VERTEX
  8
FABBRICATI
 10
   49063.473
 20
   46438.446
 30
0.0
  0
VERTEX
  8
FABBRICATI
 10
   49063.170
 20
   46437.995
 30
0.0
  0
VERTEX
  8
FABBRICATI
 10
   49051.240
 20
   46421.192
 30
0.0
  0
VERTEX
  8
FABBRICATI
 10
   49049.354
 20
   46422.566
 30
0.0
  0
VERTEX
  8
FABBRICATI
 10
   49046.907
 20
   46419.162
 30
0.0
  0
VERTEX
  8
FABBRICATI
 10
   49044.584
 20
   46420.930
 30
0.0
  0
VERTEX
  8
FABBRICATI
 10
   49039.881
 20
   46413.868
 30
0.0
  0
VERTEX
  8
FABBRICATI
 10
   49039.065
 20
   46414.687
 30
0.0
  0
VERTEX
  8
FABBRICATI
 10
   49037.384
 20
   46412.327
 30
0.0
  0
VERTEX
  8
FABBRICATI
 10
   49038.114
 20
   46411.503
 30
0.0
  0
VERTEX
  8
FABBRICATI
 10
   49035.327
 20
   46407.252
 30
0.0
  0
VERTEX
  8
FABBRICATI
 10
   49034.267
 20
   46407.838
 30
0.0
  0
VERTEX
  8
FABBRICATI
 10
   49035.435
 20
   46410.166
 30
0.0
  0
VERTEX
  8
FABBRICATI
 10
   49033.746
 20
   46411.279
 30
0.0
  0
VERTEX
  8
FABBRICATI
 10
   49049.742
 20
   46433.900
 30
0.0
  0
VERTEX
  8
FABBRICATI
 10
   49041.574
 20
   46439.624
 30
0.0
  0
VERTEX
  8
FABBRICATI
 10
   49025.832
 20
   46416.612
 30
0.0
  0
VERTEX
  8
FABBRICATI
 10
   49024.309
 20
   46417.822
 30
0.0
  0
VERTEX
  8
FABBRICATI
 10
   49020.383
 20
   46412.142
 30
0.0
  0
VERTEX
  8
FABBRICATI
 10
   49011.988
 20
   46417.996
 30
0.0
  0
VERTEX
  8
FABBRICATI
 10
   49015.679
 20
   46423.454
 30
0.0
  0
VERTEX
  8
FABBRICATI
 10
   49014.075
 20
   46424.497
 30
0.0
  0
VERTEX
  8
FABBRICATI
 10
   49035.080
 20
   46454.965
 30
0.0
  0
VERTEX
  8
FABBRICATI
 10
   49027.031
 20
   46460.256
 30
0.0
  0
VERTEX
  8
FABBRICATI
 10
   49006.037
 20
   46430.067
 30
0.0
  0
VERTEX
  8
FABBRICATI
 10
   49004.601
 20
   46431.206
 30
0.0
  0
VERTEX
  8
FABBRICATI
 10
   49000.647
 20
   46425.822
 30
0.0
  0
VERTEX
  8
FABBRICATI
 10
   48991.503
 20
   46431.963
 30
0.0
  0
VERTEX
  8
FABBRICATI
 10
   48992.631
 20
   46433.532
 30
0.0
  0
VERTEX
  8
FABBRICATI
 10
   48995.037
 20
   46432.009
 30
0.0
  0
VERTEX
  8
FABBRICATI
 10
   48996.200
 20
   46433.710
 30
0.0
  0
VERTEX
  8
FABBRICATI
 10
   48993.742
 20
   46435.448
 30
0.0
  0
VERTEX
  8
FABBRICATI
 10
   48994.056
 20
   46436.067
 30
0.0
  0
VERTEX
  8
FABBRICATI
 10
   48993.571
 20
   46436.282
 30
0.0
  0
VERTEX
  8
FABBRICATI
 10
   49002.698
 20
   46450.225
 30
0.0
  0
VERTEX
  8
FABBRICATI
 10
   49000.106
 20
   46452.085
 30
0.0
  0
VERTEX
  8
FABBRICATI
 10
   48999.348
 20
   46453.431
 30
0.0
  0
VERTEX
  8
FABBRICATI
 10
   48998.186
 20
   46454.238
 30
0.0
  0
VERTEX
  8
FABBRICATI
 10
   48996.849
 20
   46455.123
 30
0.0
  0
VERTEX
  8
FABBRICATI
 10
   48995.366
 20
   46455.481
 30
0.0
  0
VERTEX
  8
FABBRICATI
 10
   48992.262
 20
   46457.467
 30
0.0
  0
VERTEX
  8
FABBRICATI
 10
   48983.346
 20
   46443.234
 30
0.0
  0
VERTEX
  8
FABBRICATI
 10
   48982.453
 20
   46443.979
 30
0.0
  0
VERTEX
  8
FABBRICATI
 10
   48981.788
 20
   46442.647
 30
0.0
  0
VERTEX
  8
FABBRICATI
 10
   48980.695
 20
   46443.552
 30
0.0
  0
VERTEX
  8
FABBRICATI
 10
   48981.650
 20
   46445.155
 30
0.0
  0
VERTEX
  8
FABBRICATI
 10
   48975.973
 20
   46449.519
 30
0.0
  0
VERTEX
  8
FABBRICATI
 10
   48987.704
 20
   46467.612
 30
0.0
  0
VERTEX
  8
FABBRICATI
 10
   48992.610
 20
   46464.446
 30
0.0
  0
VERTEX
  8
FABBRICATI
 10
   48992.051
 20
   46463.600
 30
0.0
  0
VERTEX
  8
FABBRICATI
 10
   49003.881
 20
   46455.105
 30
0.0
  0
VERTEX
  8
FABBRICATI
 10
   49008.539
 20
   46461.973
 30
0.0
  0
VERTEX
  8
FABBRICATI
 10
   49007.143
 20
   46462.899
 30
0.0
  0
VERTEX
  8
FABBRICATI
 10
   49010.360
 20
   46467.956
 30
0.0
  0
VERTEX
  8
FABBRICATI
 10
   49016.449
 20
   46464.548
 30
0.0
  0
VERTEX
  8
FABBRICATI
 10
   49017.671
 20
   46466.190
 30
0.0
  0
VERTEX
  8
FABBRICATI
 10
   49015.960
 20
   46467.195
 30
0.0
  0
VERTEX
  8
FABBRICATI
 10
   49011.750
 20
   46469.580
 30
0.0
  0
VERTEX
  8
FABBRICATI
 10
   49008.351
 20
   46471.826
 30
0.0
  0
VERTEX
  8
FABBRICATI
 10
   49007.222
 20
   46472.573
 30
0.0
  0
VERTEX
  8
FABBRICATI
 10
   49001.536
 20
   46476.323
 30
0.0
  0
VERTEX
  8
FABBRICATI
 10
   49000.762
 20
   46475.382
 30
0.0
  0
VERTEX
  8
FABBRICATI
 10
   48995.127
 20
   46479.256
 30
0.0
  0
VERTEX
  8
FABBRICATI
 10
   48995.767
 20
   46480.087
 30
0.0
  0
VERTEX
  8
FABBRICATI
 10
   48997.254
 20
   46482.018
 30
0.0
  0
VERTEX
  8
FABBRICATI
 10
   48994.508
 20
   46483.890
 30
0.0
  0
VERTEX
  8
FABBRICATI
 10
   48992.127
 20
   46481.256
 30
0.0
  0
VERTEX
  8
FABBRICATI
 10
   48987.003
 20
   46484.733
 30
0.0
  0
VERTEX
  8
FABBRICATI
 10
   48987.508
 20
   46485.891
 30
0.0
  0
VERTEX
  8
FABBRICATI
 10
   48980.488
 20
   46490.460
 30
0.0
  0
VERTEX
  8
FABBRICATI
 10
   48979.889
 20
   46489.509
 30
0.0
  0
VERTEX
  8
FABBRICATI
 10
   48977.635
 20
   46491.273
 30
0.0
  0
VERTEX
  8
FABBRICATI
 10
   48971.691
 20
   46482.140
 30
0.0
  0
VERTEX
  8
FABBRICATI
 10
   48974.579
 20
   46480.311
 30
0.0
  0
VERTEX
  8
FABBRICATI
 10
   48972.719
 20
   46477.297
 30
0.0
  0
VERTEX
  8
FABBRICATI
 10
   48979.821
 20
   46472.067
 30
0.0
  0
VERTEX
  8
FABBRICATI
 10
   48980.286
 20
   46472.725
 30
0.0
  0
VERTEX
  8
FABBRICATI
 10
   48985.382
 20
   46469.460
 30
0.0
  0
VERTEX
  8
FABBRICATI
 10
   48971.168
 20
   46447.848
 30
0.0
  0
VERTEX
  8
FABBRICATI
 10
   48968.941
 20
   46447.685
 30
0.0
  0
VERTEX
  8
FABBRICATI
 10
   48962.799
 20
   46451.590
 30
0.0
  0
VERTEX
  8
FABBRICATI
 10
   48965.552
 20
   46455.727
 30
0.0
  0
VERTEX
  8
FABBRICATI
 10
   48965.104
 20
   46456.186
 30
0.0
  0
VERTEX
  8
FABBRICATI
 10
   48970.003
 20
   46463.694
 30
0.0
  0
VERTEX
  8
FABBRICATI
 10
   48959.781
 20
   46470.888
 30
0.0
  0
VERTEX
  8
FABBRICATI
 10
   48954.674
 20
   46463.329
 30
0.0
  0
VERTEX
  8
FABBRICATI
 10
   48954.139
 20
   46463.649
 30
0.0
  0
VERTEX
  8
FABBRICATI
 10
   48951.338
 20
   46459.682
 30
0.0
  0
VERTEX
  8
FABBRICATI
 10
   48949.086
 20
   46461.410
 30
0.0
  0
VERTEX
  8
FABBRICATI
 10
   48951.013
 20
   46464.028
 30
0.0
  0
VERTEX
  8
FABBRICATI
 10
   48948.135
 20
   46466.136
 30
0.0
  0
VERTEX
  8
FABBRICATI
 10
   48946.209
 20
   46463.518
 30
0.0
  0
VERTEX
  8
FABBRICATI
 10
   48941.323
 20
   46466.522
 30
0.0
  0
VERTEX
  8
FABBRICATI
 10
   48944.999
 20
   46472.244
 30
0.0
  0
VERTEX
  8
FABBRICATI
 10
   48944.219
 20
   46472.986
 30
0.0
  0
VERTEX
  8
FABBRICATI
 10
   48957.771
 20
   46493.090
 30
0.0
  0
VERTEX
  8
FABBRICATI
 10
   48956.406
 20
   46494.017
 30
0.0
  0
VERTEX
  8
FABBRICATI
 10
   48958.537
 20
   46496.854
 30
0.0
  0
VERTEX
  8
FABBRICATI
 10
   48951.756
 20
   46501.485
 30
0.0
  0
VERTEX
  8
FABBRICATI
 10
   48937.624
 20
   46480.715
 30
0.0
  0
VERTEX
  8
FABBRICATI
 10
   48925.058
 20
   46489.652
 30
0.0
  0
VERTEX
  8
FABBRICATI
 10
   48938.653
 20
   46509.501
 30
0.0
  0
VERTEX
  8
FABBRICATI
 10
   48931.340
 20
   46515.036
 30
0.0
  0
VERTEX
  8
FABBRICATI
 10
   48915.796
 20
   46492.466
 30
0.0
  0
VERTEX
  8
FABBRICATI
 10
   48914.156
 20
   46493.303
 30
0.0
  0
VERTEX
  8
FABBRICATI
 10
   48905.400
 20
   46479.812
 30
0.0
  0
VERTEX
  8
FABBRICATI
 10
   48906.822
 20
   46478.983
 30
0.0
  0
VERTEX
  8
FABBRICATI
 10
   48891.338
 20
   46456.132
 30
0.0
  0
VERTEX
  8
FABBRICATI
 10
   48895.841
 20
   46452.853
 30
0.0
  0
VERTEX
  8
FABBRICATI
 10
   48889.914
 20
   46444.269
 30
0.0
  0
VERTEX
  8
FABBRICATI
 10
   48888.903
 20
   46444.921
 30
0.0
  0
VERTEX
  8
FABBRICATI
 10
   48887.216
 20
   46442.730
 30
0.0
  0
VERTEX
  8
FABBRICATI
 10
   48888.396
 20
   46441.526
 30
0.0
  0
VERTEX
  8
FABBRICATI
 10
   48877.841
 20
   46426.630
 30
0.0
  0
VERTEX
  8
FABBRICATI
 10
   48926.866
 20
   46392.886
 30
0.0
  0
VERTEX
  8
FABBRICATI
 10
   48940.448
 20
   46413.211
 30
0.0
  0
VERTEX
  8
FABBRICATI
 10
   48942.742
 20
   46411.477
 30
0.0
  0
VERTEX
  8
FABBRICATI
 10
   48937.948
 20
   46404.211
 30
0.0
  0
VERTEX
  8
FABBRICATI
 10
   48937.417
 20
   46404.568
 30
0.0
  0
VERTEX
  8
FABBRICATI
 10
   48935.170
 20
   46401.375
 30
0.0
  0
VERTEX
  8
FABBRICATI
 10
   48935.792
 20
   46400.938
 30
0.0
  0
VERTEX
  8
FABBRICATI
 10
   48933.909
 20
   46398.198
 30
0.0
  0
VERTEX
  8
FABBRICATI
 10
   48941.217
 20
   46393.247
 30
0.0
  0
VERTEX
  8
FABBRICATI
 10
   48942.888
 20
   46395.931
 30
0.0
  0
VERTEX
  8
FABBRICATI
 10
   48943.725
 20
   46395.464
 30
0.0
  0
VERTEX
  8
FABBRICATI
 10
   48945.838
 20
   46398.777
 30
0.0
  0
VERTEX
  8
FABBRICATI
 10
   48945.131
 20
   46399.209
 30
0.0
  0
VERTEX
  8
FABBRICATI
 10
   48950.185
 20
   46406.404
 30
0.0
  0
VERTEX
  8
FABBRICATI
 10
   48948.681
 20
   46407.412
 30
0.0
  0
VERTEX
  8
FABBRICATI
 10
   48970.191
 20
   46440.304
 30
0.0
  0
VERTEX
  8
FABBRICATI
 10
   48972.351
 20
   46441.215
 30
0.0
  0
VERTEX
  8
FABBRICATI
 10
   48978.134
 20
   46437.539
 30
0.0
  0
VERTEX
  8
FABBRICATI
 10
   48975.576
 20
   46433.680
 30
0.0
  0
VERTEX
  8
FABBRICATI
 10
   48976.639
 20
   46432.969
 30
0.0
  0
VERTEX
  8
FABBRICATI
 10
   48962.150
 20
   46411.596
 30
0.0
  0
VERTEX
  8
FABBRICATI
 10
   48962.765
 20
   46411.289
 30
0.0
  0
VERTEX
  8
FABBRICATI
 10
   48960.829
 20
   46408.760
 30
0.0
  0
VERTEX
  8
FABBRICATI
 10
   48969.532
 20
   46402.469
 30
0.0
  0
VERTEX
  8
FABBRICATI
 10
   48971.380
 20
   46404.992
 30
0.0
  0
VERTEX
  8
FABBRICATI
 10
   48972.077
 20
   46404.776
 30
0.0
  0
VERTEX
  8
FABBRICATI
 10
   48986.583
 20
   46426.121
 30
0.0
  0
VERTEX
  8
FABBRICATI
 10
   48987.391
 20
   46425.468
 30
0.0
  0
VERTEX
  8
FABBRICATI
 10
   48989.870
 20
   46429.310
 30
0.0
  0
VERTEX
  8
FABBRICATI
 10
   48991.218
 20
   46428.209
 30
0.0
  0
VERTEX
  8
FABBRICATI
 10
   48973.550
 20
   46402.665
 30
0.0
  0
VERTEX
  8
FABBRICATI
 10
   48981.036
 20
   46397.523
 30
0.0
  0
VERTEX
  8
FABBRICATI
 10
   48993.157
 20
   46415.334
 30
0.0
  0
VERTEX
  8
FABBRICATI
 10
   48991.997
 20
   46416.140
 30
0.0
  0
VERTEX
  8
FABBRICATI
 10
   48997.378
 20
   46424.016
 30
0.0
  0
VERTEX
  8
FABBRICATI
 10
   48998.803
 20
   46423.094
 30
0.0
  0
VERTEX
  8
FABBRICATI
 10
   48994.943
 20
   46417.540
 30
0.0
  0
VERTEX
  8
FABBRICATI
 10
   48996.818
 20
   46416.249
 30
0.0
  0
VERTEX
  8
FABBRICATI
 10
   48981.620
 20
   46394.483
 30
0.0
  0
VERTEX
  8
FABBRICATI
 10
   48981.234
 20
   46393.598
 30
0.0
  0
VERTEX
  8
FABBRICATI
 10
   48990.965
 20
   46386.904
 30
0.0
  0
VERTEX
  8
FABBRICATI
 10
   49009.901
 20
   46414.908
 30
0.0
  0
VERTEX
  8
FABBRICATI
 10
   49013.105
 20
   46412.906
 30
0.0
  0
VERTEX
  8
FABBRICATI
 10
   49011.013
 20
   46409.947
 30
0.0
  0
VERTEX
  8
FABBRICATI
 10
   49015.399
 20
   46406.706
 30
0.0
  0
VERTEX
  8
FABBRICATI
 10
   49017.651
 20
   46409.931
 30
0.0
  0
VERTEX
  8
FABBRICATI
 10
   49018.543
 20
   46409.325
 30
0.0
  0
VERTEX
  8
FABBRICATI
 10
   49014.930
 20
   46404.044
 30
0.0
  0
VERTEX
  8
FABBRICATI
 10
   49014.405
 20
   46404.171
 30
0.0
  0
VERTEX
  8
FABBRICATI
 10
   49002.655
 20
   46385.861
 30
0.0
  0
VERTEX
  8
FABBRICATI
 10
   49004.294
 20
   46384.947
 30
0.0
  0
VERTEX
  8
FABBRICATI
 10
   49000.975
 20
   46379.811
 30
0.0
  0
VERTEX
  8
FABBRICATI
 10
   49008.749
 20
   46374.335
 30
0.0
  0
VERTEX
  8
FABBRICATI
 10
   49024.399
 20
   46397.423
 30
0.0
  0
VERTEX
  8
FABBRICATI
 10
   49026.011
 20
   46396.206
 30
0.0
  0
VERTEX
  8
FABBRICATI
 10
   49029.540
 20
   46401.254
 30
0.0
  0
VERTEX
  8
FABBRICATI
 10
   49033.876
 20
   46398.195
 30
0.0
  0
VERTEX
  8
FABBRICATI
 10
   49033.243
 20
   46397.031
 30
0.0
  0
VERTEX
  8
FABBRICATI
 10
   49034.081
 20
   46396.409
 30
0.0
  0
VERTEX
  8
FABBRICATI
 10
   49030.948
 20
   46391.139
 30
0.0
  0
VERTEX
  8
FABBRICATI
 10
   49030.022
 20
   46391.863
 30
0.0
  0
VERTEX
  8
FABBRICATI
 10
   49011.661
 20
   46364.405
 30
0.0
  0
VERTEX
  8
FABBRICATI
 10
   49020.819
 20
   46358.189
 30
0.0
  0
VERTEX
  8
FABBRICATI
 10
   49039.279
 20
   46385.482
 30
0.0
  0
VERTEX
  8
FABBRICATI
 10
   49035.534
 20
   46388.204
 30
0.0
  0
VERTEX
  8
FABBRICATI
 10
   49035.342
 20
   46388.324
 30
0.0
  0
VERTEX
  8
FABBRICATI
 10
   49038.556
 20
   46393.088
 30
0.0
  0
VERTEX
  8
FABBRICATI
 10
   49038.723
 20
   46392.959
 30
0.0
  0
VERTEX
  8
FABBRICATI
 10
   49042.815
 20
   46390.171
 30
0.0
  0
SEQEND
  8
FABBRICATI
  0
TEXT
  8
FABBRICATI
 62
7
 10
   48970.124
 20
   46498.070
 30
0.0
 40
       1.300
  1
124+
 50
       0.000
  0
POLYLINE
  8
FABBRICATI
 66
1
 10
0.0
 20
0.0
 30
0.0
 70
1
  0
VERTEX
  8
FABBRICATI
 10
   48971.283
 20
   46501.445
 30
0.0
  0
VERTEX
  8
FABBRICATI
 10
   48968.959
 20
   46498.363
 30
0.0
  0
VERTEX
  8
FABBRICATI
 10
   48969.054
 20
   46496.620
 30
0.0
  0
VERTEX
  8
FABBRICATI
 10
   48972.364
 20
   46494.085
 30
0.0
  0
VERTEX
  8
FABBRICATI
 10
   48973.008
 20
   46495.251
 30
0.0
  0
VERTEX
  8
FABBRICATI
 10
   48971.089
 20
   46498.375
 30
0.0
  0
VERTEX
  8
FABBRICATI
 10
   48971.283
 20
   46501.445
 30
0.0
  0
SEQEND
  8
FABBRICATI
  0
TEXT
  8
FABBRICATI
 62
7
 10
   48860.892
 20
   46397.474
 30
0.0
 40
       1.300
  1
85+
 50
       0.000
  0
POLYLINE
  8
FABBRICATI
 66
1
 10
0.0
 20
0.0
 30
0.0
 70
1
  0
VERTEX
  8
FABBRICATI
 10
   48854.879
 20
   46401.089
 30
0.0
  0
VERTEX
  8
FABBRICATI
 10
   48854.852
 20
   46395.387
 30
0.0
  0
VERTEX
  8
FABBRICATI
 10
   48866.676
 20
   46394.085
 30
0.0
  0
VERTEX
  8
FABBRICATI
 10
   48867.056
 20
   46399.372
 30
0.0
  0
VERTEX
  8
FABBRICATI
 10
   48854.879
 20
   46401.089
 30
0.0
  0
SEQEND
  8
FABBRICATI
  0
TEXT
  8
FABBRICATI
 62
7
 10
   48884.838
 20
   46394.039
 30
0.0
 40
       1.300
  1
102+
 50
       0.000
  0
POLYLINE
  8
FABBRICATI
 66
1
 10
0.0
 20
0.0
 30
0.0
 70
1
  0
VERTEX
  8
FABBRICATI
 10
   48882.587
 20
   46391.403
 30
0.0
  0
VERTEX
  8
FABBRICATI
 10
   48882.532
 20
   46390.412
 30
0.0
  0
VERTEX
  8
FABBRICATI
 10
   48886.391
 20
   46390.126
 30
0.0
  0
VERTEX
  8
FABBRICATI
 10
   48887.224
 20
   46397.568
 30
0.0
  0
VERTEX
  8
FABBRICATI
 10
   48883.237
 20
   46398.029
 30
0.0
  0
VERTEX
  8
FABBRICATI
 10
   48882.587
 20
   46391.403
 30
0.0
  0
SEQEND
  8
FABBRICATI
  0
TEXT
  8
FABBRICATI
 62
7
 10
   48879.625
 20
   46393.376
 30
0.0
 40
       1.300
  1
662+
 50
       0.000
  0
POLYLINE
  8
FABBRICATI
 66
1
 10
0.0
 20
0.0
 30
0.0
 70
1
  0
VERTEX
  8
FABBRICATI
 10
   48877.795
 20
   46392.624
 30
0.0
  0
VERTEX
  8
FABBRICATI
 10
   48877.712
 20
   46392.019
 30
0.0
  0
VERTEX
  8
FABBRICATI
 10
   48880.999
 20
   46391.582
 30
0.0
  0
VERTEX
  8
FABBRICATI
 10
   48881.489
 20
   46394.628
 30
0.0
  0
VERTEX
  8
FABBRICATI
 10
   48878.373
 20
   46395.213
 30
0.0
  0
VERTEX
  8
FABBRICATI
 10
   48877.795
 20
   46392.624
 30
0.0
  0
SEQEND
  8
FABBRICATI
  0
TEXT
  8
FABBRICATI
 62
7
 10
   48809.631
 20
   46595.560
 30
0.0
 40
       1.300
  1
5+
 50
       0.000
  0
POLYLINE
  8
FABBRICATI
 66
1
 10
0.0
 20
0.0
 30
0.0
 70
1
  0
VERTEX
  8
FABBRICATI
 10
   48802.520
 20
   46594.634
 30
0.0
  0
VERTEX
  8
FABBRICATI
 10
   48800.616
 20
   46591.856
 30
0.0
  0
VERTEX
  8
FABBRICATI
 10
   48805.666
 20
   46588.650
 30
0.0
  0
VERTEX
  8
FABBRICATI
 10
   48806.783
 20
   46590.364
 30
0.0
  0
VERTEX
  8
FABBRICATI
 10
   48809.262
 20
   46588.665
 30
0.0
  0
VERTEX
  8
FABBRICATI
 10
   48808.201
 20
   46587.013
 30
0.0
  0
VERTEX
  8
FABBRICATI
 10
   48809.501
 20
   46586.150
 30
0.0
  0
VERTEX
  8
FABBRICATI
 10
   48816.889
 20
   46596.700
 30
0.0
  0
VERTEX
  8
FABBRICATI
 10
   48808.079
 20
   46602.530
 30
0.0
  0
VERTEX
  8
FABBRICATI
 10
   48802.520
 20
   46594.634
 30
0.0
  0
SEQEND
  8
FABBRICATI
  0
TEXT
  8
FABBRICATI
 62
7
 10
   48819.828
 20
   46585.784
 30
0.0
 40
       1.300
  1
10+
 50
       0.000
  0
POLYLINE
  8
FABBRICATI
 66
1
 10
0.0
 20
0.0
 30
0.0
 70
1
  0
VERTEX
  8
FABBRICATI
 10
   48816.889
 20
   46596.700
 30
0.0
  0
VERTEX
  8
FABBRICATI
 10
   48809.501
 20
   46586.150
 30
0.0
  0
VERTEX
  8
FABBRICATI
 10
   48823.583
 20
   46576.989
 30
0.0
  0
VERTEX
  8
FABBRICATI
 10
   48834.471
 20
   46593.274
 30
0.0
  0
VERTEX
  8
FABBRICATI
 10
   48828.835
 20
   46597.014
 30
0.0
  0
VERTEX
  8
FABBRICATI
 10
   48827.582
 20
   46597.846
 30
0.0
  0
VERTEX
  8
FABBRICATI
 10
   48823.774
 20
   46592.433
 30
0.0
  0
VERTEX
  8
FABBRICATI
 10
   48820.882
 20
   46594.314
 30
0.0
  0
VERTEX
  8
FABBRICATI
 10
   48824.756
 20
   46599.758
 30
0.0
  0
VERTEX
  8
FABBRICATI
 10
   48821.743
 20
   46601.638
 30
0.0
  0
VERTEX
  8
FABBRICATI
 10
   48820.706
 20
   46602.286
 30
0.0
  0
VERTEX
  8
FABBRICATI
 10
   48816.889
 20
   46596.700
 30
0.0
  0
SEQEND
  8
FABBRICATI
  0
TEXT
  8
FABBRICATI
 62
7
 10
   48781.173
 20
   46579.345
 30
0.0
 40
       1.300
  1
2+
 50
       0.000
  0
POLYLINE
  8
FABBRICATI
 66
1
 10
0.0
 20
0.0
 30
0.0
 70
1
  0
VERTEX
  8
FABBRICATI
 10
   48774.114
 20
   46597.217
 30
0.0
  0
VERTEX
  8
FABBRICATI
 10
   48770.938
 20
   46592.181
 30
0.0
  0
VERTEX
  8
FABBRICATI
 10
   48774.506
 20
   46583.099
 30
0.0
  0
VERTEX
  8
FABBRICATI
 10
   48778.934
 20
   46571.889
 30
0.0
  0
VERTEX
  8
FABBRICATI
 10
   48782.167
 20
   46563.671
 30
0.0
  0
VERTEX
  8
FABBRICATI
 10
   48782.373
 20
   46562.888
 30
0.0
  0
VERTEX
  8
FABBRICATI
 10
   48788.991
 20
   46568.761
 30
0.0
  0
VERTEX
  8
FABBRICATI
 10
   48786.337
 20
   46571.395
 30
0.0
  0
VERTEX
  8
FABBRICATI
 10
   48788.511
 20
   46574.890
 30
0.0
  0
VERTEX
  8
FABBRICATI
 10
   48784.875
 20
   46577.269
 30
0.0
  0
VERTEX
  8
FABBRICATI
 10
   48786.545
 20
   46579.664
 30
0.0
  0
VERTEX
  8
FABBRICATI
 10
   48790.018
 20
   46577.372
 30
0.0
  0
VERTEX
  8
FABBRICATI
 10
   48792.961
 20
   46582.130
 30
0.0
  0
VERTEX
  8
FABBRICATI
 10
   48788.359
 20
   46585.583
 30
0.0
  0
VERTEX
  8
FABBRICATI
 10
   48786.306
 20
   46586.944
 30
0.0
  0
VERTEX
  8
FABBRICATI
 10
   48788.780
 20
   46590.930
 30
0.0
  0
VERTEX
  8
FABBRICATI
 10
   48775.257
 20
   46598.603
 30
0.0
  0
VERTEX
  8
FABBRICATI
 10
   48774.114
 20
   46597.217
 30
0.0
  0
SEQEND
  8
FABBRICATI
  0
TEXT
  8
FABBRICATI
 62
7
 10
   48808.810
 20
   46568.450
 30
0.0
 40
       1.300
  1
9+
 50
       0.000
  0
POLYLINE
  8
FABBRICATI
 66
1
 10
0.0
 20
0.0
 30
0.0
 70
1
  0
VERTEX
  8
FABBRICATI
 10
   48796.690
 20
   46571.470
 30
0.0
  0
VERTEX
  8
FABBRICATI
 10
   48801.600
 20
   46568.120
 30
0.0
  0
VERTEX
  8
FABBRICATI
 10
   48801.077
 20
   46567.372
 30
0.0
  0
VERTEX
  8
FABBRICATI
 10
   48806.808
 20
   46563.503
 30
0.0
  0
VERTEX
  8
FABBRICATI
 10
   48806.312
 20
   46562.840
 30
0.0
  0
VERTEX
  8
FABBRICATI
 10
   48814.197
 20
   46557.347
 30
0.0
  0
VERTEX
  8
FABBRICATI
 10
   48820.338
 20
   46566.043
 30
0.0
  0
VERTEX
  8
FABBRICATI
 10
   48814.257
 20
   46569.865
 30
0.0
  0
VERTEX
  8
FABBRICATI
 10
   48815.216
 20
   46571.289
 30
0.0
  0
VERTEX
  8
FABBRICATI
 10
   48802.037
 20
   46579.757
 30
0.0
  0
VERTEX
  8
FABBRICATI
 10
   48796.690
 20
   46571.470
 30
0.0
  0
SEQEND
  8
FABBRICATI
  0
TEXT
  8
FABBRICATI
 62
7
 10
   48863.151
 20
   46563.412
 30
0.0
 40
       1.300
  1
27+
 50
       0.000
  0
POLYLINE
  8
FABBRICATI
 66
1
 10
0.0
 20
0.0
 30
0.0
 70
1
  0
VERTEX
  8
FABBRICATI
 10
   48856.401
 20
   46571.809
 30
0.0
  0
VERTEX
  8
FABBRICATI
 10
   48849.098
 20
   46561.461
 30
0.0
  0
VERTEX
  8
FABBRICATI
 10
   48868.124
 20
   46548.877
 30
0.0
  0
VERTEX
  8
FABBRICATI
 10
   48875.091
 20
   46559.128
 30
0.0
  0
VERTEX
  8
FABBRICATI
 10
   48876.101
 20
   46558.453
 30
0.0
  0
VERTEX
  8
FABBRICATI
 10
   48876.288
 20
   46558.731
 30
0.0
  0
VERTEX
  8
FABBRICATI
 10
   48876.978
 20
   46559.837
 30
0.0
  0
VERTEX
  8
FABBRICATI
 10
   48874.593
 20
   46561.537
 30
0.0
  0
VERTEX
  8
FABBRICATI
 10
   48877.128
 20
   46565.379
 30
0.0
  0
VERTEX
  8
FABBRICATI
 10
   48870.607
 20
   46569.691
 30
0.0
  0
VERTEX
  8
FABBRICATI
 10
   48867.366
 20
   46564.752
 30
0.0
  0
VERTEX
  8
FABBRICATI
 10
   48865.183
 20
   46566.182
 30
0.0
  0
VERTEX
  8
FABBRICATI
 10
   48868.496
 20
   46571.087
 30
0.0
  0
VERTEX
  8
FABBRICATI
 10
   48858.197
 20
   46577.872
 30
0.0
  0
VERTEX
  8
FABBRICATI
 10
   48854.795
 20
   46572.912
 30
0.0
  0
VERTEX
  8
FABBRICATI
 10
   48856.401
 20
   46571.809
 30
0.0
  0
SEQEND
  8
FABBRICATI
  0
TEXT
  8
FABBRICATI
 62
7
 10
   48793.097
 20
   46555.325
 30
0.0
 40
       1.300
  1
216+
 50
       0.000
  0
POLYLINE
  8
FABBRICATI
 66
1
 10
0.0
 20
0.0
 30
0.0
 70
1
  0
VERTEX
  8
FABBRICATI
 10
   48787.929
 20
   46553.843
 30
0.0
  0
VERTEX
  8
FABBRICATI
 10
   48790.501
 20
   46549.761
 30
0.0
  0
VERTEX
  8
FABBRICATI
 10
   48794.836
 20
   46553.610
 30
0.0
  0
VERTEX
  8
FABBRICATI
 10
   48798.287
 20
   46556.883
 30
0.0
  0
VERTEX
  8
FABBRICATI
 10
   48795.011
 20
   46560.232
 30
0.0
  0
VERTEX
  8
FABBRICATI
 10
   48793.841
 20
   46559.242
 30
0.0
  0
VERTEX
  8
FABBRICATI
 10
   48787.929
 20
   46553.843
 30
0.0
  0
SEQEND
  8
FABBRICATI
  0
TEXT
  8
FABBRICATI
 62
7
 10
   48974.713
 20
   46227.299
 30
0.0
 40
       1.300
  1
260+
 50
       0.000
  0
POLYLINE
  8
FABBRICATI
 66
1
 10
0.0
 20
0.0
 30
0.0
 70
1
  0
VERTEX
  8
FABBRICATI
 10
   48971.457
 20
   46228.162
 30
0.0
  0
VERTEX
  8
FABBRICATI
 10
   48968.885
 20
   46229.164
 30
0.0
  0
VERTEX
  8
FABBRICATI
 10
   48967.776
 20
   46226.339
 30
0.0
  0
VERTEX
  8
FABBRICATI
 10
   48970.397
 20
   46225.461
 30
0.0
  0
VERTEX
  8
FABBRICATI
 10
   48969.986
 20
   46224.353
 30
0.0
  0
VERTEX
  8
FABBRICATI
 10
   48967.761
 20
   46218.423
 30
0.0
  0
VERTEX
  8
FABBRICATI
 10
   48976.673
 20
   46214.979
 30
0.0
  0
VERTEX
  8
FABBRICATI
 10
   48979.877
 20
   46223.645
 30
0.0
  0
VERTEX
  8
FABBRICATI
 10
   48983.574
 20
   46233.311
 30
0.0
  0
VERTEX
  8
FABBRICATI
 10
   48979.295
 20
   46235.204
 30
0.0
  0
VERTEX
  8
FABBRICATI
 10
   48980.212
 20
   46237.483
 30
0.0
  0
VERTEX
  8
FABBRICATI
 10
   48975.646
 20
   46239.415
 30
0.0
  0
VERTEX
  8
FABBRICATI
 10
   48974.743
 20
   46237.144
 30
0.0
  0
VERTEX
  8
FABBRICATI
 10
   48974.355
 20
   46236.014
 30
0.0
  0
VERTEX
  8
FABBRICATI
 10
   48973.296
 20
   46236.400
 30
0.0
  0
VERTEX
  8
FABBRICATI
 10
   48972.632
 20
   46234.707
 30
0.0
  0
VERTEX
  8
FABBRICATI
 10
   48973.692
 20
   46234.274
 30
0.0
  0
VERTEX
  8
FABBRICATI
 10
   48971.457
 20
   46228.162
 30
0.0
  0
SEQEND
  8
FABBRICATI
  0
TEXT
  8
FABBRICATI
 62
7
 10
   49003.032
 20
   46199.792
 30
0.0
 40
       1.300
  1
154+
 50
       0.000
  0
POLYLINE
  8
FABBRICATI
 66
1
 10
0.0
 20
0.0
 30
0.0
 70
1
  0
VERTEX
  8
FABBRICATI
 10
   48998.314
 20
   46200.589
 30
0.0
  0
VERTEX
  8
FABBRICATI
 10
   48992.873
 20
   46186.875
 30
0.0
  0
VERTEX
  8
FABBRICATI
 10
   49002.032
 20
   46183.132
 30
0.0
  0
VERTEX
  8
FABBRICATI
 10
   49005.410
 20
   46192.522
 30
0.0
  0
VERTEX
  8
FABBRICATI
 10
   49007.486
 20
   46198.232
 30
0.0
  0
VERTEX
  8
FABBRICATI
 10
   49008.672
 20
   46201.416
 30
0.0
  0
VERTEX
  8
FABBRICATI
 10
   49010.327
 20
   46205.824
 30
0.0
  0
VERTEX
  8
FABBRICATI
 10
   49013.618
 20
   46214.654
 30
0.0
  0
VERTEX
  8
FABBRICATI
 10
   49005.275
 20
   46218.162
 30
0.0
  0
VERTEX
  8
FABBRICATI
 10
   49002.735
 20
   46211.739
 30
0.0
  0
VERTEX
  8
FABBRICATI
 10
   48998.314
 20
   46200.589
 30
0.0
  0
SEQEND
  8
FABBRICATI
  0
TEXT
  8
FABBRICATI
 62
7
 10
   48983.708
 20
   46350.260
 30
0.0
 40
       1.300
  1
124+
 50
       0.000
  0
POLYLINE
  8
FABBRICATI
 66
1
 10
0.0
 20
0.0
 30
0.0
 70
1
  0
VERTEX
  8
FABBRICATI
 10
   48985.747
 20
   46350.328
 30
0.0
  0
VERTEX
  8
FABBRICATI
 10
   48982.943
 20
   46352.305
 30
0.0
  0
VERTEX
  8
FABBRICATI
 10
   48981.621
 20
   46350.116
 30
0.0
  0
VERTEX
  8
FABBRICATI
 10
   48984.499
 20
   46348.192
 30
0.0
  0
VERTEX
  8
FABBRICATI
 10
   48985.747
 20
   46350.328
 30
0.0
  0
SEQEND
  8
FABBRICATI
  0
TEXT
  8
FABBRICATI
 62
7
 10
   48825.768
 20
   46427.739
 30
0.0
 40
       1.300
  1
43+
 50
       0.000
  0
POLYLINE
  8
FABBRICATI
 66
1
 10
0.0
 20
0.0
 30
0.0
 70
1
  0
VERTEX
  8
FABBRICATI
 10
   48823.209
 20
   46428.819
 30
0.0
  0
VERTEX
  8
FABBRICATI
 10
   48824.232
 20
   46418.672
 30
0.0
  0
VERTEX
  8
FABBRICATI
 10
   48828.498
 20
   46418.827
 30
0.0
  0
VERTEX
  8
FABBRICATI
 10
   48829.236
 20
   46418.853
 30
0.0
  0
VERTEX
  8
FABBRICATI
 10
   48828.065
 20
   46429.077
 30
0.0
  0
VERTEX
  8
FABBRICATI
 10
   48827.176
 20
   46436.771
 30
0.0
  0
VERTEX
  8
FABBRICATI
 10
   48822.362
 20
   46436.691
 30
0.0
  0
VERTEX
  8
FABBRICATI
 10
   48823.209
 20
   46428.819
 30
0.0
  0
SEQEND
  8
FABBRICATI
  0
TEXT
  8
FABBRICATI
 62
7
 10
   48836.263
 20
   46424.324
 30
0.0
 40
       1.300
  1
59+
 50
       0.000
  0
POLYLINE
  8
FABBRICATI
 66
1
 10
0.0
 20
0.0
 30
0.0
 70
1
  0
VERTEX
  8
FABBRICATI
 10
   48828.065
 20
   46429.077
 30
0.0
  0
VERTEX
  8
FABBRICATI
 10
   48829.236
 20
   46418.853
 30
0.0
  0
VERTEX
  8
FABBRICATI
 10
   48830.079
 20
   46418.906
 30
0.0
  0
VERTEX
  8
FABBRICATI
 10
   48843.933
 20
   46419.775
 30
0.0
  0
VERTEX
  8
FABBRICATI
 10
   48843.886
 20
   46429.635
 30
0.0
  0
VERTEX
  8
FABBRICATI
 10
   48834.450
 20
   46429.354
 30
0.0
  0
VERTEX
  8
FABBRICATI
 10
   48834.594
 20
   46424.543
 30
0.0
  0
VERTEX
  8
FABBRICATI
 10
   48833.398
 20
   46424.537
 30
0.0
  0
VERTEX
  8
FABBRICATI
 10
   48833.245
 20
   46429.491
 30
0.0
  0
VERTEX
  8
FABBRICATI
 10
   48832.896
 20
   46436.980
 30
0.0
  0
VERTEX
  8
FABBRICATI
 10
   48827.176
 20
   46436.771
 30
0.0
  0
VERTEX
  8
FABBRICATI
 10
   48828.065
 20
   46429.077
 30
0.0
  0
SEQEND
  8
FABBRICATI
  0
TEXT
  8
FABBRICATI
 62
7
 10
   48988.755
 20
   46346.870
 30
0.0
 40
       1.300
  1
124+
 50
       0.000
  0
POLYLINE
  8
FABBRICATI
 66
1
 10
0.0
 20
0.0
 30
0.0
 70
1
  0
VERTEX
  8
FABBRICATI
 10
   48992.155
 20
   46346.028
 30
0.0
  0
VERTEX
  8
FABBRICATI
 10
   48986.606
 20
   46349.724
 30
0.0
  0
VERTEX
  8
FABBRICATI
 10
   48985.384
 20
   46347.681
 30
0.0
  0
VERTEX
  8
FABBRICATI
 10
   48990.775
 20
   46344.139
 30
0.0
  0
VERTEX
  8
FABBRICATI
 10
   48992.155
 20
   46346.028
 30
0.0
  0
SEQEND
  8
FABBRICATI
  0
TEXT
  8
FABBRICATI
 62
7
 10
   48994.803
 20
   46342.817
 30
0.0
 40
       1.300
  1
124+
 50
       0.000
  0
POLYLINE
  8
FABBRICATI
 66
1
 10
0.0
 20
0.0
 30
0.0
 70
1
  0
VERTEX
  8
FABBRICATI
 10
   48998.161
 20
   46341.964
 30
0.0
  0
VERTEX
  8
FABBRICATI
 10
   48992.790
 20
   46345.583
 30
0.0
  0
VERTEX
  8
FABBRICATI
 10
   48991.509
 20
   46343.601
 30
0.0
  0
VERTEX
  8
FABBRICATI
 10
   48996.836
 20
   46340.120
 30
0.0
  0
VERTEX
  8
FABBRICATI
 10
   48998.161
 20
   46341.964
 30
0.0
  0
SEQEND
  8
FABBRICATI
  0
TEXT
  8
FABBRICATI
 62
7
 10
   48999.450
 20
   46355.091
 30
0.0
 40
       1.300
  1
124+
 50
       0.000
  0
POLYLINE
  8
FABBRICATI
 66
1
 10
0.0
 20
0.0
 30
0.0
 70
1
  0
VERTEX
  8
FABBRICATI
 10
   48996.936
 20
   46367.546
 30
0.0
  0
VERTEX
  8
FABBRICATI
 10
   48991.698
 20
   46360.084
 30
0.0
  0
VERTEX
  8
FABBRICATI
 10
   48992.014
 20
   46359.648
 30
0.0
  0
VERTEX
  8
FABBRICATI
 10
   48989.346
 20
   46356.201
 30
0.0
  0
VERTEX
  8
FABBRICATI
 10
   49009.910
 20
   46342.528
 30
0.0
  0
VERTEX
  8
FABBRICATI
 10
   49011.346
 20
   46344.492
 30
0.0
  0
VERTEX
  8
FABBRICATI
 10
   49010.759
 20
   46344.715
 30
0.0
  0
VERTEX
  8
FABBRICATI
 10
   49017.129
 20
   46353.660
 30
0.0
  0
VERTEX
  8
FABBRICATI
 10
   49013.459
 20
   46356.327
 30
0.0
  0
VERTEX
  8
FABBRICATI
 10
   49008.917
 20
   46349.573
 30
0.0
  0
VERTEX
  8
FABBRICATI
 10
   49008.237
 20
   46350.056
 30
0.0
  0
VERTEX
  8
FABBRICATI
 10
   49012.914
 20
   46356.775
 30
0.0
  0
VERTEX
  8
FABBRICATI
 10
   49010.798
 20
   46358.095
 30
0.0
  0
VERTEX
  8
FABBRICATI
 10
   49007.455
 20
   46352.870
 30
0.0
  0
VERTEX
  8
FABBRICATI
 10
   49006.723
 20
   46353.525
 30
0.0
  0
VERTEX
  8
FABBRICATI
 10
   49010.120
 20
   46358.579
 30
0.0
  0
VERTEX
  8
FABBRICATI
 10
   48996.936
 20
   46367.546
 30
0.0
  0
SEQEND
  8
FABBRICATI
  0
TEXT
  8
FABBRICATI
 62
7
 10
   48923.810
 20
   46528.473
 30
0.0
 40
       1.300
  1
124+
 50
       0.000
  0
POLYLINE
  8
FABBRICATI
 66
1
 10
0.0
 20
0.0
 30
0.0
 70
1
  0
VERTEX
  8
FABBRICATI
 10
   48927.728
 20
   46530.151
 30
0.0
  0
VERTEX
  8
FABBRICATI
 10
   48924.063
 20
   46532.776
 30
0.0
  0
VERTEX
  8
FABBRICATI
 10
   48919.819
 20
   46526.645
 30
0.0
  0
VERTEX
  8
FABBRICATI
 10
   48923.571
 20
   46524.305
 30
0.0
  0
VERTEX
  8
FABBRICATI
 10
   48927.728
 20
   46530.151
 30
0.0
  0
SEQEND
  8
FABBRICATI
  0
TEXT
  8
FABBRICATI
 62
7
 10
   48859.659
 20
   46385.752
 30
0.0
 40
       1.300
  1
841+
 50
       0.000
  0
POLYLINE
  8
FABBRICATI
 66
1
 10
0.0
 20
0.0
 30
0.0
 70
1
  0
VERTEX
  8
FABBRICATI
 10
   48854.652
 20
   46387.170
 30
0.0
  0
VERTEX
  8
FABBRICATI
 10
   48854.523
 20
   46381.494
 30
0.0
  0
VERTEX
  8
FABBRICATI
 10
   48855.069
 20
   46381.470
 30
0.0
  0
VERTEX
  8
FABBRICATI
 10
   48863.207
 20
   46380.940
 30
0.0
  0
VERTEX
  8
FABBRICATI
 10
   48864.474
 20
   46380.912
 30
0.0
  0
VERTEX
  8
FABBRICATI
 10
   48864.664
 20
   46385.023
 30
0.0
  0
VERTEX
  8
FABBRICATI
 10
   48864.878
 20
   46389.652
 30
0.0
  0
VERTEX
  8
FABBRICATI
 10
   48859.137
 20
   46390.408
 30
0.0
  0
VERTEX
  8
FABBRICATI
 10
   48854.717
 20
   46390.933
 30
0.0
  0
VERTEX
  8
FABBRICATI
 10
   48854.652
 20
   46387.170
 30
0.0
  0
SEQEND
  8
FABBRICATI
  0
TEXT
  8
FABBRICATI
 62
7
 10
   48870.290
 20
   46383.193
 30
0.0
 40
       1.300
  1
97+
 50
       0.000
  0
POLYLINE
  8
FABBRICATI
 66
1
 10
0.0
 20
0.0
 30
0.0
 70
1
  0
VERTEX
  8
FABBRICATI
 10
   48866.964
 20
   46384.219
 30
0.0
  0
VERTEX
  8
FABBRICATI
 10
   48866.753
 20
   46380.335
 30
0.0
  0
VERTEX
  8
FABBRICATI
 10
   48867.019
 20
   46379.829
 30
0.0
  0
VERTEX
  8
FABBRICATI
 10
   48866.999
 20
   46378.266
 30
0.0
  0
VERTEX
  8
FABBRICATI
 10
   48868.122
 20
   46378.155
 30
0.0
  0
VERTEX
  8
FABBRICATI
 10
   48873.051
 20
   46377.223
 30
0.0
  0
VERTEX
  8
FABBRICATI
 10
   48873.642
 20
   46382.939
 30
0.0
  0
VERTEX
  8
FABBRICATI
 10
   48873.776
 20
   46384.122
 30
0.0
  0
VERTEX
  8
FABBRICATI
 10
   48874.113
 20
   46387.960
 30
0.0
  0
VERTEX
  8
FABBRICATI
 10
   48868.898
 20
   46388.968
 30
0.0
  0
VERTEX
  8
FABBRICATI
 10
   48868.578
 20
   46384.167
 30
0.0
  0
VERTEX
  8
FABBRICATI
 10
   48866.964
 20
   46384.219
 30
0.0
  0
SEQEND
  8
FABBRICATI
  0
TEXT
  8
FABBRICATI
 62
7
 10
   48875.272
 20
   46385.850
 30
0.0
 40
       1.300
  1
345+
 50
       0.000
  0
POLYLINE
  8
FABBRICATI
 66
1
 10
0.0
 20
0.0
 30
0.0
 70
1
  0
VERTEX
  8
FABBRICATI
 10
   48874.113
 20
   46387.960
 30
0.0
  0
VERTEX
  8
FABBRICATI
 10
   48873.776
 20
   46384.122
 30
0.0
  0
VERTEX
  8
FABBRICATI
 10
   48876.309
 20
   46383.794
 30
0.0
  0
VERTEX
  8
FABBRICATI
 10
   48876.867
 20
   46387.546
 30
0.0
  0
VERTEX
  8
FABBRICATI
 10
   48874.113
 20
   46387.960
 30
0.0
  0
SEQEND
  8
FABBRICATI
  0
TEXT
  8
FABBRICATI
 62
7
 10
   48878.106
 20
   46384.725
 30
0.0
 40
       1.300
  1
346+
 50
       0.000
  0
POLYLINE
  8
FABBRICATI
 66
1
 10
0.0
 20
0.0
 30
0.0
 70
1
  0
VERTEX
  8
FABBRICATI
 10
   48876.867
 20
   46387.546
 30
0.0
  0
VERTEX
  8
FABBRICATI
 10
   48876.309
 20
   46383.794
 30
0.0
  0
VERTEX
  8
FABBRICATI
 10
   48878.012
 20
   46383.580
 30
0.0
  0
VERTEX
  8
FABBRICATI
 10
   48877.868
 20
   46382.113
 30
0.0
  0
VERTEX
  8
FABBRICATI
 10
   48879.311
 20
   46381.979
 30
0.0
  0
VERTEX
  8
FABBRICATI
 10
   48880.161
 20
   46387.131
 30
0.0
  0
VERTEX
  8
FABBRICATI
 10
   48876.867
 20
   46387.546
 30
0.0
  0
SEQEND
  8
FABBRICATI
  0
TEXT
  8
FABBRICATI
 62
7
 10
   48959.952
 20
   46510.303
 30
0.0
 40
       1.300
  1
857+
 50
       0.000
  0
POLYLINE
  8
FABBRICATI
 66
1
 10
0.0
 20
0.0
 30
0.0
 70
1
  0
VERTEX
  8
FABBRICATI
 10
   48954.601
 20
   46515.547
 30
0.0
  0
VERTEX
  8
FABBRICATI
 10
   48953.552
 20
   46514.191
 30
0.0
  0
VERTEX
  8
FABBRICATI
 10
   48953.081
 20
   46513.582
 30
0.0
  0
VERTEX
  8
FABBRICATI
 10
   48957.474
 20
   46510.487
 30
0.0
  0
VERTEX
  8
FABBRICATI
 10
   48964.261
 20
   46505.946
 30
0.0
  0
VERTEX
  8
FABBRICATI
 10
   48965.634
 20
   46505.019
 30
0.0
  0
VERTEX
  8
FABBRICATI
 10
   48966.745
 20
   46506.758
 30
0.0
  0
VERTEX
  8
FABBRICATI
 10
   48966.903
 20
   46507.007
 30
0.0
  0
VERTEX
  8
FABBRICATI
 10
   48954.601
 20
   46515.547
 30
0.0
  0
SEQEND
  8
FABBRICATI
  0
TEXT
  8
FABBRICATI
 62
7
 10
   49042.125
 20
   46074.808
 30
0.0
 40
       1.300
  1
664+
 50
       0.000
  0
POLYLINE
  8
FABBRICATI
 66
1
 10
0.0
 20
0.0
 30
0.0
 70
1
  0
VERTEX
  8
FABBRICATI
 10
   49041.385
 20
   46081.651
 30
0.0
  0
VERTEX
  8
FABBRICATI
 10
   49034.415
 20
   46072.681
 30
0.0
  0
VERTEX
  8
FABBRICATI
 10
   49042.000
 20
   46066.888
 30
0.0
  0
VERTEX
  8
FABBRICATI
 10
   49046.967
 20
   46073.235
 30
0.0
  0
VERTEX
  8
FABBRICATI
 10
   49048.411
 20
   46075.104
 30
0.0
  0
VERTEX
  8
FABBRICATI
 10
   49050.169
 20
   46077.333
 30
0.0
  0
VERTEX
  8
FABBRICATI
 10
   49047.932
 20
   46079.964
 30
0.0
  0
VERTEX
  8
FABBRICATI
 10
   49044.225
 20
   46083.925
 30
0.0
  0
VERTEX
  8
FABBRICATI
 10
   49042.358
 20
   46082.381
 30
0.0
  0
VERTEX
  8
FABBRICATI
 10
   49041.385
 20
   46081.651
 30
0.0
  0
SEQEND
  8
FABBRICATI
  0
TEXT
  8
FABBRICATI
 62
7
 10
   49060.684
 20
   46073.692
 30
0.0
 40
       1.300
  1
185+
 50
       0.000
  0
POLYLINE
  8
FABBRICATI
 66
1
 10
0.0
 20
0.0
 30
0.0
 70
1
  0
VERTEX
  8
FABBRICATI
 10
   49058.076
 20
   46080.372
 30
0.0
  0
VERTEX
  8
FABBRICATI
 10
   49052.822
 20
   46074.586
 30
0.0
  0
VERTEX
  8
FABBRICATI
 10
   49058.651
 20
   46069.146
 30
0.0
  0
VERTEX
  8
FABBRICATI
 10
   49060.207
 20
   46070.577
 30
0.0
  0
VERTEX
  8
FABBRICATI
 10
   49065.211
 20
   46064.846
 30
0.0
  0
VERTEX
  8
FABBRICATI
 10
   49068.999
 20
   46066.483
 30
0.0
  0
VERTEX
  8
FABBRICATI
 10
   49072.323
 20
   46067.956
 30
0.0
  0
VERTEX
  8
FABBRICATI
 10
   49067.331
 20
   46073.992
 30
0.0
  0
VERTEX
  8
FABBRICATI
 10
   49062.122
 20
   46080.026
 30
0.0
  0
VERTEX
  8
FABBRICATI
 10
   49060.220
 20
   46078.246
 30
0.0
  0
VERTEX
  8
FABBRICATI
 10
   49058.076
 20
   46080.372
 30
0.0
  0
SEQEND
  8
FABBRICATI
  0
TEXT
  8
FABBRICATI
 62
7
 10
   49069.867
 20
   46284.687
 30
0.0
 40
       1.300
  1
159+
 50
       0.000
  0
POLYLINE
  8
FABBRICATI
 66
1
 10
0.0
 20
0.0
 30
0.0
 70
1
  0
VERTEX
  8
FABBRICATI
 10
   49079.160
 20
   46295.358
 30
0.0
  0
VERTEX
  8
FABBRICATI
 10
   49081.318
 20
   46300.681
 30
0.0
  0
VERTEX
  8
FABBRICATI
 10
   49072.568
 20
   46303.910
 30
0.0
  0
VERTEX
  8
FABBRICATI
 10
   49065.555
 20
   46286.522
 30
0.0
  0
VERTEX
  8
FABBRICATI
 10
   49059.710
 20
   46271.884
 30
0.0
  0
VERTEX
  8
FABBRICATI
 10
   49057.673
 20
   46267.033
 30
0.0
  0
VERTEX
  8
FABBRICATI
 10
   49066.672
 20
   46263.696
 30
0.0
  0
VERTEX
  8
FABBRICATI
 10
   49070.491
 20
   46273.657
 30
0.0
  0
VERTEX
  8
FABBRICATI
 10
   49073.344
 20
   46272.549
 30
0.0
  0
VERTEX
  8
FABBRICATI
 10
   49074.532
 20
   46275.590
 30
0.0
  0
VERTEX
  8
FABBRICATI
 10
   49071.672
 20
   46276.743
 30
0.0
  0
VERTEX
  8
FABBRICATI
 10
   49072.579
 20
   46279.055
 30
0.0
  0
VERTEX
  8
FABBRICATI
 10
   49074.404
 20
   46278.408
 30
0.0
  0
VERTEX
  8
FABBRICATI
 10
   49076.084
 20
   46282.276
 30
0.0
  0
VERTEX
  8
FABBRICATI
 10
   49074.225
 20
   46282.968
 30
0.0
  0
VERTEX
  8
FABBRICATI
 10
   49078.020
 20
   46292.475
 30
0.0
  0
VERTEX
  8
FABBRICATI
 10
   49079.716
 20
   46291.786
 30
0.0
  0
VERTEX
  8
FABBRICATI
 10
   49080.929
 20
   46291.337
 30
0.0
  0
VERTEX
  8
FABBRICATI
 10
   49082.158
 20
   46294.199
 30
0.0
  0
VERTEX
  8
FABBRICATI
 10
   49079.160
 20
   46295.358
 30
0.0
  0
SEQEND
  8
FABBRICATI
  0
TEXT
  8
FABBRICATI
 62
7
 10
   49084.195
 20
   46277.798
 30
0.0
 40
       1.300
  1
267+
 50
       0.000
  0
POLYLINE
  8
FABBRICATI
 66
1
 10
0.0
 20
0.0
 30
0.0
 70
1
  0
VERTEX
  8
FABBRICATI
 10
   49077.620
 20
   46274.798
 30
0.0
  0
VERTEX
  8
FABBRICATI
 10
   49075.362
 20
   46275.723
 30
0.0
  0
VERTEX
  8
FABBRICATI
 10
   49074.515
 20
   46273.543
 30
0.0
  0
VERTEX
  8
FABBRICATI
 10
   49076.815
 20
   46272.639
 30
0.0
  0
VERTEX
  8
FABBRICATI
 10
   49076.272
 20
   46271.367
 30
0.0
  0
VERTEX
  8
FABBRICATI
 10
   49072.276
 20
   46261.442
 30
0.0
  0
VERTEX
  8
FABBRICATI
 10
   49081.720
 20
   46257.701
 30
0.0
  0
VERTEX
  8
FABBRICATI
 10
   49085.293
 20
   46266.819
 30
0.0
  0
VERTEX
  8
FABBRICATI
 10
   49092.962
 20
   46286.457
 30
0.0
  0
VERTEX
  8
FABBRICATI
 10
   49096.255
 20
   46295.027
 30
0.0
  0
VERTEX
  8
FABBRICATI
 10
   49087.115
 20
   46298.500
 30
0.0
  0
VERTEX
  8
FABBRICATI
 10
   49083.808
 20
   46290.243
 30
0.0
  0
VERTEX
  8
FABBRICATI
 10
   49079.959
 20
   46280.696
 30
0.0
  0
VERTEX
  8
FABBRICATI
 10
   49077.620
 20
   46274.798
 30
0.0
  0
SEQEND
  8
FABBRICATI
  0
TEXT
  8
FABBRICATI
 62
7
 10
   49148.648
 20
   46264.016
 30
0.0
 40
       1.300
  1
172+
 50
       0.000
  0
POLYLINE
  8
FABBRICATI
 66
1
 10
0.0
 20
0.0
 30
0.0
 70
1
  0
VERTEX
  8
FABBRICATI
 10
   49140.869
 20
   46259.693
 30
0.0
  0
VERTEX
  8
FABBRICATI
 10
   49143.715
 20
   46258.347
 30
0.0
  0
VERTEX
  8
FABBRICATI
 10
   49142.979
 20
   46256.451
 30
0.0
  0
VERTEX
  8
FABBRICATI
 10
   49153.062
 20
   46252.460
 30
0.0
  0
VERTEX
  8
FABBRICATI
 10
   49155.250
 20
   46257.573
 30
0.0
  0
VERTEX
  8
FABBRICATI
 10
   49152.704
 20
   46258.640
 30
0.0
  0
VERTEX
  8
FABBRICATI
 10
   49157.323
 20
   46270.933
 30
0.0
  0
VERTEX
  8
FABBRICATI
 10
   49146.842
 20
   46274.860
 30
0.0
  0
VERTEX
  8
FABBRICATI
 10
   49140.869
 20
   46259.693
 30
0.0
  0
SEQEND
  8
FABBRICATI
  0
TEXT
  8
FABBRICATI
 62
7
 10
   49112.895
 20
   46068.299
 30
0.0
 40
       1.300
  1
207+
 50
       0.000
  0
POLYLINE
  8
FABBRICATI
 66
1
 10
0.0
 20
0.0
 30
0.0
 70
1
  0
VERTEX
  8
FABBRICATI
 10
   49104.856
 20
   46071.411
 30
0.0
  0
VERTEX
  8
FABBRICATI
 10
   49101.998
 20
   46069.128
 30
0.0
  0
VERTEX
  8
FABBRICATI
 10
   49111.408
 20
   46055.077
 30
0.0
  0
VERTEX
  8
FABBRICATI
 10
   49115.473
 20
   46049.073
 30
0.0
  0
VERTEX
  8
FABBRICATI
 10
   49116.075
 20
   46050.300
 30
0.0
  0
VERTEX
  8
FABBRICATI
 10
   49117.102
 20
   46052.918
 30
0.0
  0
VERTEX
  8
FABBRICATI
 10
   49118.830
 20
   46056.701
 30
0.0
  0
VERTEX
  8
FABBRICATI
 10
   49124.209
 20
   46067.735
 30
0.0
  0
VERTEX
  8
FABBRICATI
 10
   49119.737
 20
   46070.495
 30
0.0
  0
VERTEX
  8
FABBRICATI
 10
   49124.451
 20
   46077.867
 30
0.0
  0
VERTEX
  8
FABBRICATI
 10
   49126.185
 20
   46080.529
 30
0.0
  0
VERTEX
  8
FABBRICATI
 10
   49128.209
 20
   46079.279
 30
0.0
  0
VERTEX
  8
FABBRICATI
 10
   49128.621
 20
   46080.007
 30
0.0
  0
VERTEX
  8
FABBRICATI
 10
   49130.022
 20
   46079.176
 30
0.0
  0
VERTEX
  8
FABBRICATI
 10
   49130.721
 20
   46079.403
 30
0.0
  0
VERTEX
  8
FABBRICATI
 10
   49133.106
 20
   46083.439
 30
0.0
  0
VERTEX
  8
FABBRICATI
 10
   49124.506
 20
   46088.524
 30
0.0
  0
VERTEX
  8
FABBRICATI
 10
   49123.019
 20
   46087.296
 30
0.0
  0
VERTEX
  8
FABBRICATI
 10
   49108.888
 20
   46074.882
 30
0.0
  0
VERTEX
  8
FABBRICATI
 10
   49104.856
 20
   46071.411
 30
0.0
  0
SEQEND
  8
FABBRICATI
  0
TEXT
  8
FABBRICATI
 62
7
 10
   49174.839
 20
   46233.824
 30
0.0
 40
       1.300
  1
198+
 50
       0.000
  0
POLYLINE
  8
FABBRICATI
 66
1
 10
0.0
 20
0.0
 30
0.0
 70
1
  0
VERTEX
  8
FABBRICATI
 10
   49163.309
 20
   46240.805
 30
0.0
  0
VERTEX
  8
FABBRICATI
 10
   49160.093
 20
   46233.205
 30
0.0
  0
VERTEX
  8
FABBRICATI
 10
   49173.043
 20
   46228.031
 30
0.0
  0
VERTEX
  8
FABBRICATI
 10
   49184.709
 20
   46223.425
 30
0.0
  0
VERTEX
  8
FABBRICATI
 10
   49185.600
 20
   46225.345
 30
0.0
  0
VERTEX
  8
FABBRICATI
 10
   49188.488
 20
   46224.554
 30
0.0
  0
VERTEX
  8
FABBRICATI
 10
   49191.638
 20
   46224.712
 30
0.0
  0
VERTEX
  8
FABBRICATI
 10
   49193.207
 20
   46225.693
 30
0.0
  0
VERTEX
  8
FABBRICATI
 10
   49193.770
 20
   46226.144
 30
0.0
  0
VERTEX
  8
FABBRICATI
 10
   49194.370
 20
   46227.628
 30
0.0
  0
VERTEX
  8
FABBRICATI
 10
   49194.670
 20
   46228.873
 30
0.0
  0
VERTEX
  8
FABBRICATI
 10
   49194.324
 20
   46230.185
 30
0.0
  0
VERTEX
  8
FABBRICATI
 10
   49194.020
 20
   46231.125
 30
0.0
  0
VERTEX
  8
FABBRICATI
 10
   49192.707
 20
   46232.403
 30
0.0
  0
VERTEX
  8
FABBRICATI
 10
   49191.618
 20
   46232.926
 30
0.0
  0
VERTEX
  8
FABBRICATI
 10
   49189.293
 20
   46233.750
 30
0.0
  0
VERTEX
  8
FABBRICATI
 10
   49190.374
 20
   46236.348
 30
0.0
  0
VERTEX
  8
FABBRICATI
 10
   49183.633
 20
   46238.936
 30
0.0
  0
VERTEX
  8
FABBRICATI
 10
   49165.489
 20
   46245.934
 30
0.0
  0
VERTEX
  8
FABBRICATI
 10
   49163.309
 20
   46240.805
 30
0.0
  0
SEQEND
  8
FABBRICATI
  0
TEXT
  8
FABBRICATI
 62
7
 10
   49080.281
 20
   45925.989
 30
0.0
 40
       1.300
  1
805+
 50
       0.000
  0
POLYLINE
  8
FABBRICATI
 66
1
 10
0.0
 20
0.0
 30
0.0
 70
1
  0
VERTEX
  8
FABBRICATI
 10
   49073.511
 20
   45927.372
 30
0.0
  0
VERTEX
  8
FABBRICATI
 10
   49071.832
 20
   45923.112
 30
0.0
  0
VERTEX
  8
FABBRICATI
 10
   49081.919
 20
   45919.237
 30
0.0
  0
VERTEX
  8
FABBRICATI
 10
   49090.151
 20
   45916.239
 30
0.0
  0
VERTEX
  8
FABBRICATI
 10
   49091.902
 20
   45920.498
 30
0.0
  0
VERTEX
  8
FABBRICATI
 10
   49092.036
 20
   45920.894
 30
0.0
  0
VERTEX
  8
FABBRICATI
 10
   49089.356
 20
   45921.811
 30
0.0
  0
VERTEX
  8
FABBRICATI
 10
   49090.815
 20
   45925.911
 30
0.0
  0
VERTEX
  8
FABBRICATI
 10
   49088.409
 20
   45926.689
 30
0.0
  0
VERTEX
  8
FABBRICATI
 10
   49088.101
 20
   45925.858
 30
0.0
  0
VERTEX
  8
FABBRICATI
 10
   49083.578
 20
   45927.483
 30
0.0
  0
VERTEX
  8
FABBRICATI
 10
   49085.103
 20
   45931.514
 30
0.0
  0
VERTEX
  8
FABBRICATI
 10
   49080.840
 20
   45933.173
 30
0.0
  0
VERTEX
  8
FABBRICATI
 10
   49079.182
 20
   45929.109
 30
0.0
  0
VERTEX
  8
FABBRICATI
 10
   49074.780
 20
   45930.803
 30
0.0
  0
VERTEX
  8
FABBRICATI
 10
   49073.511
 20
   45927.372
 30
0.0
  0
SEQEND
  8
FABBRICATI
  0
TEXT
  8
FABBRICATI
 62
7
 10
   49065.934
 20
   45913.666
 30
0.0
 40
       1.300
  1
488+
 50
       0.000
  0
POLYLINE
  8
FABBRICATI
 66
1
 10
0.0
 20
0.0
 30
0.0
 70
1
  0
VERTEX
  8
FABBRICATI
 10
   49062.848
 20
   45919.763
 30
0.0
  0
VERTEX
  8
FABBRICATI
 10
   49059.714
 20
   45911.280
 30
0.0
  0
VERTEX
  8
FABBRICATI
 10
   49068.756
 20
   45907.786
 30
0.0
  0
VERTEX
  8
FABBRICATI
 10
   49072.207
 20
   45915.858
 30
0.0
  0
VERTEX
  8
FABBRICATI
 10
   49062.848
 20
   45919.763
 30
0.0
  0
SEQEND
  8
FABBRICATI
  0
TEXT
  8
FABBRICATI
 62
7
 10
   49072.867
 20
   45909.660
 30
0.0
 40
       1.300
  1
487+
 50
       0.000
  0
POLYLINE
  8
FABBRICATI
 66
1
 10
0.0
 20
0.0
 30
0.0
 70
1
  0
VERTEX
  8
FABBRICATI
 10
   49068.756
 20
   45907.786
 30
0.0
  0
VERTEX
  8
FABBRICATI
 10
   49067.607
 20
   45904.950
 30
0.0
  0
VERTEX
  8
FABBRICATI
 10
   49073.468
 20
   45902.694
 30
0.0
  0
VERTEX
  8
FABBRICATI
 10
   49075.869
 20
   45908.844
 30
0.0
  0
VERTEX
  8
FABBRICATI
 10
   49077.877
 20
   45914.162
 30
0.0
  0
VERTEX
  8
FABBRICATI
 10
   49072.463
 20
   45916.463
 30
0.0
  0
VERTEX
  8
FABBRICATI
 10
   49072.207
 20
   45915.858
 30
0.0
  0
VERTEX
  8
FABBRICATI
 10
   49068.756
 20
   45907.786
 30
0.0
  0
SEQEND
  8
FABBRICATI
  0
TEXT
  8
FABBRICATI
 62
7
 10
   49103.044
 20
   46011.665
 30
0.0
 40
       1.300
  1
76+
 50
       0.000
  0
POLYLINE
  8
FABBRICATI
 66
1
 10
0.0
 20
0.0
 30
0.0
 70
1
  0
VERTEX
  8
FABBRICATI
 10
   49091.521
 20
   45994.172
 30
0.0
  0
VERTEX
  8
FABBRICATI
 10
   49091.103
 20
   45993.501
 30
0.0
  0
VERTEX
  8
FABBRICATI
 10
   49093.088
 20
   45992.410
 30
0.0
  0
VERTEX
  8
FABBRICATI
 10
   49095.725
 20
   45997.381
 30
0.0
  0
VERTEX
  8
FABBRICATI
 10
   49099.749
 20
   46004.971
 30
0.0
  0
VERTEX
  8
FABBRICATI
 10
   49100.745
 20
   46009.118
 30
0.0
  0
VERTEX
  8
FABBRICATI
 10
   49102.740
 20
   46008.325
 30
0.0
  0
VERTEX
  8
FABBRICATI
 10
   49103.330
 20
   46011.652
 30
0.0
  0
VERTEX
  8
FABBRICATI
 10
   49106.279
 20
   46010.429
 30
0.0
  0
VERTEX
  8
FABBRICATI
 10
   49106.169
 20
   46008.673
 30
0.0
  0
VERTEX
  8
FABBRICATI
 10
   49107.791
 20
   46007.645
 30
0.0
  0
VERTEX
  8
FABBRICATI
 10
   49108.524
 20
   46014.132
 30
0.0
  0
VERTEX
  8
FABBRICATI
 10
   49108.887
 20
   46019.636
 30
0.0
  0
VERTEX
  8
FABBRICATI
 10
   49102.081
 20
   46022.461
 30
0.0
  0
VERTEX
  8
FABBRICATI
 10
   49098.202
 20
   46013.127
 30
0.0
  0
VERTEX
  8
FABBRICATI
 10
   49095.206
 20
   46000.751
 30
0.0
  0
VERTEX
  8
FABBRICATI
 10
   49091.521
 20
   45994.172
 30
0.0
  0
SEQEND
  8
FABBRICATI
  0
TEXT
  8
FABBRICATI
 62
7
 10
   49073.965
 20
   46016.599
 30
0.0
 40
       1.300
  1
838+
 50
       0.000
  0
POLYLINE
  8
FABBRICATI
 66
1
 10
0.0
 20
0.0
 30
0.0
 70
1
  0
VERTEX
  8
FABBRICATI
 10
   49066.668
 20
   46010.362
 30
0.0
  0
VERTEX
  8
FABBRICATI
 10
   49064.094
 20
   46004.360
 30
0.0
  0
VERTEX
  8
FABBRICATI
 10
   49068.992
 20
   46002.427
 30
0.0
  0
VERTEX
  8
FABBRICATI
 10
   49072.064
 20
   46001.077
 30
0.0
  0
VERTEX
  8
FABBRICATI
 10
   49073.528
 20
   46004.319
 30
0.0
  0
VERTEX
  8
FABBRICATI
 10
   49078.304
 20
   46015.605
 30
0.0
  0
VERTEX
  8
FABBRICATI
 10
   49082.103
 20
   46024.859
 30
0.0
  0
VERTEX
  8
FABBRICATI
 10
   49083.795
 20
   46029.097
 30
0.0
  0
VERTEX
  8
FABBRICATI
 10
   49075.822
 20
   46032.271
 30
0.0
  0
VERTEX
  8
FABBRICATI
 10
   49071.482
 20
   46022.140
 30
0.0
  0
VERTEX
  8
FABBRICATI
 10
   49066.668
 20
   46010.362
 30
0.0
  0
SEQEND
  8
FABBRICATI
  0
TEXT
  8
FABBRICATI
 62
7
 10
   48805.425
 20
   46299.306
 30
0.0
 40
       1.300
  1
343+
 50
       0.000
  0
POLYLINE
  8
FABBRICATI
 66
1
 10
0.0
 20
0.0
 30
0.0
 70
1
  0
VERTEX
  8
FABBRICATI
 10
   48810.115
 20
   46293.981
 30
0.0
  0
VERTEX
  8
FABBRICATI
 10
   48805.250
 20
   46306.929
 30
0.0
  0
VERTEX
  8
FABBRICATI
 10
   48800.617
 20
   46305.144
 30
0.0
  0
VERTEX
  8
FABBRICATI
 10
   48803.427
 20
   46297.405
 30
0.0
  0
VERTEX
  8
FABBRICATI
 10
   48804.941
 20
   46293.063
 30
0.0
  0
VERTEX
  8
FABBRICATI
 10
   48805.933
 20
   46290.564
 30
0.0
  0
VERTEX
  8
FABBRICATI
 10
   48810.115
 20
   46293.981
 30
0.0
  0
SEQEND
  8
FABBRICATI
  0
TEXT
  8
FABBRICATI
 62
7
 10
   49093.738
 20
   46012.229
 30
0.0
 40
       1.300
  1
70+
 50
       0.000
  0
POLYLINE
  8
FABBRICATI
 66
1
 10
0.0
 20
0.0
 30
0.0
 70
1
  0
VERTEX
  8
FABBRICATI
 10
   49088.407
 20
   46019.487
 30
0.0
  0
VERTEX
  8
FABBRICATI
 10
   49085.828
 20
   46013.490
 30
0.0
  0
VERTEX
  8
FABBRICATI
 10
   49092.602
 20
   46011.107
 30
0.0
  0
VERTEX
  8
FABBRICATI
 10
   49090.803
 20
   46003.911
 30
0.0
  0
VERTEX
  8
FABBRICATI
 10
   49087.264
 20
   45996.032
 30
0.0
  0
VERTEX
  8
FABBRICATI
 10
   49091.521
 20
   45994.172
 30
0.0
  0
VERTEX
  8
FABBRICATI
 10
   49095.206
 20
   46000.751
 30
0.0
  0
VERTEX
  8
FABBRICATI
 10
   49098.202
 20
   46013.127
 30
0.0
  0
VERTEX
  8
FABBRICATI
 10
   49102.081
 20
   46022.461
 30
0.0
  0
VERTEX
  8
FABBRICATI
 10
   49091.625
 20
   46026.654
 30
0.0
  0
VERTEX
  8
FABBRICATI
 10
   49091.142
 20
   46025.615
 30
0.0
  0
VERTEX
  8
FABBRICATI
 10
   49088.407
 20
   46019.487
 30
0.0
  0
SEQEND
  8
FABBRICATI
  0
TEXT
  8
FABBRICATI
 62
7
 10
   49109.130
 20
   45987.621
 30
0.0
 40
       1.300
  1
139+
 50
       0.000
  0
POLYLINE
  8
FABBRICATI
 66
1
 10
0.0
 20
0.0
 30
0.0
 70
1
  0
VERTEX
  8
FABBRICATI
 10
   49098.130
 20
   45989.571
 30
0.0
  0
VERTEX
  8
FABBRICATI
 10
   49097.674
 20
   45988.540
 30
0.0
  0
VERTEX
  8
FABBRICATI
 10
   49108.333
 20
   45984.181
 30
0.0
  0
VERTEX
  8
FABBRICATI
 10
   49109.900
 20
   45983.425
 30
0.0
  0
VERTEX
  8
FABBRICATI
 10
   49111.333
 20
   45982.938
 30
0.0
  0
VERTEX
  8
FABBRICATI
 10
   49113.293
 20
   45982.168
 30
0.0
  0
VERTEX
  8
FABBRICATI
 10
   49120.813
 20
   45979.164
 30
0.0
  0
VERTEX
  8
FABBRICATI
 10
   49122.995
 20
   45983.913
 30
0.0
  0
VERTEX
  8
FABBRICATI
 10
   49120.389
 20
   45985.160
 30
0.0
  0
VERTEX
  8
FABBRICATI
 10
   49117.510
 20
   45986.242
 30
0.0
  0
VERTEX
  8
FABBRICATI
 10
   49119.092
 20
   45989.504
 30
0.0
  0
VERTEX
  8
FABBRICATI
 10
   49120.816
 20
   45992.813
 30
0.0
  0
VERTEX
  8
FABBRICATI
 10
   49122.432
 20
   45992.241
 30
0.0
  0
VERTEX
  8
FABBRICATI
 10
   49124.537
 20
   45996.591
 30
0.0
  0
VERTEX
  8
FABBRICATI
 10
   49124.039
 20
   45996.742
 30
0.0
  0
VERTEX
  8
FABBRICATI
 10
   49125.036
 20
   45998.936
 30
0.0
  0
VERTEX
  8
FABBRICATI
 10
   49128.161
 20
   46005.232
 30
0.0
  0
VERTEX
  8
FABBRICATI
 10
   49128.593
 20
   46006.079
 30
0.0
  0
VERTEX
  8
FABBRICATI
 10
   49123.171
 20
   46008.161
 30
0.0
  0
VERTEX
  8
FABBRICATI
 10
   49108.524
 20
   46014.132
 30
0.0
  0
VERTEX
  8
FABBRICATI
 10
   49107.791
 20
   46007.645
 30
0.0
  0
VERTEX
  8
FABBRICATI
 10
   49105.300
 20
   46002.742
 30
0.0
  0
VERTEX
  8
FABBRICATI
 10
   49101.299
 20
   45995.198
 30
0.0
  0
VERTEX
  8
FABBRICATI
 10
   49098.431
 20
   45989.446
 30
0.0
  0
VERTEX
  8
FABBRICATI
 10
   49098.130
 20
   45989.571
 30
0.0
  0
SEQEND
  8
FABBRICATI
  0
POLYLINE
  8
FABBRICATI
  6
INTERNA
 66
1
 10
0.0
 20
0.0
 30
0.0
 70
1
  0
VERTEX
  8
FABBRICATI
  6
INTERNA
 10
   49107.984
 20
   45995.209
 30
0.0
  0
VERTEX
  8
FABBRICATI
  6
INTERNA
 10
   49111.637
 20
   46002.628
 30
0.0
  0
VERTEX
  8
FABBRICATI
  6
INTERNA
 10
   49120.262
 20
   45999.362
 30
0.0
  0
VERTEX
  8
FABBRICATI
  6
INTERNA
 10
   49116.572
 20
   45991.703
 30
0.0
  0
VERTEX
  8
FABBRICATI
  6
INTERNA
 10
   49107.984
 20
   45995.209
 30
0.0
  0
SEQEND
  0
TEXT
  8
FABBRICATI
 62
7
 10
   48882.931
 20
   46383.568
 30
0.0
 40
       1.300
  1
99+
 50
       0.000
  0
POLYLINE
  8
FABBRICATI
 66
1
 10
0.0
 20
0.0
 30
0.0
 70
1
  0
VERTEX
  8
FABBRICATI
 10
   48879.311
 20
   46381.979
 30
0.0
  0
VERTEX
  8
FABBRICATI
 10
   48879.117
 20
   46380.856
 30
0.0
  0
VERTEX
  8
FABBRICATI
 10
   48885.695
 20
   46379.956
 30
0.0
  0
VERTEX
  8
FABBRICATI
 10
   48886.744
 20
   46386.349
 30
0.0
  0
VERTEX
  8
FABBRICATI
 10
   48880.161
 20
   46387.131
 30
0.0
  0
VERTEX
  8
FABBRICATI
 10
   48879.311
 20
   46381.979
 30
0.0
  0
SEQEND
  8
FABBRICATI
  0
TEXT
  8
FABBRICATI
 62
7
 10
   49106.529
 20
   45935.147
 30
0.0
 40
       1.300
  1
79+
 50
       0.000
  0
POLYLINE
  8
FABBRICATI
 66
1
 10
0.0
 20
0.0
 30
0.0
 70
1
  0
VERTEX
  8
FABBRICATI
 10
   49097.411
 20
   45933.429
 30
0.0
  0
VERTEX
  8
FABBRICATI
 10
   49097.124
 20
   45933.255
 30
0.0
  0
VERTEX
  8
FABBRICATI
 10
   49101.505
 20
   45931.509
 30
0.0
  0
VERTEX
  8
FABBRICATI
 10
   49111.572
 20
   45927.502
 30
0.0
  0
VERTEX
  8
FABBRICATI
 10
   49115.808
 20
   45937.032
 30
0.0
  0
VERTEX
  8
FABBRICATI
 10
   49101.124
 20
   45942.890
 30
0.0
  0
VERTEX
  8
FABBRICATI
 10
   49097.411
 20
   45933.429
 30
0.0
  0
SEQEND
  8
FABBRICATI
  0
TEXT
  8
FABBRICATI
 62
7
 10
   48927.393
 20
   46374.453
 30
0.0
 40
       1.300
  1
106+
 50
       0.000
  0
POLYLINE
  8
FABBRICATI
 66
1
 10
0.0
 20
0.0
 30
0.0
 70
1
  0
VERTEX
  8
FABBRICATI
 10
   48923.904
 20
   46381.455
 30
0.0
  0
VERTEX
  8
FABBRICATI
 10
   48919.524
 20
   46375.169
 30
0.0
  0
VERTEX
  8
FABBRICATI
 10
   48925.013
 20
   46371.235
 30
0.0
  0
VERTEX
  8
FABBRICATI
 10
   48932.547
 20
   46365.935
 30
0.0
  0
VERTEX
  8
FABBRICATI
 10
   48937.042
 20
   46372.491
 30
0.0
  0
VERTEX
  8
FABBRICATI
 10
   48931.592
 20
   46376.340
 30
0.0
  0
VERTEX
  8
FABBRICATI
 10
   48932.904
 20
   46378.162
 30
0.0
  0
VERTEX
  8
FABBRICATI
 10
   48928.911
 20
   46380.851
 30
0.0
  0
VERTEX
  8
FABBRICATI
 10
   48927.442
 20
   46378.978
 30
0.0
  0
VERTEX
  8
FABBRICATI
 10
   48923.904
 20
   46381.455
 30
0.0
  0
SEQEND
  8
FABBRICATI
  0
TEXT
  8
FABBRICATI
 62
7
 10
   49167.023
 20
   46369.071
 30
0.0
 40
       1.300
  1
166+
 50
       0.000
  0
POLYLINE
  8
FABBRICATI
 66
1
 10
0.0
 20
0.0
 30
0.0
 70
1
  0
VERTEX
  8
FABBRICATI
 10
   49155.291
 20
   46378.718
 30
0.0
  0
VERTEX
  8
FABBRICATI
 10
   49153.540
 20
   46375.801
 30
0.0
  0
VERTEX
  8
FABBRICATI
 10
   49165.563
 20
   46367.974
 30
0.0
  0
VERTEX
  8
FABBRICATI
 10
   49175.430
 20
   46361.485
 30
0.0
  0
VERTEX
  8
FABBRICATI
 10
   49172.016
 20
   46356.076
 30
0.0
  0
VERTEX
  8
FABBRICATI
 10
   49174.769
 20
   46354.198
 30
0.0
  0
VERTEX
  8
FABBRICATI
 10
   49180.479
 20
   46362.423
 30
0.0
  0
VERTEX
  8
FABBRICATI
 10
   49172.674
 20
   46367.450
 30
0.0
  0
VERTEX
  8
FABBRICATI
 10
   49171.800
 20
   46368.013
 30
0.0
  0
VERTEX
  8
FABBRICATI
 10
   49155.291
 20
   46378.718
 30
0.0
  0
SEQEND
  8
FABBRICATI
  0
TEXT
  8
FABBRICATI
 62
7
 10
   48862.153
 20
   46367.100
 30
0.0
 40
       1.300
  1
88+
 50
       0.000
  0
POLYLINE
  8
FABBRICATI
 66
1
 10
0.0
 20
0.0
 30
0.0
 70
1
  0
VERTEX
  8
FABBRICATI
 10
   48855.071
 20
   46374.071
 30
0.0
  0
VERTEX
  8
FABBRICATI
 10
   48854.859
 20
   46362.376
 30
0.0
  0
VERTEX
  8
FABBRICATI
 10
   48864.574
 20
   46359.945
 30
0.0
  0
VERTEX
  8
FABBRICATI
 10
   48864.964
 20
   46364.608
 30
0.0
  0
VERTEX
  8
FABBRICATI
 10
   48869.003
 20
   46363.881
 30
0.0
  0
VERTEX
  8
FABBRICATI
 10
   48869.276
 20
   46366.538
 30
0.0
  0
VERTEX
  8
FABBRICATI
 10
   48869.783
 20
   46370.093
 30
0.0
  0
VERTEX
  8
FABBRICATI
 10
   48867.867
 20
   46370.297
 30
0.0
  0
VERTEX
  8
FABBRICATI
 10
   48867.999
 20
   46373.558
 30
0.0
  0
VERTEX
  8
FABBRICATI
 10
   48864.197
 20
   46373.682
 30
0.0
  0
VERTEX
  8
FABBRICATI
 10
   48863.047
 20
   46373.687
 30
0.0
  0
VERTEX
  8
FABBRICATI
 10
   48858.689
 20
   46373.776
 30
0.0
  0
VERTEX
  8
FABBRICATI
 10
   48855.071
 20
   46374.071
 30
0.0
  0
SEQEND
  8
FABBRICATI
  0
TEXT
  8
FABBRICATI
 62
7
 10
   48833.894
 20
   46367.881
 30
0.0
 40
       1.300
  1
661+
 50
       0.000
  0
POLYLINE
  8
FABBRICATI
 66
1
 10
0.0
 20
0.0
 30
0.0
 70
1
  0
VERTEX
  8
FABBRICATI
 10
   48825.600
 20
   46368.447
 30
0.0
  0
VERTEX
  8
FABBRICATI
 10
   48826.692
 20
   46364.253
 30
0.0
  0
VERTEX
  8
FABBRICATI
 10
   48828.874
 20
   46364.794
 30
0.0
  0
VERTEX
  8
FABBRICATI
 10
   48829.441
 20
   46362.617
 30
0.0
  0
VERTEX
  8
FABBRICATI
 10
   48842.584
 20
   46363.448
 30
0.0
  0
VERTEX
  8
FABBRICATI
 10
   48841.913
 20
   46368.850
 30
0.0
  0
VERTEX
  8
FABBRICATI
 10
   48841.377
 20
   46373.348
 30
0.0
  0
VERTEX
  8
FABBRICATI
 10
   48827.650
 20
   46372.416
 30
0.0
  0
VERTEX
  8
FABBRICATI
 10
   48828.131
 20
   46369.204
 30
0.0
  0
VERTEX
  8
FABBRICATI
 10
   48825.600
 20
   46368.447
 30
0.0
  0
SEQEND
  8
FABBRICATI
  0
TEXT
  8
FABBRICATI
 62
7
 10
   48874.482
 20
   46360.958
 30
0.0
 40
       1.300
  1
95+
 50
       0.000
  0
POLYLINE
  8
FABBRICATI
 66
1
 10
0.0
 20
0.0
 30
0.0
 70
1
  0
VERTEX
  8
FABBRICATI
 10
   48868.430
 20
   46359.267
 30
0.0
  0
VERTEX
  8
FABBRICATI
 10
   48868.335
 20
   46358.296
 30
0.0
  0
VERTEX
  8
FABBRICATI
 10
   48869.784
 20
   46356.697
 30
0.0
  0
VERTEX
  8
FABBRICATI
 10
   48879.731
 20
   46355.208
 30
0.0
  0
VERTEX
  8
FABBRICATI
 10
   48880.764
 20
   46365.224
 30
0.0
  0
VERTEX
  8
FABBRICATI
 10
   48869.276
 20
   46366.538
 30
0.0
  0
VERTEX
  8
FABBRICATI
 10
   48869.003
 20
   46363.881
 30
0.0
  0
VERTEX
  8
FABBRICATI
 10
   48868.430
 20
   46359.267
 30
0.0
  0
SEQEND
  8
FABBRICATI
  0
TEXT
  8
FABBRICATI
 62
7
 10
   48808.099
 20
   46351.769
 30
0.0
 40
       1.300
  1
67+
 50
       0.000
  0
POLYLINE
  8
FABBRICATI
 66
1
 10
0.0
 20
0.0
 30
0.0
 70
1
  0
VERTEX
  8
FABBRICATI
 10
   48793.611
 20
   46349.404
 30
0.0
  0
VERTEX
  8
FABBRICATI
 10
   48792.959
 20
   46349.134
 30
0.0
  0
VERTEX
  8
FABBRICATI
 10
   48796.023
 20
   46338.523
 30
0.0
  0
VERTEX
  8
FABBRICATI
 10
   48822.672
 20
   46345.761
 30
0.0
  0
VERTEX
  8
FABBRICATI
 10
   48817.023
 20
   46364.378
 30
0.0
  0
VERTEX
  8
FABBRICATI
 10
   48808.786
 20
   46362.075
 30
0.0
  0
VERTEX
  8
FABBRICATI
 10
   48793.919
 20
   46358.192
 30
0.0
  0
VERTEX
  8
FABBRICATI
 10
   48795.636
 20
   46351.785
 30
0.0
  0
VERTEX
  8
FABBRICATI
 10
   48793.174
 20
   46350.910
 30
0.0
  0
VERTEX
  8
FABBRICATI
 10
   48793.611
 20
   46349.404
 30
0.0
  0
SEQEND
  8
FABBRICATI
  0
TEXT
  8
FABBRICATI
 62
7
 10
   48860.372
 20
   46352.797
 30
0.0
 40
       1.300
  1
90+
 50
       0.000
  0
POLYLINE
  8
FABBRICATI
 66
1
 10
0.0
 20
0.0
 30
0.0
 70
1
  0
VERTEX
  8
FABBRICATI
 10
   48854.859
 20
   46362.376
 30
0.0
  0
VERTEX
  8
FABBRICATI
 10
   48854.737
 20
   46346.037
 30
0.0
  0
VERTEX
  8
FABBRICATI
 10
   48867.576
 20
   46344.410
 30
0.0
  0
VERTEX
  8
FABBRICATI
 10
   48868.240
 20
   46348.248
 30
0.0
  0
VERTEX
  8
FABBRICATI
 10
   48865.169
 20
   46348.726
 30
0.0
  0
VERTEX
  8
FABBRICATI
 10
   48865.613
 20
   46351.194
 30
0.0
  0
VERTEX
  8
FABBRICATI
 10
   48866.400
 20
   46354.937
 30
0.0
  0
VERTEX
  8
FABBRICATI
 10
   48869.243
 20
   46354.464
 30
0.0
  0
VERTEX
  8
FABBRICATI
 10
   48869.784
 20
   46356.697
 30
0.0
  0
VERTEX
  8
FABBRICATI
 10
   48868.335
 20
   46358.296
 30
0.0
  0
VERTEX
  8
FABBRICATI
 10
   48868.430
 20
   46359.267
 30
0.0
  0
VERTEX
  8
FABBRICATI
 10
   48864.574
 20
   46359.945
 30
0.0
  0
VERTEX
  8
FABBRICATI
 10
   48854.859
 20
   46362.376
 30
0.0
  0
SEQEND
  8
FABBRICATI
  0
TEXT
  8
FABBRICATI
 62
7
 10
   49086.051
 20
   45868.566
 30
0.0
 40
       1.300
  1
68+
 50
       0.000
  0
POLYLINE
  8
FABBRICATI
 66
1
 10
0.0
 20
0.0
 30
0.0
 70
1
  0
VERTEX
  8
FABBRICATI
 10
   49076.746
 20
   45868.620
 30
0.0
  0
VERTEX
  8
FABBRICATI
 10
   49074.366
 20
   45864.746
 30
0.0
  0
VERTEX
  8
FABBRICATI
 10
   49078.409
 20
   45862.559
 30
0.0
  0
VERTEX
  8
FABBRICATI
 10
   49077.674
 20
   45860.545
 30
0.0
  0
VERTEX
  8
FABBRICATI
 10
   49082.442
 20
   45858.693
 30
0.0
  0
VERTEX
  8
FABBRICATI
 10
   49087.737
 20
   45856.844
 30
0.0
  0
VERTEX
  8
FABBRICATI
 10
   49090.444
 20
   45864.992
 30
0.0
  0
VERTEX
  8
FABBRICATI
 10
   49093.780
 20
   45875.259
 30
0.0
  0
VERTEX
  8
FABBRICATI
 10
   49091.371
 20
   45876.201
 30
0.0
  0
VERTEX
  8
FABBRICATI
 10
   49091.203
 20
   45876.242
 30
0.0
  0
VERTEX
  8
FABBRICATI
 10
   49085.986
 20
   45878.293
 30
0.0
  0
VERTEX
  8
FABBRICATI
 10
   49081.210
 20
   45880.035
 30
0.0
  0
VERTEX
  8
FABBRICATI
 10
   49079.648
 20
   45876.085
 30
0.0
  0
VERTEX
  8
FABBRICATI
 10
   49078.116
 20
   45872.211
 30
0.0
  0
VERTEX
  8
FABBRICATI
 10
   49081.362
 20
   45870.947
 30
0.0
  0
VERTEX
  8
FABBRICATI
 10
   49079.784
 20
   45866.598
 30
0.0
  0
VERTEX
  8
FABBRICATI
 10
   49076.746
 20
   45868.620
 30
0.0
  0
SEQEND
  8
FABBRICATI
  0
TEXT
  8
FABBRICATI
 62
7
 10
   49130.084
 20
   46153.969
 30
0.0
 40
       1.300
  1
198+
 50
       0.000
  0
POLYLINE
  8
FABBRICATI
 66
1
 10
0.0
 20
0.0
 30
0.0
 70
1
  0
VERTEX
  8
FABBRICATI
 10
   49128.560
 20
   46157.496
 30
0.0
  0
VERTEX
  8
FABBRICATI
 10
   49127.734
 20
   46155.005
 30
0.0
  0
VERTEX
  8
FABBRICATI
 10
   49129.112
 20
   46154.523
 30
0.0
  0
VERTEX
  8
FABBRICATI
 10
   49128.108
 20
   46151.611
 30
0.0
  0
VERTEX
  8
FABBRICATI
 10
   49130.089
 20
   46150.857
 30
0.0
  0
VERTEX
  8
FABBRICATI
 10
   49132.099
 20
   46156.255
 30
0.0
  0
VERTEX
  8
FABBRICATI
 10
   49128.560
 20
   46157.496
 30
0.0
  0
SEQEND
  8
FABBRICATI
  0
TEXT
  8
FABBRICATI
 62
7
 10
   49015.505
 20
   45859.362
 30
0.0
 40
       1.300
  1
814+
 50
       0.000
  0
POLYLINE
  8
FABBRICATI
 66
1
 10
0.0
 20
0.0
 30
0.0
 70
1
  0
VERTEX
  8
FABBRICATI
 10
   49010.886
 20
   45859.842
 30
0.0
  0
VERTEX
  8
FABBRICATI
 10
   49010.485
 20
   45857.751
 30
0.0
  0
VERTEX
  8
FABBRICATI
 10
   49012.472
 20
   45857.311
 30
0.0
  0
VERTEX
  8
FABBRICATI
 10
   49017.007
 20
   45856.408
 30
0.0
  0
VERTEX
  8
FABBRICATI
 10
   49020.269
 20
   45855.762
 30
0.0
  0
VERTEX
  8
FABBRICATI
 10
   49020.715
 20
   45858.778
 30
0.0
  0
VERTEX
  8
FABBRICATI
 10
   49018.309
 20
   45861.757
 30
0.0
  0
VERTEX
  8
FABBRICATI
 10
   49018.034
 20
   45861.818
 30
0.0
  0
VERTEX
  8
FABBRICATI
 10
   49018.008
 20
   45861.677
 30
0.0
  0
VERTEX
  8
FABBRICATI
 10
   49014.169
 20
   45862.248
 30
0.0
  0
VERTEX
  8
FABBRICATI
 10
   49012.393
 20
   45861.602
 30
0.0
  0
VERTEX
  8
FABBRICATI
 10
   49010.886
 20
   45859.842
 30
0.0
  0
SEQEND
  8
FABBRICATI
  0
TEXT
  8
FABBRICATI
 62
7
 10
   48830.090
 20
   46480.164
 30
0.0
 40
       1.300
  1
34+
 50
       0.000
  0
POLYLINE
  8
FABBRICATI
 66
1
 10
0.0
 20
0.0
 30
0.0
 70
1
  0
VERTEX
  8
FABBRICATI
 10
   48831.465
 20
   46475.623
 30
0.0
  0
VERTEX
  8
FABBRICATI
 10
   48831.454
 20
   46477.063
 30
0.0
  0
VERTEX
  8
FABBRICATI
 10
   48832.945
 20
   46477.832
 30
0.0
  0
VERTEX
  8
FABBRICATI
 10
   48832.845
 20
   46485.463
 30
0.0
  0
VERTEX
  8
FABBRICATI
 10
   48827.190
 20
   46485.111
 30
0.0
  0
VERTEX
  8
FABBRICATI
 10
   48827.349
 20
   46474.855
 30
0.0
  0
VERTEX
  8
FABBRICATI
 10
   48829.909
 20
   46474.955
 30
0.0
  0
VERTEX
  8
FABBRICATI
 10
   48831.465
 20
   46475.623
 30
0.0
  0
SEQEND
  8
FABBRICATI
  0
TEXT
  8
FABBRICATI
 62
7
 10
   48834.722
 20
   46493.370
 30
0.0
 40
       1.300
  1
835+
 50
       0.000
  0
POLYLINE
  8
FABBRICATI
 66
1
 10
0.0
 20
0.0
 30
0.0
 70
1
  0
VERTEX
  8
FABBRICATI
 10
   48837.342
 20
   46485.431
 30
0.0
  0
VERTEX
  8
FABBRICATI
 10
   48836.289
 20
   46494.265
 30
0.0
  0
VERTEX
  8
FABBRICATI
 10
   48834.758
 20
   46501.643
 30
0.0
  0
VERTEX
  8
FABBRICATI
 10
   48831.899
 20
   46500.051
 30
0.0
  0
VERTEX
  8
FABBRICATI
 10
   48834.259
 20
   46486.315
 30
0.0
  0
VERTEX
  8
FABBRICATI
 10
   48834.324
 20
   46485.921
 30
0.0
  0
VERTEX
  8
FABBRICATI
 10
   48834.498
 20
   46485.187
 30
0.0
  0
VERTEX
  8
FABBRICATI
 10
   48837.342
 20
   46485.431
 30
0.0
  0
SEQEND
  8
FABBRICATI
  0
TEXT
  8
FABBRICATI
 62
7
 10
   49066.366
 20
   46144.510
 30
0.0
 40
       1.300
  1
510+
 50
       0.000
  0
POLYLINE
  8
FABBRICATI
 66
1
 10
0.0
 20
0.0
 30
0.0
 70
1
  0
VERTEX
  8
FABBRICATI
 10
   49049.367
 20
   46155.355
 30
0.0
  0
VERTEX
  8
FABBRICATI
 10
   49047.396
 20
   46150.070
 30
0.0
  0
VERTEX
  8
FABBRICATI
 10
   49057.704
 20
   46145.850
 30
0.0
  0
VERTEX
  8
FABBRICATI
 10
   49056.376
 20
   46142.454
 30
0.0
  0
VERTEX
  8
FABBRICATI
 10
   49059.055
 20
   46141.380
 30
0.0
  0
VERTEX
  8
FABBRICATI
 10
   49061.558
 20
   46140.300
 30
0.0
  0
VERTEX
  8
FABBRICATI
 10
   49070.068
 20
   46136.575
 30
0.0
  0
VERTEX
  8
FABBRICATI
 10
   49073.198
 20
   46135.153
 30
0.0
  0
VERTEX
  8
FABBRICATI
 10
   49075.436
 20
   46134.187
 30
0.0
  0
VERTEX
  8
FABBRICATI
 10
   49079.771
 20
   46142.846
 30
0.0
  0
VERTEX
  8
FABBRICATI
 10
   49072.009
 20
   46146.026
 30
0.0
  0
VERTEX
  8
FABBRICATI
 10
   49060.577
 20
   46150.852
 30
0.0
  0
VERTEX
  8
FABBRICATI
 10
   49054.937
 20
   46153.124
 30
0.0
  0
VERTEX
  8
FABBRICATI
 10
   49049.367
 20
   46155.355
 30
0.0
  0
SEQEND
  8
FABBRICATI
  0
TEXT
  8
FABBRICATI
 62
7
 10
   49137.083
 20
   46143.853
 30
0.0
 40
       1.300
  1
198+
 50
       0.000
  0
POLYLINE
  8
FABBRICATI
 66
1
 10
0.0
 20
0.0
 30
0.0
 70
1
  0
VERTEX
  8
FABBRICATI
 10
   49134.876
 20
   46151.735
 30
0.0
  0
VERTEX
  8
FABBRICATI
 10
   49130.474
 20
   46139.638
 30
0.0
  0
VERTEX
  8
FABBRICATI
 10
   49138.941
 20
   46136.201
 30
0.0
  0
VERTEX
  8
FABBRICATI
 10
   49143.957
 20
   46148.138
 30
0.0
  0
VERTEX
  8
FABBRICATI
 10
   49134.876
 20
   46151.735
 30
0.0
  0
SEQEND
  8
FABBRICATI
  0
TEXT
  8
FABBRICATI
 62
7
 10
   49049.905
 20
   46136.606
 30
0.0
 40
       1.300
  1
653+
 50
       0.000
  0
POLYLINE
  8
FABBRICATI
 66
1
 10
0.0
 20
0.0
 30
0.0
 70
1
  0
VERTEX
  8
FABBRICATI
 10
   49038.211
 20
   46127.886
 30
0.0
  0
VERTEX
  8
FABBRICATI
 10
   49041.248
 20
   46126.719
 30
0.0
  0
VERTEX
  8
FABBRICATI
 10
   49041.302
 20
   46126.698
 30
0.0
  0
VERTEX
  8
FABBRICATI
 10
   49043.192
 20
   46125.881
 30
0.0
  0
VERTEX
  8
FABBRICATI
 10
   49052.637
 20
   46122.247
 30
0.0
  0
VERTEX
  8
FABBRICATI
 10
   49055.950
 20
   46128.704
 30
0.0
  0
VERTEX
  8
FABBRICATI
 10
   49059.500
 20
   46136.059
 30
0.0
  0
VERTEX
  8
FABBRICATI
 10
   49057.379
 20
   46136.937
 30
0.0
  0
VERTEX
  8
FABBRICATI
 10
   49059.055
 20
   46141.380
 30
0.0
  0
VERTEX
  8
FABBRICATI
 10
   49056.376
 20
   46142.454
 30
0.0
  0
VERTEX
  8
FABBRICATI
 10
   49057.704
 20
   46145.850
 30
0.0
  0
VERTEX
  8
FABBRICATI
 10
   49047.396
 20
   46150.070
 30
0.0
  0
VERTEX
  8
FABBRICATI
 10
   49042.641
 20
   46138.740
 30
0.0
  0
VERTEX
  8
FABBRICATI
 10
   49038.211
 20
   46127.886
 30
0.0
  0
SEQEND
  8
FABBRICATI
  0
TEXT
  8
FABBRICATI
 62
7
 10
   49088.782
 20
   46128.605
 30
0.0
 40
       1.300
  1
182+
 50
       0.000
  0
POLYLINE
  8
FABBRICATI
 66
1
 10
0.0
 20
0.0
 30
0.0
 70
1
  0
VERTEX
  8
FABBRICATI
 10
   49071.144
 20
   46125.636
 30
0.0
  0
VERTEX
  8
FABBRICATI
 10
   49073.720
 20
   46124.451
 30
0.0
  0
VERTEX
  8
FABBRICATI
 10
   49082.096
 20
   46120.791
 30
0.0
  0
VERTEX
  8
FABBRICATI
 10
   49089.888
 20
   46117.382
 30
0.0
  0
VERTEX
  8
FABBRICATI
 10
   49091.270
 20
   46119.636
 30
0.0
  0
VERTEX
  8
FABBRICATI
 10
   49100.111
 20
   46115.635
 30
0.0
  0
VERTEX
  8
FABBRICATI
 10
   49102.520
 20
   46122.214
 30
0.0
  0
VERTEX
  8
FABBRICATI
 10
   49107.624
 20
   46135.828
 30
0.0
  0
VERTEX
  8
FABBRICATI
 10
   49104.397
 20
   46137.059
 30
0.0
  0
VERTEX
  8
FABBRICATI
 10
   49090.949
 20
   46142.657
 30
0.0
  0
VERTEX
  8
FABBRICATI
 10
   49089.670
 20
   46139.504
 30
0.0
  0
VERTEX
  8
FABBRICATI
 10
   49087.204
 20
   46140.559
 30
0.0
  0
VERTEX
  8
FABBRICATI
 10
   49088.475
 20
   46143.662
 30
0.0
  0
VERTEX
  8
FABBRICATI
 10
   49081.639
 20
   46146.562
 30
0.0
  0
VERTEX
  8
FABBRICATI
 10
   49079.771
 20
   46142.846
 30
0.0
  0
VERTEX
  8
FABBRICATI
 10
   49075.436
 20
   46134.187
 30
0.0
  0
VERTEX
  8
FABBRICATI
 10
   49073.897
 20
   46131.024
 30
0.0
  0
VERTEX
  8
FABBRICATI
 10
   49071.144
 20
   46125.636
 30
0.0
  0
SEQEND
  8
FABBRICATI
  0
TEXT
  8
FABBRICATI
 62
7
 10
   48869.172
 20
   46476.619
 30
0.0
 40
       1.300
  1
38+
 50
       0.000
  0
POLYLINE
  8
FABBRICATI
 66
1
 10
0.0
 20
0.0
 30
0.0
 70
1
  0
VERTEX
  8
FABBRICATI
 10
   48855.238
 20
   46470.315
 30
0.0
  0
VERTEX
  8
FABBRICATI
 10
   48857.378
 20
   46468.889
 30
0.0
  0
VERTEX
  8
FABBRICATI
 10
   48868.378
 20
   46461.890
 30
0.0
  0
VERTEX
  8
FABBRICATI
 10
   48874.799
 20
   46471.429
 30
0.0
  0
VERTEX
  8
FABBRICATI
 10
   48883.870
 20
   46484.636
 30
0.0
  0
VERTEX
  8
FABBRICATI
 10
   48871.885
 20
   46492.763
 30
0.0
  0
VERTEX
  8
FABBRICATI
 10
   48862.601
 20
   46480.095
 30
0.0
  0
VERTEX
  8
FABBRICATI
 10
   48855.238
 20
   46470.315
 30
0.0
  0
SEQEND
  8
FABBRICATI
  0
TEXT
  8
FABBRICATI
 62
7
 10
   48840.141
 20
   46445.111
 30
0.0
 40
       1.300
  1
42+
 50
       0.000
  0
POLYLINE
  8
FABBRICATI
 66
1
 10
0.0
 20
0.0
 30
0.0
 70
1
  0
VERTEX
  8
FABBRICATI
 10
   48834.706
 20
   46441.282
 30
0.0
  0
VERTEX
  8
FABBRICATI
 10
   48838.377
 20
   46439.254
 30
0.0
  0
VERTEX
  8
FABBRICATI
 10
   48845.069
 20
   46448.475
 30
0.0
  0
VERTEX
  8
FABBRICATI
 10
   48845.542
 20
   46449.294
 30
0.0
  0
VERTEX
  8
FABBRICATI
 10
   48843.016
 20
   46451.426
 30
0.0
  0
VERTEX
  8
FABBRICATI
 10
   48842.357
 20
   46451.758
 30
0.0
  0
VERTEX
  8
FABBRICATI
 10
   48838.324
 20
   46445.977
 30
0.0
  0
VERTEX
  8
FABBRICATI
 10
   48834.706
 20
   46441.282
 30
0.0
  0
SEQEND
  8
FABBRICATI
  0
TEXT
  8
FABBRICATI
 62
7
 10
   48846.834
 20
   46440.766
 30
0.0
 40
       1.300
  1
41+
 50
       0.000
  0
POLYLINE
  8
FABBRICATI
 66
1
 10
0.0
 20
0.0
 30
0.0
 70
1
  0
VERTEX
  8
FABBRICATI
 10
   48845.069
 20
   46448.475
 30
0.0
  0
VERTEX
  8
FABBRICATI
 10
   48838.377
 20
   46439.254
 30
0.0
  0
VERTEX
  8
FABBRICATI
 10
   48848.758
 20
   46433.017
 30
0.0
  0
VERTEX
  8
FABBRICATI
 10
   48855.505
 20
   46442.635
 30
0.0
  0
VERTEX
  8
FABBRICATI
 10
   48845.069
 20
   46448.475
 30
0.0
  0
SEQEND
  8
FABBRICATI
  0
TEXT
  8
FABBRICATI
 62
7
 10
   49084.778
 20
   46020.947
 30
0.0
 40
       1.300
  1
69+
 50
       0.000
  0
POLYLINE
  8
FABBRICATI
 66
1
 10
0.0
 20
0.0
 30
0.0
 70
1
  0
VERTEX
  8
FABBRICATI
 10
   49082.103
 20
   46024.859
 30
0.0
  0
VERTEX
  8
FABBRICATI
 10
   49078.304
 20
   46015.605
 30
0.0
  0
VERTEX
  8
FABBRICATI
 10
   49085.576
 20
   46012.913
 30
0.0
  0
VERTEX
  8
FABBRICATI
 10
   49085.828
 20
   46013.490
 30
0.0
  0
VERTEX
  8
FABBRICATI
 10
   49088.407
 20
   46019.487
 30
0.0
  0
VERTEX
  8
FABBRICATI
 10
   49091.142
 20
   46025.615
 30
0.0
  0
VERTEX
  8
FABBRICATI
 10
   49083.795
 20
   46029.097
 30
0.0
  0
VERTEX
  8
FABBRICATI
 10
   49082.103
 20
   46024.859
 30
0.0
  0
SEQEND
  8
FABBRICATI
  0
TEXT
  8
FABBRICATI
 62
7
 10
   48809.976
 20
   46440.514
 30
0.0
 40
       1.300
  1
44+
 50
       0.000
  0
POLYLINE
  8
FABBRICATI
 66
1
 10
0.0
 20
0.0
 30
0.0
 70
1
  0
VERTEX
  8
FABBRICATI
 10
   48801.409
 20
   46447.820
 30
0.0
  0
VERTEX
  8
FABBRICATI
 10
   48802.818
 20
   46434.490
 30
0.0
  0
VERTEX
  8
FABBRICATI
 10
   48802.884
 20
   46433.017
 30
0.0
  0
VERTEX
  8
FABBRICATI
 10
   48812.060
 20
   46433.378
 30
0.0
  0
VERTEX
  8
FABBRICATI
 10
   48817.885
 20
   46433.507
 30
0.0
  0
VERTEX
  8
FABBRICATI
 10
   48817.758
 20
   46441.051
 30
0.0
  0
VERTEX
  8
FABBRICATI
 10
   48817.788
 20
   46442.447
 30
0.0
  0
VERTEX
  8
FABBRICATI
 10
   48817.859
 20
   46445.807
 30
0.0
  0
VERTEX
  8
FABBRICATI
 10
   48806.674
 20
   46448.431
 30
0.0
  0
VERTEX
  8
FABBRICATI
 10
   48801.409
 20
   46447.820
 30
0.0
  0
SEQEND
  8
FABBRICATI
  0
TEXT
  8
FABBRICATI
 62
7
 10
   48821.941
 20
   46538.236
 30
0.0
 40
       1.300
  1
17+
 50
       0.000
  0
POLYLINE
  8
FABBRICATI
 66
1
 10
0.0
 20
0.0
 30
0.0
 70
1
  0
VERTEX
  8
FABBRICATI
 10
   48814.993
 20
   46533.634
 30
0.0
  0
VERTEX
  8
FABBRICATI
 10
   48819.994
 20
   46530.381
 30
0.0
  0
VERTEX
  8
FABBRICATI
 10
   48825.756
 20
   46538.253
 30
0.0
  0
VERTEX
  8
FABBRICATI
 10
   48828.629
 20
   46542.381
 30
0.0
  0
VERTEX
  8
FABBRICATI
 10
   48825.192
 20
   46544.552
 30
0.0
  0
VERTEX
  8
FABBRICATI
 10
   48823.286
 20
   46545.775
 30
0.0
  0
VERTEX
  8
FABBRICATI
 10
   48814.993
 20
   46533.634
 30
0.0
  0
SEQEND
  8
FABBRICATI
  0
TEXT
  8
FABBRICATI
 62
7
 10
   48809.397
 20
   46541.727
 30
0.0
 40
       1.300
  1
13+
 50
       0.000
  0
POLYLINE
  8
FABBRICATI
 66
1
 10
0.0
 20
0.0
 30
0.0
 70
1
  0
VERTEX
  8
FABBRICATI
 10
   48804.648
 20
   46542.213
 30
0.0
  0
VERTEX
  8
FABBRICATI
 10
   48801.247
 20
   46538.126
 30
0.0
  0
VERTEX
  8
FABBRICATI
 10
   48806.512
 20
   46532.183
 30
0.0
  0
VERTEX
  8
FABBRICATI
 10
   48809.696
 20
   46536.773
 30
0.0
  0
VERTEX
  8
FABBRICATI
 10
   48817.933
 20
   46549.056
 30
0.0
  0
VERTEX
  8
FABBRICATI
 10
   48813.044
 20
   46552.517
 30
0.0
  0
VERTEX
  8
FABBRICATI
 10
   48811.549
 20
   46553.419
 30
0.0
  0
VERTEX
  8
FABBRICATI
 10
   48808.501
 20
   46549.508
 30
0.0
  0
VERTEX
  8
FABBRICATI
 10
   48810.120
 20
   46547.507
 30
0.0
  0
VERTEX
  8
FABBRICATI
 10
   48805.612
 20
   46541.507
 30
0.0
  0
VERTEX
  8
FABBRICATI
 10
   48804.648
 20
   46542.213
 30
0.0
  0
SEQEND
  8
FABBRICATI
  0
TEXT
  8
FABBRICATI
 62
7
 10
   48816.525
 20
   46541.365
 30
0.0
 40
       1.300
  1
16+
 50
       0.000
  0
POLYLINE
  8
FABBRICATI
 66
1
 10
0.0
 20
0.0
 30
0.0
 70
1
  0
VERTEX
  8
FABBRICATI
 10
   48809.696
 20
   46536.773
 30
0.0
  0
VERTEX
  8
FABBRICATI
 10
   48814.993
 20
   46533.634
 30
0.0
  0
VERTEX
  8
FABBRICATI
 10
   48823.286
 20
   46545.775
 30
0.0
  0
VERTEX
  8
FABBRICATI
 10
   48817.933
 20
   46549.056
 30
0.0
  0
VERTEX
  8
FABBRICATI
 10
   48809.696
 20
   46536.773
 30
0.0
  0
SEQEND
  8
FABBRICATI
  0
TEXT
  8
FABBRICATI
 62
7
 10
   48863.103
 20
   46532.758
 30
0.0
 40
       1.300
  1
29+
 50
       0.000
  0
POLYLINE
  8
FABBRICATI
 66
1
 10
0.0
 20
0.0
 30
0.0
 70
1
  0
VERTEX
  8
FABBRICATI
 10
   48856.757
 20
   46548.255
 30
0.0
  0
VERTEX
  8
FABBRICATI
 10
   48847.715
 20
   46535.953
 30
0.0
  0
VERTEX
  8
FABBRICATI
 10
   48856.493
 20
   46530.135
 30
0.0
  0
VERTEX
  8
FABBRICATI
 10
   48862.631
 20
   46526.000
 30
0.0
  0
VERTEX
  8
FABBRICATI
 10
   48865.774
 20
   46523.878
 30
0.0
  0
VERTEX
  8
FABBRICATI
 10
   48875.700
 20
   46535.258
 30
0.0
  0
VERTEX
  8
FABBRICATI
 10
   48866.170
 20
   46541.813
 30
0.0
  0
VERTEX
  8
FABBRICATI
 10
   48863.297
 20
   46537.801
 30
0.0
  0
VERTEX
  8
FABBRICATI
 10
   48857.706
 20
   46541.670
 30
0.0
  0
VERTEX
  8
FABBRICATI
 10
   48860.524
 20
   46545.682
 30
0.0
  0
VERTEX
  8
FABBRICATI
 10
   48856.757
 20
   46548.255
 30
0.0
  0
SEQEND
  8
FABBRICATI
  0
TEXT
  8
FABBRICATI
 62
7
 10
   49160.264
 20
   46058.549
 30
0.0
 40
       1.300
  1
203+
 50
       0.000
  0
POLYLINE
  8
FABBRICATI
 66
1
 10
0.0
 20
0.0
 30
0.0
 70
1
  0
VERTEX
  8
FABBRICATI
 10
   49157.310
 20
   46063.382
 30
0.0
  0
VERTEX
  8
FABBRICATI
 10
   49152.055
 20
   46051.446
 30
0.0
  0
VERTEX
  8
FABBRICATI
 10
   49160.998
 20
   46047.862
 30
0.0
  0
VERTEX
  8
FABBRICATI
 10
   49164.165
 20
   46055.647
 30
0.0
  0
VERTEX
  8
FABBRICATI
 10
   49168.378
 20
   46066.000
 30
0.0
  0
VERTEX
  8
FABBRICATI
 10
   49159.714
 20
   46069.106
 30
0.0
  0
VERTEX
  8
FABBRICATI
 10
   49159.348
 20
   46068.239
 30
0.0
  0
VERTEX
  8
FABBRICATI
 10
   49157.310
 20
   46063.382
 30
0.0
  0
SEQEND
  8
FABBRICATI
  0
TEXT
  8
FABBRICATI
 62
7
 10
   49035.827
 20
   46056.128
 30
0.0
 40
       1.300
  1
244+
 50
       0.000
  0
POLYLINE
  8
FABBRICATI
 66
1
 10
0.0
 20
0.0
 30
0.0
 70
1
  0
VERTEX
  8
FABBRICATI
 10
   49029.782
 20
   46064.855
 30
0.0
  0
VERTEX
  8
FABBRICATI
 10
   49026.977
 20
   46060.891
 30
0.0
  0
VERTEX
  8
FABBRICATI
 10
   49030.093
 20
   46058.554
 30
0.0
  0
VERTEX
  8
FABBRICATI
 10
   49028.727
 20
   46056.830
 30
0.0
  0
VERTEX
  8
FABBRICATI
 10
   49034.920
 20
   46052.522
 30
0.0
  0
VERTEX
  8
FABBRICATI
 10
   49036.242
 20
   46051.567
 30
0.0
  0
VERTEX
  8
FABBRICATI
 10
   49038.000
 20
   46050.255
 30
0.0
  0
VERTEX
  8
FABBRICATI
 10
   49044.817
 20
   46054.047
 30
0.0
  0
VERTEX
  8
FABBRICATI
 10
   49038.232
 20
   46058.773
 30
0.0
  0
VERTEX
  8
FABBRICATI
 10
   49029.782
 20
   46064.855
 30
0.0
  0
SEQEND
  8
FABBRICATI
  0
TEXT
  8
FABBRICATI
 62
7
 10
   49155.835
 20
   46047.412
 30
0.0
 40
       1.300
  1
204+
 50
       0.000
  0
POLYLINE
  8
FABBRICATI
 66
1
 10
0.0
 20
0.0
 30
0.0
 70
1
  0
VERTEX
  8
FABBRICATI
 10
   49152.055
 20
   46051.446
 30
0.0
  0
VERTEX
  8
FABBRICATI
 10
   49150.719
 20
   46046.930
 30
0.0
  0
VERTEX
  8
FABBRICATI
 10
   49159.163
 20
   46043.599
 30
0.0
  0
VERTEX
  8
FABBRICATI
 10
   49160.998
 20
   46047.862
 30
0.0
  0
VERTEX
  8
FABBRICATI
 10
   49152.055
 20
   46051.446
 30
0.0
  0
SEQEND
  8
FABBRICATI
  0
TEXT
  8
FABBRICATI
 62
7
 10
   49178.573
 20
   46343.439
 30
0.0
 40
       1.300
  1
692+
 50
       0.000
  0
POLYLINE
  8
FABBRICATI
 66
1
 10
0.0
 20
0.0
 30
0.0
 70
1
  0
VERTEX
  8
FABBRICATI
 10
   49178.566
 20
   46349.755
 30
0.0
  0
VERTEX
  8
FABBRICATI
 10
   49175.148
 20
   46344.924
 30
0.0
  0
VERTEX
  8
FABBRICATI
 10
   49172.024
 20
   46340.522
 30
0.0
  0
VERTEX
  8
FABBRICATI
 10
   49173.205
 20
   46339.945
 30
0.0
  0
VERTEX
  8
FABBRICATI
 10
   49179.184
 20
   46337.026
 30
0.0
  0
VERTEX
  8
FABBRICATI
 10
   49184.558
 20
   46345.929
 30
0.0
  0
VERTEX
  8
FABBRICATI
 10
   49184.812
 20
   46346.449
 30
0.0
  0
VERTEX
  8
FABBRICATI
 10
   49178.566
 20
   46349.755
 30
0.0
  0
SEQEND
  8
FABBRICATI
  0
TEXT
  8
FABBRICATI
 62
7
 10
   48908.551
 20
   46549.440
 30
0.0
 40
       1.300
  1
800+
 50
       0.000
  0
POLYLINE
  8
FABBRICATI
 66
1
 10
0.0
 20
0.0
 30
0.0
 70
1
  0
VERTEX
  8
FABBRICATI
 10
   48909.227
 20
   46548.322
 30
0.0
  0
VERTEX
  8
FABBRICATI
 10
   48909.813
 20
   46549.138
 30
0.0
  0
VERTEX
  8
FABBRICATI
 10
   48907.890
 20
   46550.567
 30
0.0
  0
VERTEX
  8
FABBRICATI
 10
   48907.304
 20
   46549.725
 30
0.0
  0
VERTEX
  8
FABBRICATI
 10
   48909.227
 20
   46548.322
 30
0.0
  0
SEQEND
  8
FABBRICATI
  0
TEXT
  8
FABBRICATI
 62
7
 10
   49015.165
 20
   46195.292
 30
0.0
 40
       1.300
  1
265+
 50
       0.000
  0
POLYLINE
  8
FABBRICATI
 66
1
 10
0.0
 20
0.0
 30
0.0
 70
1
  0
VERTEX
  8
FABBRICATI
 10
   49013.308
 20
   46199.667
 30
0.0
  0
VERTEX
  8
FABBRICATI
 10
   49010.843
 20
   46200.610
 30
0.0
  0
VERTEX
  8
FABBRICATI
 10
   49008.783
 20
   46195.152
 30
0.0
  0
VERTEX
  8
FABBRICATI
 10
   49011.246
 20
   46194.190
 30
0.0
  0
VERTEX
  8
FABBRICATI
 10
   49009.888
 20
   46190.729
 30
0.0
  0
VERTEX
  8
FABBRICATI
 10
   49006.406
 20
   46181.413
 30
0.0
  0
VERTEX
  8
FABBRICATI
 10
   49015.097
 20
   46178.028
 30
0.0
  0
VERTEX
  8
FABBRICATI
 10
   49019.855
 20
   46190.859
 30
0.0
  0
VERTEX
  8
FABBRICATI
 10
   49024.637
 20
   46203.789
 30
0.0
  0
VERTEX
  8
FABBRICATI
 10
   49026.836
 20
   46209.606
 30
0.0
  0
VERTEX
  8
FABBRICATI
 10
   49018.396
 20
   46212.825
 30
0.0
  0
VERTEX
  8
FABBRICATI
 10
   49015.891
 20
   46213.773
 30
0.0
  0
VERTEX
  8
FABBRICATI
 10
   49014.478
 20
   46210.434
 30
0.0
  0
VERTEX
  8
FABBRICATI
 10
   49016.107
 20
   46209.802
 30
0.0
  0
VERTEX
  8
FABBRICATI
 10
   49017.022
 20
   46209.428
 30
0.0
  0
VERTEX
  8
FABBRICATI
 10
   49016.443
 20
   46208.002
 30
0.0
  0
VERTEX
  8
FABBRICATI
 10
   49014.920
 20
   46204.028
 30
0.0
  0
VERTEX
  8
FABBRICATI
 10
   49013.308
 20
   46199.667
 30
0.0
  0
SEQEND
  8
FABBRICATI
  0
TEXT
  8
FABBRICATI
 62
7
 10
   49114.027
 20
   46213.265
 30
0.0
 40
       1.300
  1
176+
 50
       0.000
  0
POLYLINE
  8
FABBRICATI
 66
1
 10
0.0
 20
0.0
 30
0.0
 70
1
  0
VERTEX
  8
FABBRICATI
 10
   49111.214
 20
   46193.778
 30
0.0
  0
VERTEX
  8
FABBRICATI
 10
   49113.942
 20
   46192.671
 30
0.0
  0
VERTEX
  8
FABBRICATI
 10
   49114.609
 20
   46194.276
 30
0.0
  0
VERTEX
  8
FABBRICATI
 10
   49111.894
 20
   46195.448
 30
0.0
  0
VERTEX
  8
FABBRICATI
 10
   49113.240
 20
   46199.134
 30
0.0
  0
VERTEX
  8
FABBRICATI
 10
   49113.560
 20
   46199.964
 30
0.0
  0
VERTEX
  8
FABBRICATI
 10
   49115.892
 20
   46198.979
 30
0.0
  0
VERTEX
  8
FABBRICATI
 10
   49118.577
 20
   46205.448
 30
0.0
  0
VERTEX
  8
FABBRICATI
 10
   49116.316
 20
   46206.418
 30
0.0
  0
VERTEX
  8
FABBRICATI
 10
   49116.667
 20
   46207.332
 30
0.0
  0
VERTEX
  8
FABBRICATI
 10
   49118.838
 20
   46212.429
 30
0.0
  0
VERTEX
  8
FABBRICATI
 10
   49121.015
 20
   46217.716
 30
0.0
  0
VERTEX
  8
FABBRICATI
 10
   49124.573
 20
   46226.188
 30
0.0
  0
VERTEX
  8
FABBRICATI
 10
   49126.652
 20
   46231.115
 30
0.0
  0
VERTEX
  8
FABBRICATI
 10
   49117.753
 20
   46234.651
 30
0.0
  0
VERTEX
  8
FABBRICATI
 10
   49112.842
 20
   46223.109
 30
0.0
  0
VERTEX
  8
FABBRICATI
 10
   49106.925
 20
   46208.434
 30
0.0
  0
VERTEX
  8
FABBRICATI
 10
   49102.535
 20
   46197.407
 30
0.0
  0
VERTEX
  8
FABBRICATI
 10
   49111.214
 20
   46193.778
 30
0.0
  0
SEQEND
  8
FABBRICATI
  0
TEXT
  8
FABBRICATI
 62
7
 10
   48875.607
 20
   46447.793
 30
0.0
 40
       1.300
  1
124+
 50
       0.000
  0
POLYLINE
  8
FABBRICATI
 66
1
 10
0.0
 20
0.0
 30
0.0
 70
1
  0
VERTEX
  8
FABBRICATI
 10
   48888.833
 20
   46461.966
 30
0.0
  0
VERTEX
  8
FABBRICATI
 10
   48882.403
 20
   46466.197
 30
0.0
  0
VERTEX
  8
FABBRICATI
 10
   48868.760
 20
   46445.450
 30
0.0
  0
VERTEX
  8
FABBRICATI
 10
   48865.139
 20
   46447.561
 30
0.0
  0
VERTEX
  8
FABBRICATI
 10
   48862.494
 20
   46443.371
 30
0.0
  0
VERTEX
  8
FABBRICATI
 10
   48872.204
 20
   46437.444
 30
0.0
  0
VERTEX
  8
FABBRICATI
 10
   48874.342
 20
   46440.648
 30
0.0
  0
VERTEX
  8
FABBRICATI
 10
   48878.573
 20
   46437.686
 30
0.0
  0
VERTEX
  8
FABBRICATI
 10
   48879.831
 20
   46439.388
 30
0.0
  0
VERTEX
  8
FABBRICATI
 10
   48881.100
 20
   46438.333
 30
0.0
  0
VERTEX
  8
FABBRICATI
 10
   48883.520
 20
   46441.610
 30
0.0
  0
VERTEX
  8
FABBRICATI
 10
   48884.279
 20
   46441.085
 30
0.0
  0
VERTEX
  8
FABBRICATI
 10
   48886.303
 20
   46444.138
 30
0.0
  0
VERTEX
  8
FABBRICATI
 10
   48879.771
 20
   46448.624
 30
0.0
  0
VERTEX
  8
FABBRICATI
 10
   48888.833
 20
   46461.966
 30
0.0
  0
SEQEND
  8
FABBRICATI
  0
TEXT
  8
FABBRICATI
 62
7
 10
   49027.928
 20
   46341.997
 30
0.0
 40
       1.300
  1
141+
 50
       0.000
  0
POLYLINE
  8
FABBRICATI
 66
1
 10
0.0
 20
0.0
 30
0.0
 70
1
  0
VERTEX
  8
FABBRICATI
 10
   49025.901
 20
   46346.326
 30
0.0
  0
VERTEX
  8
FABBRICATI
 10
   49022.643
 20
   46341.336
 30
0.0
  0
VERTEX
  8
FABBRICATI
 10
   49030.254
 20
   46337.509
 30
0.0
  0
VERTEX
  8
FABBRICATI
 10
   49033.001
 20
   46342.383
 30
0.0
  0
VERTEX
  8
FABBRICATI
 10
   49025.901
 20
   46346.326
 30
0.0
  0
SEQEND
  8
FABBRICATI
  0
TEXT
  8
FABBRICATI
 62
7
 10
   49101.304
 20
   46081.019
 30
0.0
 40
       1.300
  1
239+
 50
       0.000
  0
POLYLINE
  8
FABBRICATI
 66
1
 10
0.0
 20
0.0
 30
0.0
 70
1
  0
VERTEX
  8
FABBRICATI
 10
   49095.125
 20
   46075.763
 30
0.0
  0
VERTEX
  8
FABBRICATI
 10
   49096.701
 20
   46074.262
 30
0.0
  0
VERTEX
  8
FABBRICATI
 10
   49105.702
 20
   46080.473
 30
0.0
  0
VERTEX
  8
FABBRICATI
 10
   49099.755
 20
   46085.744
 30
0.0
  0
VERTEX
  8
FABBRICATI
 10
   49096.847
 20
   46079.491
 30
0.0
  0
VERTEX
  8
FABBRICATI
 10
   49095.125
 20
   46075.763
 30
0.0
  0
SEQEND
  8
FABBRICATI
  0
TEXT
  8
FABBRICATI
 62
7
 10
   48984.437
 20
   46334.447
 30
0.0
 40
       1.300
  1
123+
 50
       0.000
  0
POLYLINE
  8
FABBRICATI
 66
1
 10
0.0
 20
0.0
 30
0.0
 70
1
  0
VERTEX
  8
FABBRICATI
 10
   48981.640
 20
   46330.287
 30
0.0
  0
VERTEX
  8
FABBRICATI
 10
   48983.408
 20
   46328.991
 30
0.0
  0
VERTEX
  8
FABBRICATI
 10
   48987.382
 20
   46326.510
 30
0.0
  0
VERTEX
  8
FABBRICATI
 10
   48989.263
 20
   46329.361
 30
0.0
  0
VERTEX
  8
FABBRICATI
 10
   48990.731
 20
   46331.450
 30
0.0
  0
VERTEX
  8
FABBRICATI
 10
   48993.509
 20
   46335.019
 30
0.0
  0
VERTEX
  8
FABBRICATI
 10
   48987.652
 20
   46338.751
 30
0.0
  0
VERTEX
  8
FABBRICATI
 10
   48987.455
 20
   46338.858
 30
0.0
  0
VERTEX
  8
FABBRICATI
 10
   48981.704
 20
   46342.558
 30
0.0
  0
VERTEX
  8
FABBRICATI
 10
   48976.865
 20
   46336.152
 30
0.0
  0
VERTEX
  8
FABBRICATI
 10
   48975.762
 20
   46334.382
 30
0.0
  0
VERTEX
  8
FABBRICATI
 10
   48979.799
 20
   46331.546
 30
0.0
  0
VERTEX
  8
FABBRICATI
 10
   48981.640
 20
   46330.287
 30
0.0
  0
SEQEND
  8
FABBRICATI
  0
TEXT
  8
FABBRICATI
 62
7
 10
   49059.050
 20
   46020.157
 30
0.0
 40
       1.300
  1
58+
 50
       0.000
  0
POLYLINE
  8
FABBRICATI
 66
1
 10
0.0
 20
0.0
 30
0.0
 70
1
  0
VERTEX
  8
FABBRICATI
 10
   49046.770
 20
   46018.751
 30
0.0
  0
VERTEX
  8
FABBRICATI
 10
   49044.523
 20
   46019.586
 30
0.0
  0
VERTEX
  8
FABBRICATI
 10
   49041.739
 20
   46013.487
 30
0.0
  0
VERTEX
  8
FABBRICATI
 10
   49050.225
 20
   46009.901
 30
0.0
  0
VERTEX
  8
FABBRICATI
 10
   49055.515
 20
   46007.550
 30
0.0
  0
VERTEX
  8
FABBRICATI
 10
   49064.210
 20
   46003.668
 30
0.0
  0
VERTEX
  8
FABBRICATI
 10
   49064.094
 20
   46004.360
 30
0.0
  0
VERTEX
  8
FABBRICATI
 10
   49066.668
 20
   46010.362
 30
0.0
  0
VERTEX
  8
FABBRICATI
 10
   49071.482
 20
   46022.140
 30
0.0
  0
VERTEX
  8
FABBRICATI
 10
   49075.822
 20
   46032.271
 30
0.0
  0
VERTEX
  8
FABBRICATI
 10
   49076.380
 20
   46033.510
 30
0.0
  0
VERTEX
  8
FABBRICATI
 10
   49077.252
 20
   46036.128
 30
0.0
  0
VERTEX
  8
FABBRICATI
 10
   49064.807
 20
   46041.408
 30
0.0
  0
VERTEX
  8
FABBRICATI
 10
   49062.889
 20
   46042.228
 30
0.0
  0
VERTEX
  8
FABBRICATI
 10
   49058.366
 20
   46032.230
 30
0.0
  0
VERTEX
  8
FABBRICATI
 10
   49057.427
 20
   46030.014
 30
0.0
  0
VERTEX
  8
FABBRICATI
 10
   49053.504
 20
   46033.028
 30
0.0
  0
VERTEX
  8
FABBRICATI
 10
   49051.032
 20
   46027.791
 30
0.0
  0
VERTEX
  8
FABBRICATI
 10
   49046.770
 20
   46018.751
 30
0.0
  0
SEQEND
  8
FABBRICATI
  0
TEXT
  8
FABBRICATI
 62
7
 10
   49065.762
 20
   46347.908
 30
0.0
 40
       1.300
  1
148+
 50
       0.000
  0
POLYLINE
  8
FABBRICATI
 66
1
 10
0.0
 20
0.0
 30
0.0
 70
1
  0
VERTEX
  8
FABBRICATI
 10
   49047.682
 20
   46344.231
 30
0.0
  0
VERTEX
  8
FABBRICATI
 10
   49046.168
 20
   46341.621
 30
0.0
  0
VERTEX
  8
FABBRICATI
 10
   49050.382
 20
   46340.128
 30
0.0
  0
VERTEX
  8
FABBRICATI
 10
   49047.128
 20
   46332.145
 30
0.0
  0
VERTEX
  8
FABBRICATI
 10
   49050.854
 20
   46330.621
 30
0.0
  0
VERTEX
  8
FABBRICATI
 10
   49052.509
 20
   46334.510
 30
0.0
  0
VERTEX
  8
FABBRICATI
 10
   49055.001
 20
   46333.763
 30
0.0
  0
VERTEX
  8
FABBRICATI
 10
   49058.128
 20
   46332.636
 30
0.0
  0
VERTEX
  8
FABBRICATI
 10
   49059.255
 20
   46334.891
 30
0.0
  0
VERTEX
  8
FABBRICATI
 10
   49065.001
 20
   46332.382
 30
0.0
  0
VERTEX
  8
FABBRICATI
 10
   49063.001
 20
   46325.891
 30
0.0
  0
VERTEX
  8
FABBRICATI
 10
   49065.509
 20
   46325.018
 30
0.0
  0
VERTEX
  8
FABBRICATI
 10
   49067.118
 20
   46327.260
 30
0.0
  0
VERTEX
  8
FABBRICATI
 10
   49075.172
 20
   46339.554
 30
0.0
  0
VERTEX
  8
FABBRICATI
 10
   49083.355
 20
   46352.081
 30
0.0
  0
VERTEX
  8
FABBRICATI
 10
   49075.129
 20
   46357.236
 30
0.0
  0
VERTEX
  8
FABBRICATI
 10
   49069.184
 20
   46360.878
 30
0.0
  0
VERTEX
  8
FABBRICATI
 10
   49064.813
 20
   46363.525
 30
0.0
  0
VERTEX
  8
FABBRICATI
 10
   49061.962
 20
   46360.290
 30
0.0
  0
VERTEX
  8
FABBRICATI
 10
   49053.510
 20
   46350.857
 30
0.0
  0
VERTEX
  8
FABBRICATI
 10
   49047.682
 20
   46344.231
 30
0.0
  0
SEQEND
  8
FABBRICATI
  0
TEXT
  8
FABBRICATI
 62
7
 10
   49096.540
 20
   45925.631
 30
0.0
 40
       1.300
  1
22+
 50
       0.000
  0
POLYLINE
  8
FABBRICATI
 66
1
 10
0.0
 20
0.0
 30
0.0
 70
1
  0
VERTEX
  8
FABBRICATI
 10
   49092.036
 20
   45920.894
 30
0.0
  0
VERTEX
  8
FABBRICATI
 10
   49091.902
 20
   45920.498
 30
0.0
  0
VERTEX
  8
FABBRICATI
 10
   49096.594
 20
   45918.637
 30
0.0
  0
VERTEX
  8
FABBRICATI
 10
   49097.424
 20
   45921.299
 30
0.0
  0
VERTEX
  8
FABBRICATI
 10
   49099.567
 20
   45926.852
 30
0.0
  0
VERTEX
  8
FABBRICATI
 10
   49101.505
 20
   45931.509
 30
0.0
  0
VERTEX
  8
FABBRICATI
 10
   49097.124
 20
   45933.255
 30
0.0
  0
VERTEX
  8
FABBRICATI
 10
   49092.036
 20
   45920.894
 30
0.0
  0
SEQEND
  8
FABBRICATI
  0
TEXT
  8
FABBRICATI
 62
7
 10
   49101.443
 20
   46271.430
 30
0.0
 40
       1.300
  1
162+
 50
       0.000
  0
POLYLINE
  8
FABBRICATI
 66
1
 10
0.0
 20
0.0
 30
0.0
 70
1
  0
VERTEX
  8
FABBRICATI
 10
   49093.219
 20
   46263.628
 30
0.0
  0
VERTEX
  8
FABBRICATI
 10
   49089.762
 20
   46254.763
 30
0.0
  0
VERTEX
  8
FABBRICATI
 10
   49098.515
 20
   46251.491
 30
0.0
  0
VERTEX
  8
FABBRICATI
 10
   49102.490
 20
   46261.403
 30
0.0
  0
VERTEX
  8
FABBRICATI
 10
   49106.101
 20
   46270.399
 30
0.0
  0
VERTEX
  8
FABBRICATI
 10
   49109.840
 20
   46279.898
 30
0.0
  0
VERTEX
  8
FABBRICATI
 10
   49113.150
 20
   46288.340
 30
0.0
  0
VERTEX
  8
FABBRICATI
 10
   49104.510
 20
   46291.707
 30
0.0
  0
VERTEX
  8
FABBRICATI
 10
   49099.876
 20
   46280.062
 30
0.0
  0
VERTEX
  8
FABBRICATI
 10
   49093.219
 20
   46263.628
 30
0.0
  0
SEQEND
  8
FABBRICATI
  0
TEXT
  8
FABBRICATI
 62
7
 10
   49098.067
 20
   45912.530
 30
0.0
 40
       1.300
  1
22+
 50
       0.000
  0
POLYLINE
  8
FABBRICATI
 66
1
 10
0.0
 20
0.0
 30
0.0
 70
1
  0
VERTEX
  8
FABBRICATI
 10
   49096.594
 20
   45918.637
 30
0.0
  0
VERTEX
  8
FABBRICATI
 10
   49092.826
 20
   45908.920
 30
0.0
  0
VERTEX
  8
FABBRICATI
 10
   49099.424
 20
   45906.503
 30
0.0
  0
VERTEX
  8
FABBRICATI
 10
   49103.382
 20
   45916.107
 30
0.0
  0
VERTEX
  8
FABBRICATI
 10
   49096.594
 20
   45918.637
 30
0.0
  0
SEQEND
  8
FABBRICATI
  0
TEXT
  8
FABBRICATI
 62
7
 10
   48898.973
 20
   46534.933
 30
0.0
 40
       1.300
  1
30+
 50
       0.000
  0
POLYLINE
  8
FABBRICATI
 66
1
 10
0.0
 20
0.0
 30
0.0
 70
1
  0
VERTEX
  8
FABBRICATI
 10
   48897.464
 20
   46544.454
 30
0.0
  0
VERTEX
  8
FABBRICATI
 10
   48889.738
 20
   46532.831
 30
0.0
  0
VERTEX
  8
FABBRICATI
 10
   48900.510
 20
   46525.464
 30
0.0
  0
VERTEX
  8
FABBRICATI
 10
   48908.369
 20
   46537.273
 30
0.0
  0
VERTEX
  8
FABBRICATI
 10
   48897.464
 20
   46544.454
 30
0.0
  0
SEQEND
  8
FABBRICATI
  0
TEXT
  8
FABBRICATI
 62
7
 10
   48833.292
 20
   46536.670
 30
0.0
 40
       1.300
  1
21+
 50
       0.000
  0
POLYLINE
  8
FABBRICATI
 66
1
 10
0.0
 20
0.0
 30
0.0
 70
1
  0
VERTEX
  8
FABBRICATI
 10
   48828.629
 20
   46542.381
 30
0.0
  0
VERTEX
  8
FABBRICATI
 10
   48825.756
 20
   46538.253
 30
0.0
  0
VERTEX
  8
FABBRICATI
 10
   48830.162
 20
   46535.636
 30
0.0
  0
VERTEX
  8
FABBRICATI
 10
   48837.565
 20
   46530.867
 30
0.0
  0
VERTEX
  8
FABBRICATI
 10
   48840.635
 20
   46535.136
 30
0.0
  0
VERTEX
  8
FABBRICATI
 10
   48837.044
 20
   46537.362
 30
0.0
  0
VERTEX
  8
FABBRICATI
 10
   48828.629
 20
   46542.381
 30
0.0
  0
SEQEND
  8
FABBRICATI
  0
TEXT
  8
FABBRICATI
 62
7
 10
   48846.103
 20
   46523.260
 30
0.0
 40
       1.300
  1
25+
 50
       0.000
  0
POLYLINE
  8
FABBRICATI
 66
1
 10
0.0
 20
0.0
 30
0.0
 70
1
  0
VERTEX
  8
FABBRICATI
 10
   48839.755
 20
   46530.695
 30
0.0
  0
VERTEX
  8
FABBRICATI
 10
   48836.011
 20
   46524.762
 30
0.0
  0
VERTEX
  8
FABBRICATI
 10
   48839.884
 20
   46519.254
 30
0.0
  0
VERTEX
  8
FABBRICATI
 10
   48838.763
 20
   46517.548
 30
0.0
  0
VERTEX
  8
FABBRICATI
 10
   48842.122
 20
   46514.738
 30
0.0
  0
VERTEX
  8
FABBRICATI
 10
   48844.204
 20
   46516.615
 30
0.0
  0
VERTEX
  8
FABBRICATI
 10
   48845.860
 20
   46514.882
 30
0.0
  0
VERTEX
  8
FABBRICATI
 10
   48846.817
 20
   46514.166
 30
0.0
  0
VERTEX
  8
FABBRICATI
 10
   48855.710
 20
   46522.647
 30
0.0
  0
VERTEX
  8
FABBRICATI
 10
   48850.553
 20
   46528.283
 30
0.0
  0
VERTEX
  8
FABBRICATI
 10
   48849.420
 20
   46529.315
 30
0.0
  0
VERTEX
  8
FABBRICATI
 10
   48842.065
 20
   46534.125
 30
0.0
  0
VERTEX
  8
FABBRICATI
 10
   48839.755
 20
   46530.695
 30
0.0
  0
SEQEND
  8
FABBRICATI
  0
TEXT
  8
FABBRICATI
 62
7
 10
   48822.419
 20
   46521.676
 30
0.0
 40
       1.300
  1
23+
 50
       0.000
  0
POLYLINE
  8
FABBRICATI
 66
1
 10
0.0
 20
0.0
 30
0.0
 70
1
  0
VERTEX
  8
FABBRICATI
 10
   48818.994
 20
   46528.635
 30
0.0
  0
VERTEX
  8
FABBRICATI
 10
   48814.102
 20
   46521.113
 30
0.0
  0
VERTEX
  8
FABBRICATI
 10
   48824.259
 20
   46515.843
 30
0.0
  0
VERTEX
  8
FABBRICATI
 10
   48826.861
 20
   46519.006
 30
0.0
  0
VERTEX
  8
FABBRICATI
 10
   48828.332
 20
   46518.252
 30
0.0
  0
VERTEX
  8
FABBRICATI
 10
   48830.756
 20
   46521.508
 30
0.0
  0
VERTEX
  8
FABBRICATI
 10
   48818.994
 20
   46528.635
 30
0.0
  0
SEQEND
  8
FABBRICATI
  0
TEXT
  8
FABBRICATI
 62
7
 10
   48884.122
 20
   46499.723
 30
0.0
 40
       1.300
  1
31+
 50
       0.000
  0
POLYLINE
  8
FABBRICATI
 66
1
 10
0.0
 20
0.0
 30
0.0
 70
1
  0
VERTEX
  8
FABBRICATI
 10
   48871.909
 20
   46501.088
 30
0.0
  0
VERTEX
  8
FABBRICATI
 10
   48888.140
 20
   46491.121
 30
0.0
  0
VERTEX
  8
FABBRICATI
 10
   48890.623
 20
   46494.765
 30
0.0
  0
VERTEX
  8
FABBRICATI
 10
   48899.226
 20
   46507.484
 30
0.0
  0
VERTEX
  8
FABBRICATI
 10
   48904.493
 20
   46515.117
 30
0.0
  0
VERTEX
  8
FABBRICATI
 10
   48888.911
 20
   46526.107
 30
0.0
  0
VERTEX
  8
FABBRICATI
 10
   48871.909
 20
   46501.088
 30
0.0
  0
SEQEND
  8
FABBRICATI
  0
POLYLINE
  8
FABBRICATI
  6
INTERNA
 66
1
 10
0.0
 20
0.0
 30
0.0
 70
1
  0
VERTEX
  8
FABBRICATI
  6
INTERNA
 10
   48885.279
 20
   46503.907
 30
0.0
  0
VERTEX
  8
FABBRICATI
  6
INTERNA
 10
   48881.747
 20
   46506.116
 30
0.0
  0
VERTEX
  8
FABBRICATI
  6
INTERNA
 10
   48887.574
 20
   46514.451
 30
0.0
  0
VERTEX
  8
FABBRICATI
  6
INTERNA
 10
   48891.012
 20
   46512.208
 30
0.0
  0
VERTEX
  8
FABBRICATI
  6
INTERNA
 10
   48885.279
 20
   46503.907
 30
0.0
  0
SEQEND
  0
TEXT
  8
FABBRICATI
 62
7
 10
   48857.552
 20
   46508.209
 30
0.0
 40
       1.300
  1
327+
 50
       0.000
  0
POLYLINE
  8
FABBRICATI
 66
1
 10
0.0
 20
0.0
 30
0.0
 70
1
  0
VERTEX
  8
FABBRICATI
 10
   48853.095
 20
   46513.442
 30
0.0
  0
VERTEX
  8
FABBRICATI
 10
   48852.124
 20
   46513.130
 30
0.0
  0
VERTEX
  8
FABBRICATI
 10
   48854.666
 20
   46501.055
 30
0.0
  0
VERTEX
  8
FABBRICATI
 10
   48863.345
 20
   46502.691
 30
0.0
  0
VERTEX
  8
FABBRICATI
 10
   48860.101
 20
   46515.479
 30
0.0
  0
VERTEX
  8
FABBRICATI
 10
   48853.095
 20
   46513.442
 30
0.0
  0
SEQEND
  8
FABBRICATI
  0
TEXT
  8
FABBRICATI
 62
7
 10
   48844.629
 20
   46488.723
 30
0.0
 40
       1.300
  1
332+
 50
       0.000
  0
POLYLINE
  8
FABBRICATI
 66
1
 10
0.0
 20
0.0
 30
0.0
 70
1
  0
VERTEX
  8
FABBRICATI
 10
   48840.321
 20
   46493.421
 30
0.0
  0
VERTEX
  8
FABBRICATI
 10
   48841.664
 20
   46483.012
 30
0.0
  0
VERTEX
  8
FABBRICATI
 10
   48849.013
 20
   46483.889
 30
0.0
  0
VERTEX
  8
FABBRICATI
 10
   48847.472
 20
   46494.825
 30
0.0
  0
VERTEX
  8
FABBRICATI
 10
   48848.861
 20
   46494.941
 30
0.0
  0
VERTEX
  8
FABBRICATI
 10
   48848.367
 20
   46498.050
 30
0.0
  0
VERTEX
  8
FABBRICATI
 10
   48845.244
 20
   46497.607
 30
0.0
  0
VERTEX
  8
FABBRICATI
 10
   48845.654
 20
   46494.225
 30
0.0
  0
VERTEX
  8
FABBRICATI
 10
   48840.321
 20
   46493.421
 30
0.0
  0
SEQEND
  8
FABBRICATI
  0
TEXT
  8
FABBRICATI
 62
7
 10
   48863.729
 20
   46487.451
 30
0.0
 40
       1.300
  1
215+
 50
       0.000
  0
POLYLINE
  8
FABBRICATI
 66
1
 10
0.0
 20
0.0
 30
0.0
 70
1
  0
VERTEX
  8
FABBRICATI
 10
   48860.217
 20
   46488.488
 30
0.0
  0
VERTEX
  8
FABBRICATI
 10
   48857.347
 20
   46484.523
 30
0.0
  0
VERTEX
  8
FABBRICATI
 10
   48862.601
 20
   46480.095
 30
0.0
  0
VERTEX
  8
FABBRICATI
 10
   48871.885
 20
   46492.763
 30
0.0
  0
VERTEX
  8
FABBRICATI
 10
   48867.131
 20
   46495.629
 30
0.0
  0
VERTEX
  8
FABBRICATI
 10
   48861.504
 20
   46487.622
 30
0.0
  0
VERTEX
  8
FABBRICATI
 10
   48860.217
 20
   46488.488
 30
0.0
  0
SEQEND
  8
FABBRICATI
  0
TEXT
  8
FABBRICATI
 62
7
 10
   48846.009
 20
   46477.747
 30
0.0
 40
       1.300
  1
35+
 50
       0.000
  0
POLYLINE
  8
FABBRICATI
 66
1
 10
0.0
 20
0.0
 30
0.0
 70
1
  0
VERTEX
  8
FABBRICATI
 10
   48841.664
 20
   46483.012
 30
0.0
  0
VERTEX
  8
FABBRICATI
 10
   48842.970
 20
   46471.666
 30
0.0
  0
VERTEX
  8
FABBRICATI
 10
   48850.391
 20
   46472.387
 30
0.0
  0
VERTEX
  8
FABBRICATI
 10
   48849.013
 20
   46483.889
 30
0.0
  0
VERTEX
  8
FABBRICATI
 10
   48841.664
 20
   46483.012
 30
0.0
  0
SEQEND
  8
FABBRICATI
  0
TEXT
  8
FABBRICATI
 62
7
 10
   48947.101
 20
   46237.902
 30
0.0
 40
       1.300
  1
129+
 50
       0.000
  0
POLYLINE
  8
FABBRICATI
 66
1
 10
0.0
 20
0.0
 30
0.0
 70
1
  0
VERTEX
  8
FABBRICATI
 10
   48941.152
 20
   46236.811
 30
0.0
  0
VERTEX
  8
FABBRICATI
 10
   48938.723
 20
   46230.155
 30
0.0
  0
VERTEX
  8
FABBRICATI
 10
   48939.812
 20
   46229.746
 30
0.0
  0
VERTEX
  8
FABBRICATI
 10
   48948.077
 20
   46226.676
 30
0.0
  0
VERTEX
  8
FABBRICATI
 10
   48949.069
 20
   46229.873
 30
0.0
  0
VERTEX
  8
FABBRICATI
 10
   48955.909
 20
   46245.118
 30
0.0
  0
VERTEX
  8
FABBRICATI
 10
   48951.408
 20
   46247.198
 30
0.0
  0
VERTEX
  8
FABBRICATI
 10
   48946.484
 20
   46249.180
 30
0.0
  0
VERTEX
  8
FABBRICATI
 10
   48943.889
 20
   46243.892
 30
0.0
  0
VERTEX
  8
FABBRICATI
 10
   48942.143
 20
   46239.691
 30
0.0
  0
VERTEX
  8
FABBRICATI
 10
   48941.152
 20
   46236.811
 30
0.0
  0
SEQEND
  8
FABBRICATI
  0
TEXT
  8
FABBRICATI
 62
7
 10
   48790.613
 20
   46387.329
 30
0.0
 40
       1.300
  1
61+
 50
       0.000
  0
POLYLINE
  8
FABBRICATI
 66
1
 10
0.0
 20
0.0
 30
0.0
 70
1
  0
VERTEX
  8
FABBRICATI
 10
   48789.476
 20
   46390.892
 30
0.0
  0
VERTEX
  8
FABBRICATI
 10
   48789.270
 20
   46388.291
 30
0.0
  0
VERTEX
  8
FABBRICATI
 10
   48788.991
 20
   46383.949
 30
0.0
  0
VERTEX
  8
FABBRICATI
 10
   48791.817
 20
   46383.767
 30
0.0
  0
VERTEX
  8
FABBRICATI
 10
   48792.210
 20
   46390.698
 30
0.0
  0
VERTEX
  8
FABBRICATI
 10
   48789.476
 20
   46390.892
 30
0.0
  0
SEQEND
  8
FABBRICATI
  0
TEXT
  8
FABBRICATI
 62
7
 10
   48803.500
 20
   46391.280
 30
0.0
 40
       1.300
  1
61+
 50
       0.000
  0
POLYLINE
  8
FABBRICATI
 66
1
 10
0.0
 20
0.0
 30
0.0
 70
1
  0
VERTEX
  8
FABBRICATI
 10
   48800.125
 20
   46382.385
 30
0.0
  0
VERTEX
  8
FABBRICATI
 10
   48810.505
 20
   46385.253
 30
0.0
  0
VERTEX
  8
FABBRICATI
 10
   48809.176
 20
   46390.585
 30
0.0
  0
VERTEX
  8
FABBRICATI
 10
   48812.304
 20
   46391.267
 30
0.0
  0
VERTEX
  8
FABBRICATI
 10
   48811.825
 20
   46393.252
 30
0.0
  0
VERTEX
  8
FABBRICATI
 10
   48811.581
 20
   46394.222
 30
0.0
  0
VERTEX
  8
FABBRICATI
 10
   48808.468
 20
   46393.546
 30
0.0
  0
VERTEX
  8
FABBRICATI
 10
   48807.225
 20
   46398.924
 30
0.0
  0
VERTEX
  8
FABBRICATI
 10
   48794.365
 20
   46400.875
 30
0.0
  0
VERTEX
  8
FABBRICATI
 10
   48790.307
 20
   46401.545
 30
0.0
  0
VERTEX
  8
FABBRICATI
 10
   48790.284
 20
   46401.250
 30
0.0
  0
VERTEX
  8
FABBRICATI
 10
   48789.911
 20
   46396.385
 30
0.0
  0
VERTEX
  8
FABBRICATI
 10
   48793.088
 20
   46397.187
 30
0.0
  0
VERTEX
  8
FABBRICATI
 10
   48797.329
 20
   46381.630
 30
0.0
  0
VERTEX
  8
FABBRICATI
 10
   48799.210
 20
   46382.176
 30
0.0
  0
VERTEX
  8
FABBRICATI
 10
   48800.125
 20
   46382.385
 30
0.0
  0
SEQEND
  8
FABBRICATI
  0
TEXT
  8
FABBRICATI
 62
7
 10
   48807.020
 20
   46376.917
 30
0.0
 40
       1.300
  1
65+
 50
       0.000
  0
POLYLINE
  8
FABBRICATI
 66
1
 10
0.0
 20
0.0
 30
0.0
 70
1
  0
VERTEX
  8
FABBRICATI
 10
   48793.714
 20
   46377.824
 30
0.0
  0
VERTEX
  8
FABBRICATI
 10
   48797.826
 20
   46378.895
 30
0.0
  0
VERTEX
  8
FABBRICATI
 10
   48799.091
 20
   46373.442
 30
0.0
  0
VERTEX
  8
FABBRICATI
 10
   48795.055
 20
   46372.386
 30
0.0
  0
VERTEX
  8
FABBRICATI
 10
   48795.221
 20
   46371.712
 30
0.0
  0
VERTEX
  8
FABBRICATI
 10
   48796.251
 20
   46367.634
 30
0.0
  0
VERTEX
  8
FABBRICATI
 10
   48803.695
 20
   46369.806
 30
0.0
  0
VERTEX
  8
FABBRICATI
 10
   48816.632
 20
   46373.270
 30
0.0
  0
VERTEX
  8
FABBRICATI
 10
   48813.632
 20
   46385.762
 30
0.0
  0
VERTEX
  8
FABBRICATI
 10
   48810.505
 20
   46385.253
 30
0.0
  0
VERTEX
  8
FABBRICATI
 10
   48800.125
 20
   46382.385
 30
0.0
  0
VERTEX
  8
FABBRICATI
 10
   48799.210
 20
   46382.176
 30
0.0
  0
VERTEX
  8
FABBRICATI
 10
   48797.329
 20
   46381.630
 30
0.0
  0
VERTEX
  8
FABBRICATI
 10
   48793.078
 20
   46380.397
 30
0.0
  0
VERTEX
  8
FABBRICATI
 10
   48793.714
 20
   46377.824
 30
0.0
  0
SEQEND
  8
FABBRICATI
  0
TEXT
  8
FABBRICATI
 62
7
 10
   48944.105
 20
   46319.109
 30
0.0
 40
       1.300
  1
116+
 50
       0.000
  0
POLYLINE
  8
FABBRICATI
 66
1
 10
0.0
 20
0.0
 30
0.0
 70
1
  0
VERTEX
  8
FABBRICATI
 10
   48934.889
 20
   46313.510
 30
0.0
  0
VERTEX
  8
FABBRICATI
 10
   48932.811
 20
   46310.512
 30
0.0
  0
VERTEX
  8
FABBRICATI
 10
   48931.492
 20
   46308.639
 30
0.0
  0
VERTEX
  8
FABBRICATI
 10
   48941.110
 20
   46306.201
 30
0.0
  0
VERTEX
  8
FABBRICATI
 10
   48942.648
 20
   46308.448
 30
0.0
  0
VERTEX
  8
FABBRICATI
 10
   48940.720
 20
   46309.446
 30
0.0
  0
VERTEX
  8
FABBRICATI
 10
   48941.987
 20
   46312.692
 30
0.0
  0
VERTEX
  8
FABBRICATI
 10
   48944.532
 20
   46311.289
 30
0.0
  0
VERTEX
  8
FABBRICATI
 10
   48950.882
 20
   46320.875
 30
0.0
  0
VERTEX
  8
FABBRICATI
 10
   48947.964
 20
   46322.524
 30
0.0
  0
VERTEX
  8
FABBRICATI
 10
   48950.756
 20
   46330.078
 30
0.0
  0
VERTEX
  8
FABBRICATI
 10
   48955.155
 20
   46327.180
 30
0.0
  0
VERTEX
  8
FABBRICATI
 10
   48955.420
 20
   46327.553
 30
0.0
  0
VERTEX
  8
FABBRICATI
 10
   48947.740
 20
   46332.771
 30
0.0
  0
VERTEX
  8
FABBRICATI
 10
   48945.344
 20
   46329.221
 30
0.0
  0
VERTEX
  8
FABBRICATI
 10
   48940.857
 20
   46322.571
 30
0.0
  0
VERTEX
  8
FABBRICATI
 10
   48938.517
 20
   46319.142
 30
0.0
  0
VERTEX
  8
FABBRICATI
 10
   48937.274
 20
   46317.209
 30
0.0
  0
VERTEX
  8
FABBRICATI
 10
   48937.076
 20
   46316.902
 30
0.0
  0
VERTEX
  8
FABBRICATI
 10
   48934.889
 20
   46313.510
 30
0.0
  0
SEQEND
  8
FABBRICATI
  0
TEXT
  8
FABBRICATI
 62
7
 10
   49042.365
 20
   46354.755
 30
0.0
 40
       1.300
  1
143+
 50
       0.000
  0
POLYLINE
  8
FABBRICATI
 66
1
 10
0.0
 20
0.0
 30
0.0
 70
1
  0
VERTEX
  8
FABBRICATI
 10
   49036.073
 20
   46361.778
 30
0.0
  0
VERTEX
  8
FABBRICATI
 10
   49030.192
 20
   46352.927
 30
0.0
  0
VERTEX
  8
FABBRICATI
 10
   49043.719
 20
   46344.371
 30
0.0
  0
VERTEX
  8
FABBRICATI
 10
   49046.173
 20
   46347.275
 30
0.0
  0
VERTEX
  8
FABBRICATI
 10
   49054.509
 20
   46356.019
 30
0.0
  0
VERTEX
  8
FABBRICATI
 10
   49048.373
 20
   46360.249
 30
0.0
  0
VERTEX
  8
FABBRICATI
 10
   49039.190
 20
   46366.380
 30
0.0
  0
VERTEX
  8
FABBRICATI
 10
   49036.073
 20
   46361.778
 30
0.0
  0
SEQEND
  8
FABBRICATI
  0
TEXT
  8
FABBRICATI
 62
7
 10
   48910.256
 20
   46531.307
 30
0.0
 40
       1.300
  1
214+
 50
       0.000
  0
POLYLINE
  8
FABBRICATI
 66
1
 10
0.0
 20
0.0
 30
0.0
 70
1
  0
VERTEX
  8
FABBRICATI
 10
   48900.510
 20
   46525.464
 30
0.0
  0
VERTEX
  8
FABBRICATI
 10
   48908.579
 20
   46519.987
 30
0.0
  0
VERTEX
  8
FABBRICATI
 10
   48916.431
 20
   46531.785
 30
0.0
  0
VERTEX
  8
FABBRICATI
 10
   48920.000
 20
   46536.794
 30
0.0
  0
VERTEX
  8
FABBRICATI
 10
   48915.307
 20
   46540.015
 30
0.0
  0
VERTEX
  8
FABBRICATI
 10
   48911.756
 20
   46542.371
 30
0.0
  0
VERTEX
  8
FABBRICATI
 10
   48908.369
 20
   46537.273
 30
0.0
  0
VERTEX
  8
FABBRICATI
 10
   48900.510
 20
   46525.464
 30
0.0
  0
SEQEND
  8
FABBRICATI
  0
TEXT
  8
FABBRICATI
 62
7
 10
   48812.928
 20
   46528.013
 30
0.0
 40
       1.300
  1
15+
 50
       0.000
  0
POLYLINE
  8
FABBRICATI
 66
1
 10
0.0
 20
0.0
 30
0.0
 70
1
  0
VERTEX
  8
FABBRICATI
 10
   48806.512
 20
   46532.183
 30
0.0
  0
VERTEX
  8
FABBRICATI
 10
   48805.278
 20
   46530.390
 30
0.0
  0
VERTEX
  8
FABBRICATI
 10
   48807.864
 20
   46527.218
 30
0.0
  0
VERTEX
  8
FABBRICATI
 10
   48813.018
 20
   46520.555
 30
0.0
  0
VERTEX
  8
FABBRICATI
 10
   48813.375
 20
   46520.254
 30
0.0
  0
VERTEX
  8
FABBRICATI
 10
   48814.102
 20
   46521.113
 30
0.0
  0
VERTEX
  8
FABBRICATI
 10
   48818.994
 20
   46528.635
 30
0.0
  0
VERTEX
  8
FABBRICATI
 10
   48819.994
 20
   46530.381
 30
0.0
  0
VERTEX
  8
FABBRICATI
 10
   48814.993
 20
   46533.634
 30
0.0
  0
VERTEX
  8
FABBRICATI
 10
   48809.696
 20
   46536.773
 30
0.0
  0
VERTEX
  8
FABBRICATI
 10
   48806.512
 20
   46532.183
 30
0.0
  0
SEQEND
  8
FABBRICATI
  0
TEXT
  8
FABBRICATI
 62
7
 10
   48875.857
 20
   46520.268
 30
0.0
 40
       1.300
  1
213+
 50
       0.000
  0
POLYLINE
  8
FABBRICATI
 66
1
 10
0.0
 20
0.0
 30
0.0
 70
1
  0
VERTEX
  8
FABBRICATI
 10
   48867.262
 20
   46512.251
 30
0.0
  0
VERTEX
  8
FABBRICATI
 10
   48869.252
 20
   46506.771
 30
0.0
  0
VERTEX
  8
FABBRICATI
 10
   48884.653
 20
   46529.226
 30
0.0
  0
VERTEX
  8
FABBRICATI
 10
   48881.459
 20
   46531.398
 30
0.0
  0
VERTEX
  8
FABBRICATI
 10
   48867.262
 20
   46512.251
 30
0.0
  0
SEQEND
  8
FABBRICATI
  0
TEXT
  8
FABBRICATI
 62
7
 10
   48842.731
 20
   46502.028
 30
0.0
 40
       1.300
  1
33+
 50
       0.000
  0
POLYLINE
  8
FABBRICATI
 66
1
 10
0.0
 20
0.0
 30
0.0
 70
1
  0
VERTEX
  8
FABBRICATI
 10
   48834.758
 20
   46501.643
 30
0.0
  0
VERTEX
  8
FABBRICATI
 10
   48836.289
 20
   46494.265
 30
0.0
  0
VERTEX
  8
FABBRICATI
 10
   48840.321
 20
   46493.421
 30
0.0
  0
VERTEX
  8
FABBRICATI
 10
   48840.041
 20
   46495.465
 30
0.0
  0
VERTEX
  8
FABBRICATI
 10
   48839.850
 20
   46496.803
 30
0.0
  0
VERTEX
  8
FABBRICATI
 10
   48845.273
 20
   46499.461
 30
0.0
  0
VERTEX
  8
FABBRICATI
 10
   48850.123
 20
   46502.000
 30
0.0
  0
VERTEX
  8
FABBRICATI
 10
   48848.742
 20
   46509.466
 30
0.0
  0
VERTEX
  8
FABBRICATI
 10
   48839.660
 20
   46504.446
 30
0.0
  0
VERTEX
  8
FABBRICATI
 10
   48834.758
 20
   46501.643
 30
0.0
  0
SEQEND
  8
FABBRICATI
  0
TEXT
  8
FABBRICATI
 62
7
 10
   48856.527
 20
   46497.625
 30
0.0
 40
       1.300
  1
32+
 50
       0.000
  0
POLYLINE
  8
FABBRICATI
 66
1
 10
0.0
 20
0.0
 30
0.0
 70
1
  0
VERTEX
  8
FABBRICATI
 10
   48848.195
 20
   46499.045
 30
0.0
  0
VERTEX
  8
FABBRICATI
 10
   48848.367
 20
   46498.050
 30
0.0
  0
VERTEX
  8
FABBRICATI
 10
   48848.861
 20
   46494.941
 30
0.0
  0
VERTEX
  8
FABBRICATI
 10
   48849.443
 20
   46492.394
 30
0.0
  0
VERTEX
  8
FABBRICATI
 10
   48865.138
 20
   46495.495
 30
0.0
  0
VERTEX
  8
FABBRICATI
 10
   48864.349
 20
   46498.758
 30
0.0
  0
VERTEX
  8
FABBRICATI
 10
   48863.345
 20
   46502.691
 30
0.0
  0
VERTEX
  8
FABBRICATI
 10
   48854.666
 20
   46501.055
 30
0.0
  0
VERTEX
  8
FABBRICATI
 10
   48852.122
 20
   46500.635
 30
0.0
  0
VERTEX
  8
FABBRICATI
 10
   48848.195
 20
   46499.045
 30
0.0
  0
SEQEND
  8
FABBRICATI
  0
TEXT
  8
FABBRICATI
 62
7
 10
   48859.571
 20
   46460.184
 30
0.0
 40
       1.300
  1
39+
 50
       0.000
  0
POLYLINE
  8
FABBRICATI
 66
1
 10
0.0
 20
0.0
 30
0.0
 70
1
  0
VERTEX
  8
FABBRICATI
 10
   48857.378
 20
   46468.889
 30
0.0
  0
VERTEX
  8
FABBRICATI
 10
   48851.015
 20
   46458.727
 30
0.0
  0
VERTEX
  8
FABBRICATI
 10
   48861.467
 20
   46451.782
 30
0.0
  0
VERTEX
  8
FABBRICATI
 10
   48868.378
 20
   46461.890
 30
0.0
  0
VERTEX
  8
FABBRICATI
 10
   48857.378
 20
   46468.889
 30
0.0
  0
SEQEND
  8
FABBRICATI
  0
TEXT
  8
FABBRICATI
 62
7
 10
   48832.133
 20
   46455.550
 30
0.0
 40
       1.300
  1
37+
 50
       0.000
  0
POLYLINE
  8
FABBRICATI
 66
1
 10
0.0
 20
0.0
 30
0.0
 70
1
  0
VERTEX
  8
FABBRICATI
 10
   48817.660
 20
   46463.332
 30
0.0
  0
VERTEX
  8
FABBRICATI
 10
   48823.670
 20
   46454.811
 30
0.0
  0
VERTEX
  8
FABBRICATI
 10
   48823.953
 20
   46454.417
 30
0.0
  0
VERTEX
  8
FABBRICATI
 10
   48826.455
 20
   46450.947
 30
0.0
  0
VERTEX
  8
FABBRICATI
 10
   48829.608
 20
   46446.713
 30
0.0
  0
VERTEX
  8
FABBRICATI
 10
   48831.574
 20
   46448.694
 30
0.0
  0
VERTEX
  8
FABBRICATI
 10
   48835.995
 20
   46446.129
 30
0.0
  0
VERTEX
  8
FABBRICATI
 10
   48842.887
 20
   46454.219
 30
0.0
  0
VERTEX
  8
FABBRICATI
 10
   48832.413
 20
   46462.248
 30
0.0
  0
VERTEX
  8
FABBRICATI
 10
   48826.444
 20
   46466.492
 30
0.0
  0
VERTEX
  8
FABBRICATI
 10
   48816.132
 20
   46465.853
 30
0.0
  0
VERTEX
  8
FABBRICATI
 10
   48817.660
 20
   46463.332
 30
0.0
  0
SEQEND
  8
FABBRICATI
  0
TEXT
  8
FABBRICATI
 62
7
 10
   48852.703
 20
   46447.650
 30
0.0
 40
       1.300
  1
40+
 50
       0.000
  0
POLYLINE
  8
FABBRICATI
 66
1
 10
0.0
 20
0.0
 30
0.0
 70
1
  0
VERTEX
  8
FABBRICATI
 10
   48843.016
 20
   46451.426
 30
0.0
  0
VERTEX
  8
FABBRICATI
 10
   48845.542
 20
   46449.294
 30
0.0
  0
VERTEX
  8
FABBRICATI
 10
   48845.069
 20
   46448.475
 30
0.0
  0
VERTEX
  8
FABBRICATI
 10
   48855.505
 20
   46442.635
 30
0.0
  0
VERTEX
  8
FABBRICATI
 10
   48861.467
 20
   46451.782
 30
0.0
  0
VERTEX
  8
FABBRICATI
 10
   48851.015
 20
   46458.727
 30
0.0
  0
VERTEX
  8
FABBRICATI
 10
   48850.210
 20
   46459.154
 30
0.0
  0
VERTEX
  8
FABBRICATI
 10
   48849.399
 20
   46457.831
 30
0.0
  0
VERTEX
  8
FABBRICATI
 10
   48850.724
 20
   46456.835
 30
0.0
  0
VERTEX
  8
FABBRICATI
 10
   48848.942
 20
   46454.338
 30
0.0
  0
VERTEX
  8
FABBRICATI
 10
   48846.077
 20
   46456.163
 30
0.0
  0
VERTEX
  8
FABBRICATI
 10
   48843.016
 20
   46451.426
 30
0.0
  0
SEQEND
  8
FABBRICATI
  0
POLYLINE
  8
FABBRICATI
  6
INTERNA
 66
1
 10
0.0
 20
0.0
 30
0.0
 70
1
  0
VERTEX
  8
FABBRICATI
  6
INTERNA
 10
   48849.400
 20
   46451.281
 30
0.0
  0
VERTEX
  8
FABBRICATI
  6
INTERNA
 10
   48850.952
 20
   46453.567
 30
0.0
  0
VERTEX
  8
FABBRICATI
  6
INTERNA
 10
   48853.122
 20
   46452.178
 30
0.0
  0
VERTEX
  8
FABBRICATI
  6
INTERNA
 10
   48851.587
 20
   46449.865
 30
0.0
  0
VERTEX
  8
FABBRICATI
  6
INTERNA
 10
   48849.400
 20
   46451.281
 30
0.0
  0
SEQEND
  0
TEXT
  8
FABBRICATI
 62
7
 10
   49165.139
 20
   46070.309
 30
0.0
 40
       1.300
  1
202+
 50
       0.000
  0
POLYLINE
  8
FABBRICATI
 66
1
 10
0.0
 20
0.0
 30
0.0
 70
1
  0
VERTEX
  8
FABBRICATI
 10
   49161.878
 20
   46074.654
 30
0.0
  0
VERTEX
  8
FABBRICATI
 10
   49159.714
 20
   46069.106
 30
0.0
  0
VERTEX
  8
FABBRICATI
 10
   49168.378
 20
   46066.000
 30
0.0
  0
VERTEX
  8
FABBRICATI
 10
   49170.557
 20
   46071.472
 30
0.0
  0
VERTEX
  8
FABBRICATI
 10
   49162.667
 20
   46074.359
 30
0.0
  0
VERTEX
  8
FABBRICATI
 10
   49161.878
 20
   46074.654
 30
0.0
  0
SEQEND
  8
FABBRICATI
  0
TEXT
  8
FABBRICATI
 62
7
 10
   49090.065
 20
   46046.403
 30
0.0
 40
       1.300
  1
211+
 50
       0.000
  0
POLYLINE
  8
FABBRICATI
 66
1
 10
0.0
 20
0.0
 30
0.0
 70
1
  0
VERTEX
  8
FABBRICATI
 10
   49062.927
 20
   46046.210
 30
0.0
  0
VERTEX
  8
FABBRICATI
 10
   49058.999
 20
   46043.891
 30
0.0
  0
VERTEX
  8
FABBRICATI
 10
   49062.889
 20
   46042.228
 30
0.0
  0
VERTEX
  8
FABBRICATI
 10
   49064.807
 20
   46041.408
 30
0.0
  0
VERTEX
  8
FABBRICATI
 10
   49077.252
 20
   46036.128
 30
0.0
  0
VERTEX
  8
FABBRICATI
 10
   49087.689
 20
   46031.936
 30
0.0
  0
VERTEX
  8
FABBRICATI
 10
   49106.008
 20
   46024.149
 30
0.0
  0
VERTEX
  8
FABBRICATI
 10
   49111.950
 20
   46032.577
 30
0.0
  0
VERTEX
  8
FABBRICATI
 10
   49116.578
 20
   46041.801
 30
0.0
  0
VERTEX
  8
FABBRICATI
 10
   49117.962
 20
   46045.413
 30
0.0
  0
VERTEX
  8
FABBRICATI
 10
   49116.409
 20
   46047.623
 30
0.0
  0
VERTEX
  8
FABBRICATI
 10
   49115.473
 20
   46049.073
 30
0.0
  0
VERTEX
  8
FABBRICATI
 10
   49111.408
 20
   46055.077
 30
0.0
  0
VERTEX
  8
FABBRICATI
 10
   49101.998
 20
   46069.128
 30
0.0
  0
VERTEX
  8
FABBRICATI
 10
   49101.081
 20
   46068.638
 30
0.0
  0
VERTEX
  8
FABBRICATI
 10
   49093.511
 20
   46064.217
 30
0.0
  0
VERTEX
  8
FABBRICATI
 10
   49074.722
 20
   46053.244
 30
0.0
  0
VERTEX
  8
FABBRICATI
 10
   49062.927
 20
   46046.210
 30
0.0
  0
SEQEND
  8
FABBRICATI
  0
TEXT
  8
FABBRICATI
 62
7
 10
   49008.745
 20
   46307.923
 30
0.0
 40
       1.300
  1
138+
 50
       0.000
  0
POLYLINE
  8
FABBRICATI
 66
1
 10
0.0
 20
0.0
 30
0.0
 70
1
  0
VERTEX
  8
FABBRICATI
 10
   48997.618
 20
   46303.005
 30
0.0
  0
VERTEX
  8
FABBRICATI
 10
   48995.334
 20
   46299.441
 30
0.0
  0
VERTEX
  8
FABBRICATI
 10
   49004.926
 20
   46299.530
 30
0.0
  0
VERTEX
  8
FABBRICATI
 10
   49009.825
 20
   46297.453
 30
0.0
  0
VERTEX
  8
FABBRICATI
 10
   49019.827
 20
   46313.132
 30
0.0
  0
VERTEX
  8
FABBRICATI
 10
   49007.749
 20
   46317.792
 30
0.0
  0
VERTEX
  8
FABBRICATI
 10
   48997.618
 20
   46303.005
 30
0.0
  0
SEQEND
  8
FABBRICATI
  0
TEXT
  8
FABBRICATI
 62
7
 10
   48767.990
 20
   46438.361
 30
0.0
 40
       1.300
  1
49+
 50
       0.000
  0
POLYLINE
  8
FABBRICATI
 66
1
 10
0.0
 20
0.0
 30
0.0
 70
1
  0
VERTEX
  8
FABBRICATI
 10
   48762.073
 20
   46442.536
 30
0.0
  0
VERTEX
  8
FABBRICATI
 10
   48763.467
 20
   46436.628
 30
0.0
  0
VERTEX
  8
FABBRICATI
 10
   48766.457
 20
   46436.861
 30
0.0
  0
VERTEX
  8
FABBRICATI
 10
   48767.419
 20
   46432.518
 30
0.0
  0
VERTEX
  8
FABBRICATI
 10
   48774.156
 20
   46432.736
 30
0.0
  0
VERTEX
  8
FABBRICATI
 10
   48771.443
 20
   46445.106
 30
0.0
  0
VERTEX
  8
FABBRICATI
 10
   48762.073
 20
   46442.536
 30
0.0
  0
SEQEND
  8
FABBRICATI
  0
TEXT
  8
FABBRICATI
 62
7
 10
   49127.274
 20
   46204.606
 30
0.0
 40
       1.300
  1
273+
 50
       0.000
  0
POLYLINE
  8
FABBRICATI
 66
1
 10
0.0
 20
0.0
 30
0.0
 70
1
  0
VERTEX
  8
FABBRICATI
 10
   49118.437
 20
   46195.575
 30
0.0
  0
VERTEX
  8
FABBRICATI
 10
   49115.634
 20
   46196.726
 30
0.0
  0
VERTEX
  8
FABBRICATI
 10
   49114.609
 20
   46194.276
 30
0.0
  0
VERTEX
  8
FABBRICATI
 10
   49113.942
 20
   46192.671
 30
0.0
  0
VERTEX
  8
FABBRICATI
 10
   49116.786
 20
   46191.537
 30
0.0
  0
VERTEX
  8
FABBRICATI
 10
   49125.825
 20
   46188.007
 30
0.0
  0
VERTEX
  8
FABBRICATI
 10
   49134.198
 20
   46208.947
 30
0.0
  0
VERTEX
  8
FABBRICATI
 10
   49140.848
 20
   46225.221
 30
0.0
  0
VERTEX
  8
FABBRICATI
 10
   49132.245
 20
   46228.871
 30
0.0
  0
VERTEX
  8
FABBRICATI
 10
   49131.441
 20
   46226.722
 30
0.0
  0
VERTEX
  8
FABBRICATI
 10
   49128.491
 20
   46227.968
 30
0.0
  0
VERTEX
  8
FABBRICATI
 10
   49127.745
 20
   46226.195
 30
0.0
  0
VERTEX
  8
FABBRICATI
 10
   49130.683
 20
   46224.861
 30
0.0
  0
VERTEX
  8
FABBRICATI
 10
   49130.220
 20
   46223.717
 30
0.0
  0
VERTEX
  8
FABBRICATI
 10
   49127.281
 20
   46225.000
 30
0.0
  0
VERTEX
  8
FABBRICATI
 10
   49126.185
 20
   46222.395
 30
0.0
  0
VERTEX
  8
FABBRICATI
 10
   49129.121
 20
   46221.129
 30
0.0
  0
VERTEX
  8
FABBRICATI
 10
   49126.622
 20
   46215.354
 30
0.0
  0
VERTEX
  8
FABBRICATI
 10
   49124.390
 20
   46210.010
 30
0.0
  0
VERTEX
  8
FABBRICATI
 10
   49122.223
 20
   46204.940
 30
0.0
  0
VERTEX
  8
FABBRICATI
 10
   49118.914
 20
   46196.816
 30
0.0
  0
VERTEX
  8
FABBRICATI
 10
   49118.437
 20
   46195.575
 30
0.0
  0
SEQEND
  8
FABBRICATI
  0
TEXT
  8
FABBRICATI
 62
7
 10
   49016.390
 20
   46320.759
 30
0.0
 40
       1.300
  1
140+
 50
       0.000
  0
POLYLINE
  8
FABBRICATI
 66
1
 10
0.0
 20
0.0
 30
0.0
 70
1
  0
VERTEX
  8
FABBRICATI
 10
   49014.353
 20
   46327.559
 30
0.0
  0
VERTEX
  8
FABBRICATI
 10
   49007.749
 20
   46317.792
 30
0.0
  0
VERTEX
  8
FABBRICATI
 10
   49019.827
 20
   46313.132
 30
0.0
  0
VERTEX
  8
FABBRICATI
 10
   49024.170
 20
   46323.455
 30
0.0
  0
VERTEX
  8
FABBRICATI
 10
   49014.353
 20
   46327.559
 30
0.0
  0
SEQEND
  8
FABBRICATI
  0
TEXT
  8
FABBRICATI
 62
7
 10
   48958.955
 20
   46265.305
 30
0.0
 40
       1.300
  1
128+
 50
       0.000
  0
POLYLINE
  8
FABBRICATI
 66
1
 10
0.0
 20
0.0
 30
0.0
 70
1
  0
VERTEX
  8
FABBRICATI
 10
   48951.001
 20
   46259.839
 30
0.0
  0
VERTEX
  8
FABBRICATI
 10
   48950.750
 20
   46257.808
 30
0.0
  0
VERTEX
  8
FABBRICATI
 10
   48959.614
 20
   46254.307
 30
0.0
  0
VERTEX
  8
FABBRICATI
 10
   48962.495
 20
   46261.965
 30
0.0
  0
VERTEX
  8
FABBRICATI
 10
   48966.880
 20
   46273.175
 30
0.0
  0
VERTEX
  8
FABBRICATI
 10
   48957.411
 20
   46276.479
 30
0.0
  0
VERTEX
  8
FABBRICATI
 10
   48954.968
 20
   46270.317
 30
0.0
  0
VERTEX
  8
FABBRICATI
 10
   48956.038
 20
   46268.687
 30
0.0
  0
VERTEX
  8
FABBRICATI
 10
   48954.155
 20
   46265.377
 30
0.0
  0
VERTEX
  8
FABBRICATI
 10
   48951.001
 20
   46259.839
 30
0.0
  0
SEQEND
  8
FABBRICATI
  0
TEXT
  8
FIDUCIALI
 10
   49064.090
 20
   46212.202
 30
0.0
 40
       2.000
  1
3
 50
       0.000
  0
INSERT
  8
FIDUCIALI
  2
20
 10
   49064.090
 20
   46212.202
 30
0.0
 50
0.0
  0
TEXT
  8
FIDUCIALI
 10
   49160.093
 20
   46233.205
 30
0.0
 40
       2.000
  1
4
 50
       0.000
  0
INSERT
  8
FIDUCIALI
  2
20
 10
   49160.093
 20
   46233.205
 30
0.0
 50
0.0
  0
TEXT
  8
FIDUCIALI
 10
   48791.490
 20
   46621.711
 30
0.0
 40
       2.000
  1
1
 50
       0.000
  0
INSERT
  8
FIDUCIALI
  2
20
 10
   48791.490
 20
   46621.711
 30
0.0
 50
0.0
  0
TEXT
  8
FIDUCIALI
 10
   49071.971
 20
   46432.573
 30
0.0
 40
       2.000
  1
2
 50
       0.000
  0
INSERT
  8
FIDUCIALI
  2
20
 10
   49071.971
 20
   46432.573
 30
0.0
 50
0.0
  0
POLYLINE
  8
LINEEVARIE
 66
1
 10
0.0
 20
0.0
 30
0.0
  0
VERTEX
  8
LINEEVARIE
  6
CONTINUA
 10
   48906.890
 20
   46549.375
 30
0.0
  0
VERTEX
  8
LINEEVARIE
  6
CONTINUA
 10
   48909.322
 20
   46547.724
 30
0.0
  0
VERTEX
  8
LINEEVARIE
  6
CONTINUA
 10
   48909.855
 20
   46548.528
 30
0.0
  0
VERTEX
  8
LINEEVARIE
  6
CONTINUA
 10
   48909.907
 20
   46548.492
 30
0.0
  0
SEQEND
  0
POLYLINE
  8
LINEEVARIE
 66
1
 10
0.0
 20
0.0
 30
0.0
  0
VERTEX
  8
LINEEVARIE
  6
CONTINUA
 10
   48904.362
 20
   46553.622
 30
0.0
  0
VERTEX
  8
LINEEVARIE
  6
CONTINUA
 10
   48911.710
 20
   46548.701
 30
0.0
  0
SEQEND
  0
POLYLINE
  8
LINEEVARIE
  6
TRATTEGGIATA5
 66
1
 10
0.0
 20
0.0
 30
0.0
  0
VERTEX
  8
LINEEVARIE
  6
TRATTEGGIATA5
 10
   49105.767
 20
   46171.571
 30
0.0
  0
VERTEX
  8
LINEEVARIE
  6
TRATTEGGIATA5
 10
   49108.432
 20
   46170.325
 30
0.0
  0
SEQEND
  0
POLYLINE
  8
LINEEVARIE
  6
TRATTEGGIATA5
 66
1
 10
0.0
 20
0.0
 30
0.0
  0
VERTEX
  8
LINEEVARIE
  6
TRATTEGGIATA5
 10
   49301.451
 20
   46309.346
 30
0.0
  0
VERTEX
  8
LINEEVARIE
  6
TRATTEGGIATA5
 10
   49292.156
 20
   46315.494
 30
0.0
  0
VERTEX
  8
LINEEVARIE
  6
TRATTEGGIATA5
 10
   49290.782
 20
   46315.281
 30
0.0
  0
VERTEX
  8
LINEEVARIE
  6
TRATTEGGIATA5
 10
   49290.146
 20
   46314.325
 30
0.0
  0
VERTEX
  8
LINEEVARIE
  6
TRATTEGGIATA5
 10
   49290.307
 20
   46313.579
 30
0.0
  0
VERTEX
  8
LINEEVARIE
  6
TRATTEGGIATA5
 10
   49291.156
 20
   46312.575
 30
0.0
  0
VERTEX
  8
LINEEVARIE
  6
TRATTEGGIATA5
 10
   49299.495
 20
   46306.850
 30
0.0
  0
SEQEND
  0
POLYLINE
  8
LINEEVARIE
  6
TRATTEGGIATA5
 66
1
 10
0.0
 20
0.0
 30
0.0
  0
VERTEX
  8
LINEEVARIE
  6
TRATTEGGIATA5
 10
   49300.795
 20
   46289.471
 30
0.0
  0
VERTEX
  8
LINEEVARIE
  6
TRATTEGGIATA5
 10
   49281.677
 20
   46302.767
 30
0.0
  0
VERTEX
  8
LINEEVARIE
  6
TRATTEGGIATA5
 10
   49280.410
 20
   46299.694
 30
0.0
  0
VERTEX
  8
LINEEVARIE
  6
TRATTEGGIATA5
 10
   49270.747
 20
   46275.141
 30
0.0
  0
VERTEX
  8
LINEEVARIE
  6
TRATTEGGIATA5
 10
   49261.260
 20
   46251.684
 30
0.0
  0
VERTEX
  8
LINEEVARIE
  6
TRATTEGGIATA5
 10
   49254.232
 20
   46234.158
 30
0.0
  0
VERTEX
  8
LINEEVARIE
  6
TRATTEGGIATA5
 10
   49258.693
 20
   46230.943
 30
0.0
  0
VERTEX
  8
LINEEVARIE
  6
TRATTEGGIATA5
 10
   49267.368
 20
   46224.840
 30
0.0
  0
SEQEND
  0
POLYLINE
  8
LINEEVARIE
  6
TRATTEGGIATA5
 66
1
 10
0.0
 20
0.0
 30
0.0
  0
VERTEX
  8
LINEEVARIE
  6
TRATTEGGIATA5
 10
   49129.926
 20
   46103.320
 30
0.0
  0
VERTEX
  8
LINEEVARIE
  6
TRATTEGGIATA5
 10
   49153.854
 20
   46093.753
 30
0.0
  0
VERTEX
  8
LINEEVARIE
  6
TRATTEGGIATA5
 10
   49179.203
 20
   46083.690
 30
0.0
  0
VERTEX
  8
LINEEVARIE
  6
TRATTEGGIATA5
 10
   49176.064
 20
   46075.962
 30
0.0
  0
VERTEX
  8
LINEEVARIE
  6
TRATTEGGIATA5
 10
   49163.193
 20
   46043.892
 30
0.0
  0
VERTEX
  8
LINEEVARIE
  6
TRATTEGGIATA5
 10
   49152.480
 20
   46018.464
 30
0.0
  0
VERTEX
  8
LINEEVARIE
  6
TRATTEGGIATA5
 10
   49138.452
 20
   45983.805
 30
0.0
  0
VERTEX
  8
LINEEVARIE
  6
TRATTEGGIATA5
 10
   49134.137
 20
   45972.879
 30
0.0
  0
VERTEX
  8
LINEEVARIE
  6
TRATTEGGIATA5
 10
   49131.226
 20
   45974.009
 30
0.0
  0
SEQEND
  0
POLYLINE
  8
LINEEVARIE
  6
TRATTEGGIATA5
 66
1
 10
0.0
 20
0.0
 30
0.0
  0
VERTEX
  8
LINEEVARIE
  6
TRATTEGGIATA5
 10
   49129.441
 20
   45970.153
 30
0.0
  0
VERTEX
  8
LINEEVARIE
  6
TRATTEGGIATA5
 10
   49132.758
 20
   45968.943
 30
0.0
  0
VERTEX
  8
LINEEVARIE
  6
TRATTEGGIATA5
 10
   49127.235
 20
   45954.365
 30
0.0
  0
VERTEX
  8
LINEEVARIE
  6
TRATTEGGIATA5
 10
   49116.334
 20
   45926.443
 30
0.0
  0
VERTEX
  8
LINEEVARIE
  6
TRATTEGGIATA5
 10
   49102.372
 20
   45891.614
 30
0.0
  0
VERTEX
  8
LINEEVARIE
  6
TRATTEGGIATA5
 10
   49092.710
 20
   45868.252
 30
0.0
  0
SEQEND
  0
POLYLINE
  8
LINEEVARIE
  6
TRATTEGGIATA5
 66
1
 10
0.0
 20
0.0
 30
0.0
  0
VERTEX
  8
LINEEVARIE
  6
TRATTEGGIATA5
 10
   49081.350
 20
   45890.405
 30
0.0
  0
VERTEX
  8
LINEEVARIE
  6
TRATTEGGIATA5
 10
   49094.867
 20
   45885.346
 30
0.0
  0
SEQEND
  0
POLYLINE
  8
LINEEVARIE
  6
TRATTEGGIATA5
 66
1
 10
0.0
 20
0.0
 30
0.0
  0
VERTEX
  8
LINEEVARIE
  6
TRATTEGGIATA5
 10
   48981.620
 20
   46394.483
 30
0.0
  0
VERTEX
  8
LINEEVARIE
  6
TRATTEGGIATA5
 10
   48962.687
 20
   46399.627
 30
0.0
  0
VERTEX
  8
LINEEVARIE
  6
TRATTEGGIATA5
 10
   48949.805
 20
   46409.130
 30
0.0
  0
SEQEND
  0
POLYLINE
  8
LINEEVARIE
  6
TRATTEGGIATA5
 66
1
 10
0.0
 20
0.0
 30
0.0
  0
VERTEX
  8
LINEEVARIE
  6
TRATTEGGIATA5
 10
   48981.234
 20
   46393.598
 30
0.0
  0
VERTEX
  8
LINEEVARIE
  6
TRATTEGGIATA5
 10
   48980.744
 20
   46393.132
 30
0.0
  0
VERTEX
  8
LINEEVARIE
  6
TRATTEGGIATA5
 10
   48961.676
 20
   46398.275
 30
0.0
  0
SEQEND
  0
POLYLINE
  8
LINEEVARIE
  6
TRATTEGGIATA5
 66
1
 10
0.0
 20
0.0
 30
0.0
  0
VERTEX
  8
LINEEVARIE
  6
TRATTEGGIATA5
 10
   49239.342
 20
   46242.184
 30
0.0
  0
VERTEX
  8
LINEEVARIE
  6
TRATTEGGIATA5
 10
   49242.501
 20
   46241.082
 30
0.0
  0
VERTEX
  8
LINEEVARIE
  6
TRATTEGGIATA5
 10
   49240.264
 20
   46235.451
 30
0.0
  0
VERTEX
  8
LINEEVARIE
  6
TRATTEGGIATA5
 10
   49234.020
 20
   46219.406
 30
0.0
  0
VERTEX
  8
LINEEVARIE
  6
TRATTEGGIATA5
 10
   49223.220
 20
   46192.407
 30
0.0
  0
VERTEX
  8
LINEEVARIE
  6
TRATTEGGIATA5
 10
   49211.105
 20
   46161.839
 30
0.0
  0
VERTEX
  8
LINEEVARIE
  6
TRATTEGGIATA5
 10
   49200.259
 20
   46134.278
 30
0.0
  0
VERTEX
  8
LINEEVARIE
  6
TRATTEGGIATA5
 10
   49188.529
 20
   46104.819
 30
0.0
  0
VERTEX
  8
LINEEVARIE
  6
TRATTEGGIATA5
 10
   49182.356
 20
   46089.660
 30
0.0
  0
VERTEX
  8
LINEEVARIE
  6
TRATTEGGIATA5
 10
   49167.395
 20
   46095.782
 30
0.0
  0
VERTEX
  8
LINEEVARIE
  6
TRATTEGGIATA5
 10
   49120.567
 20
   46115.191
 30
0.0
  0
VERTEX
  8
LINEEVARIE
  6
TRATTEGGIATA5
 10
   49113.169
 20
   46118.375
 30
0.0
  0
SEQEND
  0
POLYLINE
  8
LINEEVARIE
  6
TRATTEGGIATA5
 66
1
 10
0.0
 20
0.0
 30
0.0
  0
VERTEX
  8
LINEEVARIE
  6
TRATTEGGIATA5
 10
   49099.825
 20
   46155.939
 30
0.0
  0
VERTEX
  8
LINEEVARIE
  6
TRATTEGGIATA5
 10
   49102.638
 20
   46154.685
 30
0.0
  0
SEQEND
  0
POLYLINE
  8
LINEEVARIE
  6
TRATTEGGIATA5
 66
1
 10
0.0
 20
0.0
 30
0.0
  0
VERTEX
  8
LINEEVARIE
  6
TRATTEGGIATA5
 10
   49108.175
 20
   46178.247
 30
0.0
  0
VERTEX
  8
LINEEVARIE
  6
TRATTEGGIATA5
 10
   49111.071
 20
   46177.047
 30
0.0
  0
SEQEND
  0
POLYLINE
  8
LINEEVARIE
  6
TRATTEGGIATA5
 66
1
 10
0.0
 20
0.0
 30
0.0
  0
VERTEX
  8
LINEEVARIE
  6
TRATTEGGIATA5
 10
   49106.657
 20
   46174.198
 30
0.0
  0
VERTEX
  8
LINEEVARIE
  6
TRATTEGGIATA5
 10
   49109.556
 20
   46172.863
 30
0.0
  0
SEQEND
  0
POLYLINE
  8
LINEEVARIE
  6
TRATTEGGIATA5
 66
1
 10
0.0
 20
0.0
 30
0.0
  0
VERTEX
  8
LINEEVARIE
  6
TRATTEGGIATA5
 10
   49103.121
 20
   46164.756
 30
0.0
  0
VERTEX
  8
LINEEVARIE
  6
TRATTEGGIATA5
 10
   49105.931
 20
   46163.534
 30
0.0
  0
SEQEND
  0
POLYLINE
  8
LINEEVARIE
  6
TRATTEGGIATA5
 66
1
 10
0.0
 20
0.0
 30
0.0
  0
VERTEX
  8
LINEEVARIE
  6
TRATTEGGIATA5
 10
   49098.881
 20
   46144.877
 30
0.0
  0
VERTEX
  8
LINEEVARIE
  6
TRATTEGGIATA5
 10
   49113.154
 20
   46182.257
 30
0.0
  0
SEQEND
  0
POLYLINE
  8
LINEEVARIE
  6
TRATTEGGIATA5
 66
1
 10
0.0
 20
0.0
 30
0.0
  0
VERTEX
  8
LINEEVARIE
  6
TRATTEGGIATA5
 10
   48761.916
 20
   46432.300
 30
0.0
  0
VERTEX
  8
LINEEVARIE
  6
TRATTEGGIATA5
 10
   48774.158
 20
   46432.728
 30
0.0
  0
SEQEND
  0
POLYLINE
  8
LINEEVARIE
  6
TRATTEGGIATA5
 66
1
 10
0.0
 20
0.0
 30
0.0
  0
VERTEX
  8
LINEEVARIE
  6
TRATTEGGIATA5
 10
   49116.791
 20
   46191.537
 30
0.0
  0
VERTEX
  8
LINEEVARIE
  6
TRATTEGGIATA5
 10
   49132.197
 20
   46228.890
 30
0.0
  0
SEQEND
  0
POLYLINE
  8
LINEEVARIE
  6
TRATTEGGIATA5
 66
1
 10
0.0
 20
0.0
 30
0.0
  0
VERTEX
  8
LINEEVARIE
  6
TRATTEGGIATA5
 10
   49127.254
 20
   46224.935
 30
0.0
  0
VERTEX
  8
LINEEVARIE
  6
TRATTEGGIATA5
 10
   49130.135
 20
   46223.692
 30
0.0
  0
SEQEND
  0
POLYLINE
  8
LINEEVARIE
  6
TRATTEGGIATA5
 66
1
 10
0.0
 20
0.0
 30
0.0
  0
VERTEX
  8
LINEEVARIE
  6
TRATTEGGIATA5
 10
   49106.400
 20
   45841.282
 30
0.0
  0
VERTEX
  8
LINEEVARIE
  6
TRATTEGGIATA5
 10
   49096.660
 20
   45848.300
 30
0.0
  0
VERTEX
  8
LINEEVARIE
  6
TRATTEGGIATA5
 10
   49103.697
 20
   45864.406
 30
0.0
  0
VERTEX
  8
LINEEVARIE
  6
TRATTEGGIATA5
 10
   49114.842
 20
   45890.906
 30
0.0
  0
VERTEX
  8
LINEEVARIE
  6
TRATTEGGIATA5
 10
   49121.720
 20
   45907.512
 30
0.0
  0
VERTEX
  8
LINEEVARIE
  6
TRATTEGGIATA5
 10
   49127.155
 20
   45919.014
 30
0.0
  0
VERTEX
  8
LINEEVARIE
  6
TRATTEGGIATA5
 10
   49138.868
 20
   45910.321
 30
0.0
  0
VERTEX
  8
LINEEVARIE
  6
TRATTEGGIATA5
 10
   49149.173
 20
   45902.785
 30
0.0
  0
SEQEND
  0
POLYLINE
  8
LINEEVARIE
  6
TRATTEGGIATA5
 66
1
 10
0.0
 20
0.0
 30
0.0
  0
VERTEX
  8
LINEEVARIE
  6
TRATTEGGIATA5
 10
   49212.350
 20
   46129.705
 30
0.0
  0
VERTEX
  8
LINEEVARIE
  6
TRATTEGGIATA5
 10
   49213.556
 20
   46132.981
 30
0.0
  0
VERTEX
  8
LINEEVARIE
  6
TRATTEGGIATA5
 10
   49218.343
 20
   46143.767
 30
0.0
  0
VERTEX
  8
LINEEVARIE
  6
TRATTEGGIATA5
 10
   49226.445
 20
   46162.089
 30
0.0
  0
VERTEX
  8
LINEEVARIE
  6
TRATTEGGIATA5
 10
   49227.883
 20
   46162.431
 30
0.0
  0
VERTEX
  8
LINEEVARIE
  6
TRATTEGGIATA5
 10
   49237.521
 20
   46155.718
 30
0.0
  0
VERTEX
  8
LINEEVARIE
  6
TRATTEGGIATA5
 10
   49237.744
 20
   46154.609
 30
0.0
  0
VERTEX
  8
LINEEVARIE
  6
TRATTEGGIATA5
 10
   49236.809
 20
   46152.721
 30
0.0
  0
VERTEX
  8
LINEEVARIE
  6
TRATTEGGIATA5
 10
   49224.514
 20
   46135.016
 30
0.0
  0
VERTEX
  8
LINEEVARIE
  6
TRATTEGGIATA5
 10
   49218.051
 20
   46125.859
 30
0.0
  0
VERTEX
  8
LINEEVARIE
  6
TRATTEGGIATA5
 10
   49215.395
 20
   46126.619
 30
0.0
  0
VERTEX
  8
LINEEVARIE
  6
TRATTEGGIATA5
 10
   49212.398
 20
   46129.594
 30
0.0
  0
SEQEND
  0
POLYLINE
  8
LINEEVARIE
  6
TRATTEGGIATA5
 66
1
 10
0.0
 20
0.0
 30
0.0
  0
VERTEX
  8
LINEEVARIE
  6
TRATTEGGIATA5
 10
   49209.357
 20
   46346.774
 30
0.0
  0
VERTEX
  8
LINEEVARIE
  6
TRATTEGGIATA5
 10
   49233.160
 20
   46331.000
 30
0.0
  0
VERTEX
  8
LINEEVARIE
  6
TRATTEGGIATA5
 10
   49241.760
 20
   46325.142
 30
0.0
  0
VERTEX
  8
LINEEVARIE
  6
TRATTEGGIATA5
 10
   49245.558
 20
   46321.926
 30
0.0
  0
VERTEX
  8
LINEEVARIE
  6
TRATTEGGIATA5
 10
   49249.550
 20
   46317.753
 30
0.0
  0
VERTEX
  8
LINEEVARIE
  6
TRATTEGGIATA5
 10
   49252.715
 20
   46313.511
 30
0.0
  0
VERTEX
  8
LINEEVARIE
  6
TRATTEGGIATA5
 10
   49255.749
 20
   46308.376
 30
0.0
  0
VERTEX
  8
LINEEVARIE
  6
TRATTEGGIATA5
 10
   49258.359
 20
   46302.742
 30
0.0
  0
VERTEX
  8
LINEEVARIE
  6
TRATTEGGIATA5
 10
   49259.050
 20
   46298.737
 30
0.0
  0
VERTEX
  8
LINEEVARIE
  6
TRATTEGGIATA5
 10
   49259.490
 20
   46291.607
 30
0.0
  0
VERTEX
  8
LINEEVARIE
  6
TRATTEGGIATA5
 10
   49259.564
 20
   46286.753
 30
0.0
  0
VERTEX
  8
LINEEVARIE
  6
TRATTEGGIATA5
 10
   49258.739
 20
   46282.050
 30
0.0
  0
VERTEX
  8
LINEEVARIE
  6
TRATTEGGIATA5
 10
   49256.081
 20
   46274.830
 30
0.0
  0
VERTEX
  8
LINEEVARIE
  6
TRATTEGGIATA5
 10
   49249.734
 20
   46258.949
 30
0.0
  0
VERTEX
  8
LINEEVARIE
  6
TRATTEGGIATA5
 10
   49246.102
 20
   46250.041
 30
0.0
  0
VERTEX
  8
LINEEVARIE
  6
TRATTEGGIATA5
 10
   49229.867
 20
   46256.282
 30
0.0
  0
SEQEND
  0
POLYLINE
  8
LINEEVARIE
  6
TRATTO-PUNTO
 66
1
 10
0.0
 20
0.0
 30
0.0
  0
VERTEX
  8
LINEEVARIE
  6
TRATTO-PUNTO
 10
   48818.343
 20
   46446.882
 30
0.0
  0
VERTEX
  8
LINEEVARIE
  6
TRATTO-PUNTO
 10
   48830.880
 20
   46443.636
 30
0.0
  0
VERTEX
  8
LINEEVARIE
  6
TRATTO-PUNTO
 10
   48819.645
 20
   46459.169
 30
0.0
  0
VERTEX
  8
LINEEVARIE
  6
TRATTO-PUNTO
 10
   48815.277
 20
   46465.833
 30
0.0
  0
VERTEX
  8
LINEEVARIE
  6
TRATTO-PUNTO
 10
   48814.859
 20
   46478.154
 30
0.0
  0
SEQEND
  0
POLYLINE
  8
LINEEVARIE
  6
TRATTO-PUNTO
 66
1
 10
0.0
 20
0.0
 30
0.0
  0
VERTEX
  8
LINEEVARIE
  6
TRATTO-PUNTO
 10
   49236.734
 20
   46373.438
 30
0.0
  0
VERTEX
  8
LINEEVARIE
  6
TRATTO-PUNTO
 10
   49242.730
 20
   46383.540
 30
0.0
  0
SEQEND
  0
POLYLINE
  8
LINEEVARIE
  6
TRATTO-PUNTO
 66
1
 10
0.0
 20
0.0
 30
0.0
  0
VERTEX
  8
LINEEVARIE
  6
TRATTO-PUNTO
 10
   49242.290
 20
   46385.846
 30
0.0
  0
VERTEX
  8
LINEEVARIE
  6
TRATTO-PUNTO
 10
   49244.909
 20
   46390.130
 30
0.0
  0
SEQEND
  0
POLYLINE
  8
LINEEVARIE
 66
1
 10
0.0
 20
0.0
 30
0.0
  0
VERTEX
  8
LINEEVARIE
  6
CONTINUA
 10
   48937.478
 20
   46564.920
 30
0.0
  0
VERTEX
  8
LINEEVARIE
  6
CONTINUA
 10
   48943.114
 20
   46573.139
 30
0.0
  0
VERTEX
  8
LINEEVARIE
  6
CONTINUA
 10
   48951.478
 20
   46567.586
 30
0.0
  0
VERTEX
  8
LINEEVARIE
  6
CONTINUA
 10
   48967.770
 20
   46556.662
 30
0.0
  0
VERTEX
  8
LINEEVARIE
  6
CONTINUA
 10
   48977.636
 20
   46550.040
 30
0.0
  0
VERTEX
  8
LINEEVARIE
  6
CONTINUA
 10
   48978.498
 20
   46551.301
 30
0.0
  0
VERTEX
  8
LINEEVARIE
  6
CONTINUA
 10
   48979.593
 20
   46551.735
 30
0.0
  0
VERTEX
  8
LINEEVARIE
  6
CONTINUA
 10
   48981.151
 20
   46551.893
 30
0.0
  0
VERTEX
  8
LINEEVARIE
  6
CONTINUA
 10
   48985.140
 20
   46549.119
 30
0.0
  0
VERTEX
  8
LINEEVARIE
  6
CONTINUA
 10
   48985.610
 20
   46547.001
 30
0.0
  0
VERTEX
  8
LINEEVARIE
  6
CONTINUA
 10
   48984.513
 20
   46545.235
 30
0.0
  0
VERTEX
  8
LINEEVARIE
  6
CONTINUA
 10
   48988.616
 20
   46542.419
 30
0.0
  0
VERTEX
  8
LINEEVARIE
  6
CONTINUA
 10
   48995.940
 20
   46537.591
 30
0.0
  0
VERTEX
  8
LINEEVARIE
  6
CONTINUA
 10
   49007.381
 20
   46530.074
 30
0.0
  0
VERTEX
  8
LINEEVARIE
  6
CONTINUA
 10
   49030.121
 20
   46514.378
 30
0.0
  0
VERTEX
  8
LINEEVARIE
  6
CONTINUA
 10
   49029.620
 20
   46513.730
 30
0.0
  0
VERTEX
  8
LINEEVARIE
  6
CONTINUA
 10
   49044.999
 20
   46504.750
 30
0.0
  0
VERTEX
  8
LINEEVARIE
  6
CONTINUA
 10
   49045.081
 20
   46503.692
 30
0.0
  0
VERTEX
  8
LINEEVARIE
  6
CONTINUA
 10
   49060.804
 20
   46492.923
 30
0.0
  0
VERTEX
  8
LINEEVARIE
  6
CONTINUA
 10
   49081.992
 20
   46478.623
 30
0.0
  0
VERTEX
  8
LINEEVARIE
  6
CONTINUA
 10
   49095.949
 20
   46469.297
 30
0.0
  0
VERTEX
  8
LINEEVARIE
  6
CONTINUA
 10
   49113.241
 20
   46457.551
 30
0.0
  0
VERTEX
  8
LINEEVARIE
  6
CONTINUA
 10
   49131.322
 20
   46445.173
 30
0.0
  0
VERTEX
  8
LINEEVARIE
  6
CONTINUA
 10
   49141.061
 20
   46438.599
 30
0.0
  0
VERTEX
  8
LINEEVARIE
  6
CONTINUA
 10
   49152.547
 20
   46430.796
 30
0.0
  0
VERTEX
  8
LINEEVARIE
  6
CONTINUA
 10
   49172.640
 20
   46417.355
 30
0.0
  0
VERTEX
  8
LINEEVARIE
  6
CONTINUA
 10
   49193.598
 20
   46403.010
 30
0.0
  0
VERTEX
  8
LINEEVARIE
  6
CONTINUA
 10
   49213.810
 20
   46388.730
 30
0.0
  0
VERTEX
  8
LINEEVARIE
  6
CONTINUA
 10
   49216.287
 20
   46387.097
 30
0.0
  0
VERTEX
  8
LINEEVARIE
  6
CONTINUA
 10
   49218.547
 20
   46390.048
 30
0.0
  0
VERTEX
  8
LINEEVARIE
  6
CONTINUA
 10
   49219.292
 20
   46389.536
 30
0.0
  0
VERTEX
  8
LINEEVARIE
  6
CONTINUA
 10
   49224.365
 20
   46394.764
 30
0.0
  0
SEQEND
  0
POLYLINE
  8
LINEEVARIE
  6
TRATTO-PUNTO
 66
1
 10
0.0
 20
0.0
 30
0.0
  0
VERTEX
  8
LINEEVARIE
  6
TRATTO-PUNTO
 10
   49145.000
 20
   45902.555
 30
0.0
  0
VERTEX
  8
LINEEVARIE
  6
TRATTO-PUNTO
 10
   49130.022
 20
   45914.150
 30
0.0
  0
SEQEND
  0
POLYLINE
  8
LINEEVARIE
  6
TRATTO-PUNTO
 66
1
 10
0.0
 20
0.0
 30
0.0
  0
VERTEX
  8
LINEEVARIE
  6
TRATTO-PUNTO
 10
   48766.330
 20
   46600.143
 30
0.0
  0
VERTEX
  8
LINEEVARIE
  6
TRATTO-PUNTO
 10
   48763.585
 20
   46595.936
 30
0.0
  0
SEQEND
  0
POLYLINE
  8
LINEEVARIE
  6
TRATTO-PUNTO
 66
1
 10
0.0
 20
0.0
 30
0.0
  0
VERTEX
  8
LINEEVARIE
  6
TRATTO-PUNTO
 10
   48763.140
 20
   46594.412
 30
0.0
  0
VERTEX
  8
LINEEVARIE
  6
TRATTO-PUNTO
 10
   48764.323
 20
   46589.848
 30
0.0
  0
SEQEND
  0
POLYLINE
  8
LINEEVARIE
  6
TRATTO-PUNTO
 66
1
 10
0.0
 20
0.0
 30
0.0
  0
VERTEX
  8
LINEEVARIE
  6
TRATTO-PUNTO
 10
   48764.752
 20
   46588.218
 30
0.0
  0
VERTEX
  8
LINEEVARIE
  6
TRATTO-PUNTO
 10
   48768.048
 20
   46576.479
 30
0.0
  0
SEQEND
  0
POLYLINE
  8
LINEEVARIE
  6
TRATTO-PUNTO
 66
1
 10
0.0
 20
0.0
 30
0.0
  0
VERTEX
  8
LINEEVARIE
  6
TRATTO-PUNTO
 10
   48998.731
 20
   46041.276
 30
0.0
  0
VERTEX
  8
LINEEVARIE
  6
TRATTO-PUNTO
 10
   49003.921
 20
   46053.065
 30
0.0
  0
SEQEND
  0
POLYLINE
  8
LINEEVARIE
  6
TRATTO-PUNTO
 66
1
 10
0.0
 20
0.0
 30
0.0
  0
VERTEX
  8
LINEEVARIE
  6
TRATTO-PUNTO
 10
   48802.726
 20
   46296.860
 30
0.0
  0
VERTEX
  8
LINEEVARIE
  6
TRATTO-PUNTO
 10
   48797.684
 20
   46309.580
 30
0.0
  0
SEQEND
  0
POLYLINE
  8
LINEEVARIE
  6
TRATTO-PUNTO
 66
1
 10
0.0
 20
0.0
 30
0.0
  0
VERTEX
  8
LINEEVARIE
  6
TRATTO-PUNTO
 10
   48788.243
 20
   46387.996
 30
0.0
  0
VERTEX
  8
LINEEVARIE
  6
TRATTO-PUNTO
 10
   48789.240
 20
   46401.460
 30
0.0
  0
VERTEX
  8
LINEEVARIE
  6
TRATTO-PUNTO
 10
   48776.375
 20
   46405.076
 30
0.0
  0
SEQEND
  0
POLYLINE
  8
LINEEVARIE
  6
TRATTO-PUNTO
 66
1
 10
0.0
 20
0.0
 30
0.0
  0
VERTEX
  8
LINEEVARIE
  6
TRATTO-PUNTO
 10
   48776.181
 20
   46616.035
 30
0.0
  0
VERTEX
  8
LINEEVARIE
  6
TRATTO-PUNTO
 10
   48782.144
 20
   46625.398
 30
0.0
  0
SEQEND
  0
POLYLINE
  8
LINEEVARIE
 66
1
 10
0.0
 20
0.0
 30
0.0
  0
VERTEX
  8
LINEEVARIE
  6
CONTINUA
 10
   49226.903
 20
   46389.457
 30
0.0
  0
VERTEX
  8
LINEEVARIE
  6
CONTINUA
 10
   49223.820
 20
   46382.618
 30
0.0
  0
VERTEX
  8
LINEEVARIE
  6
CONTINUA
 10
   49230.848
 20
   46377.708
 30
0.0
  0
VERTEX
  8
LINEEVARIE
  6
CONTINUA
 10
   49235.980
 20
   46374.260
 30
0.0
  0
VERTEX
  8
LINEEVARIE
  6
CONTINUA
 10
   49241.252
 20
   46382.915
 30
0.0
  0
VERTEX
  8
LINEEVARIE
  6
CONTINUA
 10
   49241.764
 20
   46383.803
 30
0.0
  0
VERTEX
  8
LINEEVARIE
  6
CONTINUA
 10
   49240.711
 20
   46384.866
 30
0.0
  0
VERTEX
  8
LINEEVARIE
  6
CONTINUA
 10
   49245.479
 20
   46392.862
 30
0.0
  0
SEQEND
  0
POLYLINE
  8
LINEEVARIE
 66
1
 10
0.0
 20
0.0
 30
0.0
  0
VERTEX
  8
LINEEVARIE
  6
CONTINUA
 10
   48776.107
 20
   46647.474
 30
0.0
  0
VERTEX
  8
LINEEVARIE
  6
CONTINUA
 10
   48796.071
 20
   46634.651
 30
0.0
  0
VERTEX
  8
LINEEVARIE
  6
CONTINUA
 10
   48796.948
 20
   46635.684
 30
0.0
  0
VERTEX
  8
LINEEVARIE
  6
CONTINUA
 10
   48799.016
 20
   46633.987
 30
0.0
  0
VERTEX
  8
LINEEVARIE
  6
CONTINUA
 10
   48805.696
 20
   46628.594
 30
0.0
  0
VERTEX
  8
LINEEVARIE
  6
CONTINUA
 10
   48807.409
 20
   46627.181
 30
0.0
  0
VERTEX
  8
LINEEVARIE
  6
CONTINUA
 10
   48814.105
 20
   46623.646
 30
0.0
  0
VERTEX
  8
LINEEVARIE
  6
CONTINUA
 10
   48813.039
 20
   46621.785
 30
0.0
  0
VERTEX
  8
LINEEVARIE
  6
CONTINUA
 10
   48827.184
 20
   46614.792
 30
0.0
  0
VERTEX
  8
LINEEVARIE
  6
CONTINUA
 10
   48827.605
 20
   46615.430
 30
0.0
  0
VERTEX
  8
LINEEVARIE
  6
CONTINUA
 10
   48834.922
 20
   46610.078
 30
0.0
  0
VERTEX
  8
LINEEVARIE
  6
CONTINUA
 10
   48848.266
 20
   46600.227
 30
0.0
  0
VERTEX
  8
LINEEVARIE
  6
CONTINUA
 10
   48849.724
 20
   46601.962
 30
0.0
  0
VERTEX
  8
LINEEVARIE
  6
CONTINUA
 10
   48852.717
 20
   46599.843
 30
0.0
  0
VERTEX
  8
LINEEVARIE
  6
CONTINUA
 10
   48862.114
 20
   46593.592
 30
0.0
  0
VERTEX
  8
LINEEVARIE
  6
CONTINUA
 10
   48874.058
 20
   46585.610
 30
0.0
  0
VERTEX
  8
LINEEVARIE
  6
CONTINUA
 10
   48891.459
 20
   46573.915
 30
0.0
  0
VERTEX
  8
LINEEVARIE
  6
CONTINUA
 10
   48899.851
 20
   46568.295
 30
0.0
  0
VERTEX
  8
LINEEVARIE
  6
CONTINUA
 10
   48911.128
 20
   46560.435
 30
0.0
  0
VERTEX
  8
LINEEVARIE
  6
CONTINUA
 10
   48926.897
 20
   46549.621
 30
0.0
  0
VERTEX
  8
LINEEVARIE
  6
CONTINUA
 10
   48930.168
 20
   46554.392
 30
0.0
  0
VERTEX
  8
LINEEVARIE
  6
CONTINUA
 10
   48937.478
 20
   46564.920
 30
0.0
  0
SEQEND
  0
POLYLINE
  8
LINEEVARIE
 66
1
 10
0.0
 20
0.0
 30
0.0
  0
VERTEX
  8
LINEEVARIE
  6
CONTINUA
 10
   48783.428
 20
   46625.553
 30
0.0
  0
VERTEX
  8
LINEEVARIE
  6
CONTINUA
 10
   48769.018
 20
   46634.840
 30
0.0
  0
SEQEND
  0
POLYLINE
  8
LINEEVARIE
 66
1
 10
0.0
 20
0.0
 30
0.0
  0
VERTEX
  8
LINEEVARIE
  6
CONTINUA
 10
   48764.008
 20
   46594.894
 30
0.0
  0
VERTEX
  8
LINEEVARIE
  6
CONTINUA
 10
   48751.025
 20
   46602.710
 30
0.0
  0
SEQEND
  0
POLYLINE
  8
LINEEVARIE
 66
1
 10
0.0
 20
0.0
 30
0.0
  0
VERTEX
  8
LINEEVARIE
  6
CONTINUA
 10
   48765.599
 20
   46589.108
 30
0.0
  0
VERTEX
  8
LINEEVARIE
  6
CONTINUA
 10
   48752.477
 20
   46587.689
 30
0.0
  0
SEQEND
  0
POLYLINE
  8
LINEEVARIE
 66
1
 10
0.0
 20
0.0
 30
0.0
  0
VERTEX
  8
LINEEVARIE
  6
CONTINUA
 10
   48746.463
 20
   46591.398
 30
0.0
  0
VERTEX
  8
LINEEVARIE
  6
CONTINUA
 10
   48760.009
 20
   46591.971
 30
0.0
  0
VERTEX
  8
LINEEVARIE
  6
CONTINUA
 10
   48749.024
 20
   46598.698
 30
0.0
  0
SEQEND
  0
POLYLINE
  8
LINEEVARIE
 66
1
 10
0.0
 20
0.0
 30
0.0
  0
VERTEX
  8
LINEEVARIE
  6
CONTINUA
 10
   48815.958
 20
   46488.223
 30
0.0
  0
VERTEX
  8
LINEEVARIE
  6
CONTINUA
 10
   48813.220
 20
   46490.104
 30
0.0
  0
SEQEND
  0
POLYLINE
  8
LINEEVARIE
  6
TRATTEGGIATA5
 66
1
 10
0.0
 20
0.0
 30
0.0
  0
VERTEX
  8
LINEEVARIE
  6
TRATTEGGIATA5
 10
   49123.836
 20
   46216.643
 30
0.0
  0
VERTEX
  8
LINEEVARIE
  6
TRATTEGGIATA5
 10
   49126.606
 20
   46215.469
 30
0.0
  0
SEQEND
  0
POLYLINE
  8
LINEEVARIE
  6
TRATTEGGIATA5
 66
1
 10
0.0
 20
0.0
 30
0.0
  0
VERTEX
  8
LINEEVARIE
  6
TRATTEGGIATA5
 10
   49121.590
 20
   46211.230
 30
0.0
  0
VERTEX
  8
LINEEVARIE
  6
TRATTEGGIATA5
 10
   49124.224
 20
   46210.080
 30
0.0
  0
SEQEND
  0
POLYLINE
  8
LINEEVARIE
  6
TRATTEGGIATA5
 66
1
 10
0.0
 20
0.0
 30
0.0
  0
VERTEX
  8
LINEEVARIE
  6
TRATTEGGIATA5
 10
   49119.461
 20
   46206.097
 30
0.0
  0
VERTEX
  8
LINEEVARIE
  6
TRATTEGGIATA5
 10
   49122.208
 20
   46204.964
 30
0.0
  0
SEQEND
  0
POLYLINE
  8
LINEEVARIE
  6
TRATTEGGIATA5
 66
1
 10
0.0
 20
0.0
 30
0.0
  0
VERTEX
  8
LINEEVARIE
  6
TRATTEGGIATA5
 10
   49116.133
 20
   46198.001
 30
0.0
  0
VERTEX
  8
LINEEVARIE
  6
TRATTEGGIATA5
 10
   49118.889
 20
   46196.777
 30
0.0
  0
SEQEND
  0
POLYLINE
  8
LINEEVARIE
 66
1
 10
0.0
 20
0.0
 30
0.0
  0
VERTEX
  8
LINEEVARIE
  6
CONTINUA
 10
   48910.526
 20
   46548.642
 30
0.0
  0
VERTEX
  8
LINEEVARIE
  6
CONTINUA
 10
   48911.441
 20
   46548.320
 30
0.0
  0
SEQEND
  0
POLYLINE
  8
LINEEVARIE
  6
TRATTEGGIATA5
 66
1
 10
0.0
 20
0.0
 30
0.0
  0
VERTEX
  8
LINEEVARIE
  6
TRATTEGGIATA5
 10
   49153.316
 20
   45910.600
 30
0.0
  0
VERTEX
  8
LINEEVARIE
  6
TRATTEGGIATA5
 10
   49150.400
 20
   45911.948
 30
0.0
  0
VERTEX
  8
LINEEVARIE
  6
TRATTEGGIATA5
 10
   49146.307
 20
   45914.874
 30
0.0
  0
VERTEX
  8
LINEEVARIE
  6
TRATTEGGIATA5
 10
   49144.597
 20
   45916.411
 30
0.0
  0
VERTEX
  8
LINEEVARIE
  6
TRATTEGGIATA5
 10
   49143.149
 20
   45918.847
 30
0.0
  0
VERTEX
  8
LINEEVARIE
  6
TRATTEGGIATA5
 10
   49140.982
 20
   45922.391
 30
0.0
  0
VERTEX
  8
LINEEVARIE
  6
TRATTEGGIATA5
 10
   49140.198
 20
   45923.944
 30
0.0
  0
VERTEX
  8
LINEEVARIE
  6
TRATTEGGIATA5
 10
   49138.849
 20
   45927.112
 30
0.0
  0
VERTEX
  8
LINEEVARIE
  6
TRATTEGGIATA5
 10
   49137.530
 20
   45932.591
 30
0.0
  0
VERTEX
  8
LINEEVARIE
  6
TRATTEGGIATA5
 10
   49136.929
 20
   45937.726
 30
0.0
  0
VERTEX
  8
LINEEVARIE
  6
TRATTEGGIATA5
 10
   49137.063
 20
   45940.300
 30
0.0
  0
VERTEX
  8
LINEEVARIE
  6
TRATTEGGIATA5
 10
   49138.009
 20
   45944.105
 30
0.0
  0
VERTEX
  8
LINEEVARIE
  6
TRATTEGGIATA5
 10
   49138.954
 20
   45947.754
 30
0.0
  0
VERTEX
  8
LINEEVARIE
  6
TRATTEGGIATA5
 10
   49143.307
 20
   45959.575
 30
0.0
  0
VERTEX
  8
LINEEVARIE
  6
TRATTEGGIATA5
 10
   49144.638
 20
   45962.676
 30
0.0
  0
VERTEX
  8
LINEEVARIE
  6
TRATTEGGIATA5
 10
   49154.955
 20
   45990.037
 30
0.0
  0
VERTEX
  8
LINEEVARIE
  6
TRATTEGGIATA5
 10
   49164.504
 20
   46012.337
 30
0.0
  0
VERTEX
  8
LINEEVARIE
  6
TRATTEGGIATA5
 10
   49175.207
 20
   46038.402
 30
0.0
  0
VERTEX
  8
LINEEVARIE
  6
TRATTEGGIATA5
 10
   49187.433
 20
   46069.374
 30
0.0
  0
VERTEX
  8
LINEEVARIE
  6
TRATTEGGIATA5
 10
   49191.623
 20
   46079.909
 30
0.0
  0
VERTEX
  8
LINEEVARIE
  6
TRATTEGGIATA5
 10
   49205.587
 20
   46070.499
 30
0.0
  0
SEQEND
  0
POLYLINE
  8
LINEEVARIE
  6
TRATTEGGIATA5
 66
1
 10
0.0
 20
0.0
 30
0.0
  0
VERTEX
  8
LINEEVARIE
  6
TRATTEGGIATA5
 10
   49209.775
 20
   46077.012
 30
0.0
  0
VERTEX
  8
LINEEVARIE
  6
TRATTEGGIATA5
 10
   49198.360
 20
   46084.991
 30
0.0
  0
VERTEX
  8
LINEEVARIE
  6
TRATTEGGIATA5
 10
   49212.709
 20
   46104.737
 30
0.0
  0
VERTEX
  8
LINEEVARIE
  6
TRATTEGGIATA5
 10
   49219.514
 20
   46114.187
 30
0.0
  0
VERTEX
  8
LINEEVARIE
  6
TRATTEGGIATA5
 10
   49228.874
 20
   46107.306
 30
0.0
  0
SEQEND
  0
POLYLINE
  8
LINEEVARIE
  6
TRATTEGGIATA5
 66
1
 10
0.0
 20
0.0
 30
0.0
  0
VERTEX
  8
LINEEVARIE
  6
TRATTEGGIATA5
 10
   49234.171
 20
   46113.822
 30
0.0
  0
VERTEX
  8
LINEEVARIE
  6
TRATTEGGIATA5
 10
   49224.695
 20
   46120.924
 30
0.0
  0
VERTEX
  8
LINEEVARIE
  6
TRATTEGGIATA5
 10
   49230.321
 20
   46129.274
 30
0.0
  0
VERTEX
  8
LINEEVARIE
  6
TRATTEGGIATA5
 10
   49244.075
 20
   46149.248
 30
0.0
  0
SEQEND
  0
POLYLINE
  8
LINEEVARIE
  6
TRATTEGGIATA5
 66
1
 10
0.0
 20
0.0
 30
0.0
  0
VERTEX
  8
LINEEVARIE
  6
TRATTEGGIATA5
 10
   49087.414
 20
   45855.431
 30
0.0
  0
VERTEX
  8
LINEEVARIE
  6
TRATTEGGIATA5
 10
   49079.880
 20
   45838.885
 30
0.0
  0
SEQEND
  0
POLYLINE
  8
LINEEVARIE
 66
1
 10
0.0
 20
0.0
 30
0.0
  0
VERTEX
  8
LINEEVARIE
  6
CONTINUA
 10
   48815.941
 20
   46491.334
 30
0.0
  0
VERTEX
  8
LINEEVARIE
  6
CONTINUA
 10
   48813.685
 20
   46492.624
 30
0.0
  0
SEQEND
  0
POLYLINE
  8
LINEEVARIE
 66
1
 10
0.0
 20
0.0
 30
0.0
  0
VERTEX
  8
LINEEVARIE
  6
CONTINUA
 10
   49319.489
 20
   46332.380
 30
0.0
  0
VERTEX
  8
LINEEVARIE
  6
CONTINUA
 10
   49313.070
 20
   46322.268
 30
0.0
  0
VERTEX
  8
LINEEVARIE
  6
CONTINUA
 10
   49324.689
 20
   46314.522
 30
0.0
  0
SEQEND
  0
POLYLINE
  8
LINEEVARIE
 66
1
 10
0.0
 20
0.0
 30
0.0
  0
VERTEX
  8
LINEEVARIE
  6
CONTINUA
 10
   49299.990
 20
   46287.291
 30
0.0
  0
VERTEX
  8
LINEEVARIE
  6
CONTINUA
 10
   49283.612
 20
   46298.245
 30
0.0
  0
VERTEX
  8
LINEEVARIE
  6
CONTINUA
 10
   49278.171
 20
   46284.887
 30
0.0
  0
VERTEX
  8
LINEEVARIE
  6
CONTINUA
 10
   49275.729
 20
   46278.690
 30
0.0
  0
VERTEX
  8
LINEEVARIE
  6
CONTINUA
 10
   49272.209
 20
   46269.914
 30
0.0
  0
VERTEX
  8
LINEEVARIE
  6
CONTINUA
 10
   49271.072
 20
   46267.235
 30
0.0
  0
VERTEX
  8
LINEEVARIE
  6
CONTINUA
 10
   49269.927
 20
   46267.637
 30
0.0
  0
VERTEX
  8
LINEEVARIE
  6
CONTINUA
 10
   49266.582
 20
   46258.831
 30
0.0
  0
VERTEX
  8
LINEEVARIE
  6
CONTINUA
 10
   49263.344
 20
   46250.691
 30
0.0
  0
VERTEX
  8
LINEEVARIE
  6
CONTINUA
 10
   49263.746
 20
   46249.234
 30
0.0
  0
VERTEX
  8
LINEEVARIE
  6
CONTINUA
 10
   49262.555
 20
   46246.368
 30
0.0
  0
VERTEX
  8
LINEEVARIE
  6
CONTINUA
 10
   49257.919
 20
   46234.812
 30
0.0
  0
VERTEX
  8
LINEEVARIE
  6
CONTINUA
 10
   49259.638
 20
   46233.706
 30
0.0
  0
VERTEX
  8
LINEEVARIE
  6
CONTINUA
 10
   49268.166
 20
   46227.659
 30
0.0
  0
SEQEND
  0
POLYLINE
  8
LINEEVARIE
 66
1
 10
0.0
 20
0.0
 30
0.0
  0
VERTEX
  8
LINEEVARIE
  6
CONTINUA
 10
   49262.703
 20
   46214.407
 30
0.0
  0
VERTEX
  8
LINEEVARIE
  6
CONTINUA
 10
   49252.607
 20
   46221.165
 30
0.0
  0
VERTEX
  8
LINEEVARIE
  6
CONTINUA
 10
   49249.596
 20
   46213.820
 30
0.0
  0
VERTEX
  8
LINEEVARIE
  6
CONTINUA
 10
   49244.390
 20
   46200.900
 30
0.0
  0
VERTEX
  8
LINEEVARIE
  6
CONTINUA
 10
   49238.991
 20
   46187.676
 30
0.0
  0
VERTEX
  8
LINEEVARIE
  6
CONTINUA
 10
   49233.846
 20
   46175.032
 30
0.0
  0
VERTEX
  8
LINEEVARIE
  6
CONTINUA
 10
   49232.933
 20
   46172.833
 30
0.0
  0
VERTEX
  8
LINEEVARIE
  6
CONTINUA
 10
   49242.594
 20
   46165.758
 30
0.0
  0
SEQEND
  0
POLYLINE
  8
LINEEVARIE
 66
1
 10
0.0
 20
0.0
 30
0.0
  0
VERTEX
  8
LINEEVARIE
  6
CONTINUA
 10
   49253.057
 20
   46142.577
 30
0.0
  0
VERTEX
  8
LINEEVARIE
  6
CONTINUA
 10
   49245.906
 20
   46147.503
 30
0.0
  0
VERTEX
  8
LINEEVARIE
  6
CONTINUA
 10
   49243.320
 20
   46143.646
 30
0.0
  0
VERTEX
  8
LINEEVARIE
  6
CONTINUA
 10
   49230.739
 20
   46125.488
 30
0.0
  0
VERTEX
  8
LINEEVARIE
  6
CONTINUA
 10
   49228.137
 20
   46121.891
 30
0.0
  0
VERTEX
  8
LINEEVARIE
  6
CONTINUA
 10
   49235.935
 20
   46116.020
 30
0.0
  0
SEQEND
  0
POLYLINE
  8
LINEEVARIE
 66
1
 10
0.0
 20
0.0
 30
0.0
  0
VERTEX
  8
LINEEVARIE
  6
CONTINUA
 10
   49227.407
 20
   46104.976
 30
0.0
  0
VERTEX
  8
LINEEVARIE
  6
CONTINUA
 10
   49219.613
 20
   46110.672
 30
0.0
  0
VERTEX
  8
LINEEVARIE
  6
CONTINUA
 10
   49217.202
 20
   46107.230
 30
0.0
  0
VERTEX
  8
LINEEVARIE
  6
CONTINUA
 10
   49202.719
 20
   46086.179
 30
0.0
  0
VERTEX
  8
LINEEVARIE
  6
CONTINUA
 10
   49212.168
 20
   46079.548
 30
0.0
  0
SEQEND
  0
POLYLINE
  8
LINEEVARIE
 66
1
 10
0.0
 20
0.0
 30
0.0
  0
VERTEX
  8
LINEEVARIE
  6
CONTINUA
 10
   49204.921
 20
   46069.467
 30
0.0
  0
VERTEX
  8
LINEEVARIE
  6
CONTINUA
 10
   49192.167
 20
   46077.914
 30
0.0
  0
VERTEX
  8
LINEEVARIE
  6
CONTINUA
 10
   49186.066
 20
   46062.568
 30
0.0
  0
VERTEX
  8
LINEEVARIE
  6
CONTINUA
 10
   49175.132
 20
   46034.770
 30
0.0
  0
VERTEX
  8
LINEEVARIE
  6
CONTINUA
 10
   49163.831
 20
   46008.149
 30
0.0
  0
VERTEX
  8
LINEEVARIE
  6
CONTINUA
 10
   49159.225
 20
   45997.226
 30
0.0
  0
VERTEX
  8
LINEEVARIE
  6
CONTINUA
 10
   49167.672
 20
   45991.400
 30
0.0
  0
VERTEX
  8
LINEEVARIE
  6
CONTINUA
 10
   49166.892
 20
   45989.499
 30
0.0
  0
VERTEX
  8
LINEEVARIE
  6
CONTINUA
 10
   49165.129
 20
   45988.016
 30
0.0
  0
VERTEX
  8
LINEEVARIE
  6
CONTINUA
 10
   49157.215
 20
   45985.550
 30
0.0
  0
VERTEX
  8
LINEEVARIE
  6
CONTINUA
 10
   49156.467
 20
   45983.911
 30
0.0
  0
VERTEX
  8
LINEEVARIE
  6
CONTINUA
 10
   49152.022
 20
   45972.414
 30
0.0
  0
VERTEX
  8
LINEEVARIE
  6
CONTINUA
 10
   49146.975
 20
   45959.399
 30
0.0
  0
VERTEX
  8
LINEEVARIE
  6
CONTINUA
 10
   49148.399
 20
   45958.794
 30
0.0
  0
VERTEX
  8
LINEEVARIE
  6
CONTINUA
 10
   49146.991
 20
   45954.738
 30
0.0
  0
VERTEX
  8
LINEEVARIE
  6
CONTINUA
 10
   49145.501
 20
   45955.316
 30
0.0
  0
VERTEX
  8
LINEEVARIE
  6
CONTINUA
 10
   49144.620
 20
   45953.012
 30
0.0
  0
VERTEX
  8
LINEEVARIE
  6
CONTINUA
 10
   49142.076
 20
   45946.080
 30
0.0
  0
VERTEX
  8
LINEEVARIE
  6
CONTINUA
 10
   49141.110
 20
   45943.027
 30
0.0
  0
VERTEX
  8
LINEEVARIE
  6
CONTINUA
 10
   49140.728
 20
   45939.433
 30
0.0
  0
VERTEX
  8
LINEEVARIE
  6
CONTINUA
 10
   49140.507
 20
   45937.555
 30
0.0
  0
VERTEX
  8
LINEEVARIE
  6
CONTINUA
 10
   49140.523
 20
   45936.180
 30
0.0
  0
VERTEX
  8
LINEEVARIE
  6
CONTINUA
 10
   49140.682
 20
   45934.379
 30
0.0
  0
VERTEX
  8
LINEEVARIE
  6
CONTINUA
 10
   49141.661
 20
   45929.765
 30
0.0
  0
VERTEX
  8
LINEEVARIE
  6
CONTINUA
 10
   49141.989
 20
   45928.362
 30
0.0
  0
VERTEX
  8
LINEEVARIE
  6
CONTINUA
 10
   49142.704
 20
   45926.654
 30
0.0
  0
VERTEX
  8
LINEEVARIE
  6
CONTINUA
 10
   49143.977
 20
   45923.958
 30
0.0
  0
VERTEX
  8
LINEEVARIE
  6
CONTINUA
 10
   49146.160
 20
   45920.319
 30
0.0
  0
VERTEX
  8
LINEEVARIE
  6
CONTINUA
 10
   49148.885
 20
   45917.082
 30
0.0
  0
VERTEX
  8
LINEEVARIE
  6
CONTINUA
 10
   49150.740
 20
   45915.539
 30
0.0
  0
VERTEX
  8
LINEEVARIE
  6
CONTINUA
 10
   49154.420
 20
   45913.094
 30
0.0
  0
SEQEND
  0
POLYLINE
  8
LINEEVARIE
 66
1
 10
0.0
 20
0.0
 30
0.0
  0
VERTEX
  8
LINEEVARIE
  6
CONTINUA
 10
   49148.172
 20
   45899.479
 30
0.0
  0
VERTEX
  8
LINEEVARIE
  6
CONTINUA
 10
   49129.436
 20
   45913.399
 30
0.0
  0
VERTEX
  8
LINEEVARIE
  6
CONTINUA
 10
   49124.118
 20
   45902.082
 30
0.0
  0
VERTEX
  8
LINEEVARIE
  6
CONTINUA
 10
   49123.358
 20
   45900.442
 30
0.0
  0
VERTEX
  8
LINEEVARIE
  6
CONTINUA
 10
   49116.907
 20
   45884.411
 30
0.0
  0
VERTEX
  8
LINEEVARIE
  6
CONTINUA
 10
   49110.770
 20
   45869.501
 30
0.0
  0
VERTEX
  8
LINEEVARIE
  6
CONTINUA
 10
   49103.565
 20
   45851.964
 30
0.0
  0
VERTEX
  8
LINEEVARIE
  6
CONTINUA
 10
   49102.013
 20
   45848.265
 30
0.0
  0
VERTEX
  8
LINEEVARIE
  6
CONTINUA
 10
   49105.817
 20
   45845.503
 30
0.0
  0
VERTEX
  8
LINEEVARIE
  6
CONTINUA
 10
   49108.052
 20
   45844.250
 30
0.0
  0
VERTEX
  8
LINEEVARIE
  6
CONTINUA
 10
   49115.208
 20
   45839.641
 30
0.0
  0
SEQEND
  0
POLYLINE
  8
LINEEVARIE
 66
1
 10
0.0
 20
0.0
 30
0.0
  0
VERTEX
  8
LINEEVARIE
  6
CONTINUA
 10
   49099.499
 20
   45832.445
 30
0.0
  0
VERTEX
  8
LINEEVARIE
  6
CONTINUA
 10
   49089.980
 20
   45835.757
 30
0.0
  0
VERTEX
  8
LINEEVARIE
  6
CONTINUA
 10
   49086.545
 20
   45825.381
 30
0.0
  0
SEQEND
  0
POLYLINE
  8
LINEEVARIE
 66
1
 10
0.0
 20
0.0
 30
0.0
  0
VERTEX
  8
LINEEVARIE
  6
CONTINUA
 10
   49082.442
 20
   45858.693
 30
0.0
  0
VERTEX
  8
LINEEVARIE
  6
CONTINUA
 10
   49074.856
 20
   45841.895
 30
0.0
  0
SEQEND
  0
POLYLINE
  8
LINEEVARIE
 66
1
 10
0.0
 20
0.0
 30
0.0
  0
VERTEX
  8
LINEEVARIE
  6
CONTINUA
 10
   49006.164
 20
   46030.478
 30
0.0
  0
VERTEX
  8
LINEEVARIE
  6
CONTINUA
 10
   48993.669
 20
   46026.485
 30
0.0
  0
SEQEND
  0
POLYLINE
  8
LINEEVARIE
 66
1
 10
0.0
 20
0.0
 30
0.0
  0
VERTEX
  8
LINEEVARIE
  6
CONTINUA
 10
   48995.534
 20
   46035.197
 30
0.0
  0
VERTEX
  8
LINEEVARIE
  6
CONTINUA
 10
   48983.842
 20
   46038.627
 30
0.0
  0
SEQEND
  0
POLYLINE
  8
LINEEVARIE
 66
1
 10
0.0
 20
0.0
 30
0.0
  0
VERTEX
  8
LINEEVARIE
  6
CONTINUA
 10
   48998.234
 20
   46041.491
 30
0.0
  0
VERTEX
  8
LINEEVARIE
  6
CONTINUA
 10
   48986.238
 20
   46045.104
 30
0.0
  0
SEQEND
  0
POLYLINE
  8
LINEEVARIE
 66
1
 10
0.0
 20
0.0
 30
0.0
  0
VERTEX
  8
LINEEVARIE
  6
CONTINUA
 10
   48935.883
 20
   46304.011
 30
0.0
  0
VERTEX
  8
LINEEVARIE
  6
CONTINUA
 10
   48934.697
 20
   46300.738
 30
0.0
  0
SEQEND
  0
POLYLINE
  8
LINEEVARIE
 66
1
 10
0.0
 20
0.0
 30
0.0
  0
VERTEX
  8
LINEEVARIE
  6
CONTINUA
 10
   48930.153
 20
   46305.427
 30
0.0
  0
VERTEX
  8
LINEEVARIE
  6
CONTINUA
 10
   48929.007
 20
   46301.304
 30
0.0
  0
SEQEND
  0
POLYLINE
  8
LINEEVARIE
 66
1
 10
0.0
 20
0.0
 30
0.0
  0
VERTEX
  8
LINEEVARIE
  6
CONTINUA
 10
   48945.715
 20
   46299.611
 30
0.0
  0
VERTEX
  8
LINEEVARIE
  6
CONTINUA
 10
   48945.352
 20
   46298.466
 30
0.0
  0
SEQEND
  0
POLYLINE
  8
LINEEVARIE
  6
TRATTEGGIATA5
 66
1
 10
0.0
 20
0.0
 30
0.0
  0
VERTEX
  8
LINEEVARIE
  6
TRATTEGGIATA5
 10
   49097.169
 20
   46074.010
 30
0.0
  0
VERTEX
  8
LINEEVARIE
  6
TRATTEGGIATA5
 10
   49106.448
 20
   46080.456
 30
0.0
  0
VERTEX
  8
LINEEVARIE
  6
TRATTEGGIATA5
 10
   49113.639
 20
   46086.955
 30
0.0
  0
VERTEX
  8
LINEEVARIE
  6
TRATTEGGIATA5
 10
   49115.337
 20
   46089.328
 30
0.0
  0
VERTEX
  8
LINEEVARIE
  6
TRATTEGGIATA5
 10
   49118.937
 20
   46094.357
 30
0.0
  0
VERTEX
  8
LINEEVARIE
  6
TRATTEGGIATA5
 10
   49125.224
 20
   46105.307
 30
0.0
  0
VERTEX
  8
LINEEVARIE
  6
TRATTEGGIATA5
 10
   49108.898
 20
   46112.021
 30
0.0
  0
VERTEX
  8
LINEEVARIE
  6
TRATTEGGIATA5
 10
   49102.095
 20
   46096.104
 30
0.0
  0
VERTEX
  8
LINEEVARIE
  6
TRATTEGGIATA5
 10
   49096.365
 20
   46083.141
 30
0.0
  0
VERTEX
  8
LINEEVARIE
  6
TRATTEGGIATA5
 10
   49093.773
 20
   46077.172
 30
0.0
  0
SEQEND
  0
POLYLINE
  8
LINEEVARIE
  6
TRATTEGGIATA5
 66
1
 10
0.0
 20
0.0
 30
0.0
  0
VERTEX
  8
LINEEVARIE
  6
TRATTEGGIATA5
 10
   49090.690
 20
   45835.909
 30
0.0
  0
VERTEX
  8
LINEEVARIE
  6
TRATTEGGIATA5
 10
   49094.351
 20
   45841.663
 30
0.0
  0
VERTEX
  8
LINEEVARIE
  6
TRATTEGGIATA5
 10
   49104.793
 20
   45834.404
 30
0.0
  0
SEQEND
  0
POLYLINE
  8
LINEEVARIE
  6
TRATTEGGIATA5
 66
1
 10
0.0
 20
0.0
 30
0.0
  0
VERTEX
  8
LINEEVARIE
  6
TRATTEGGIATA5
 10
   49093.898
 20
   45839.282
 30
0.0
  0
VERTEX
  8
LINEEVARIE
  6
TRATTEGGIATA5
 10
   49104.011
 20
   45832.352
 30
0.0
  0
SEQEND
  0
POLYLINE
  8
LINEEVARIE
  6
TRATTEGGIATA5
 66
1
 10
0.0
 20
0.0
 30
0.0
  0
VERTEX
  8
LINEEVARIE
  6
TRATTEGGIATA5
 10
   48939.558
 20
   46567.532
 30
0.0
  0
VERTEX
  8
LINEEVARIE
  6
TRATTEGGIATA5
 10
   48956.171
 20
   46556.715
 30
0.0
  0
VERTEX
  8
LINEEVARIE
  6
TRATTEGGIATA5
 10
   48971.853
 20
   46546.298
 30
0.0
  0
VERTEX
  8
LINEEVARIE
  6
TRATTEGGIATA5
 10
   48973.013
 20
   46546.484
 30
0.0
  0
VERTEX
  8
LINEEVARIE
  6
TRATTEGGIATA5
 10
   48975.700
 20
   46550.713
 30
0.0
  0
SEQEND
  0
POLYLINE
  8
LINEEVARIE
  6
TRATTEGGIATA5
 66
1
 10
0.0
 20
0.0
 30
0.0
  0
VERTEX
  8
LINEEVARIE
  6
TRATTEGGIATA5
 10
   49263.884
 20
   46217.325
 30
0.0
  0
VERTEX
  8
LINEEVARIE
  6
TRATTEGGIATA5
 10
   49251.243
 20
   46226.242
 30
0.0
  0
VERTEX
  8
LINEEVARIE
  6
TRATTEGGIATA5
 10
   49246.549
 20
   46214.574
 30
0.0
  0
VERTEX
  8
LINEEVARIE
  6
TRATTEGGIATA5
 10
   49236.239
 20
   46189.489
 30
0.0
  0
VERTEX
  8
LINEEVARIE
  6
TRATTEGGIATA5
 10
   49229.314
 20
   46172.441
 30
0.0
  0
VERTEX
  8
LINEEVARIE
  6
TRATTEGGIATA5
 10
   49238.714
 20
   46165.315
 30
0.0
  0
VERTEX
  8
LINEEVARIE
  6
TRATTEGGIATA5
 10
   49242.824
 20
   46162.220
 30
0.0
  0
SEQEND
  0
POLYLINE
  8
LINEEVARIE
  6
TRATTEGGIATA5
 66
1
 10
0.0
 20
0.0
 30
0.0
  0
VERTEX
  8
LINEEVARIE
  6
TRATTEGGIATA5
 10
   48985.963
 20
   46543.988
 30
0.0
  0
VERTEX
  8
LINEEVARIE
  6
TRATTEGGIATA5
 10
   48983.609
 20
   46540.587
 30
0.0
  0
VERTEX
  8
LINEEVARIE
  6
TRATTEGGIATA5
 10
   48984.248
 20
   46538.080
 30
0.0
  0
VERTEX
  8
LINEEVARIE
  6
TRATTEGGIATA5
 10
   48990.938
 20
   46533.720
 30
0.0
  0
VERTEX
  8
LINEEVARIE
  6
TRATTEGGIATA5
 10
   49010.057
 20
   46521.154
 30
0.0
  0
VERTEX
  8
LINEEVARIE
  6
TRATTEGGIATA5
 10
   49029.597
 20
   46507.995
 30
0.0
  0
VERTEX
  8
LINEEVARIE
  6
TRATTEGGIATA5
 10
   49034.308
 20
   46504.984
 30
0.0
  0
VERTEX
  8
LINEEVARIE
  6
TRATTEGGIATA5
 10
   49042.778
 20
   46499.115
 30
0.0
  0
VERTEX
  8
LINEEVARIE
  6
TRATTEGGIATA5
 10
   49051.537
 20
   46493.250
 30
0.0
  0
VERTEX
  8
LINEEVARIE
  6
TRATTEGGIATA5
 10
   49056.630
 20
   46490.011
 30
0.0
  0
VERTEX
  8
LINEEVARIE
  6
TRATTEGGIATA5
 10
   49073.732
 20
   46478.742
 30
0.0
  0
VERTEX
  8
LINEEVARIE
  6
TRATTEGGIATA5
 10
   49090.623
 20
   46467.717
 30
0.0
  0
VERTEX
  8
LINEEVARIE
  6
TRATTEGGIATA5
 10
   49107.120
 20
   46456.865
 30
0.0
  0
VERTEX
  8
LINEEVARIE
  6
TRATTEGGIATA5
 10
   49128.399
 20
   46442.711
 30
0.0
  0
VERTEX
  8
LINEEVARIE
  6
TRATTEGGIATA5
 10
   49145.504
 20
   46431.343
 30
0.0
  0
VERTEX
  8
LINEEVARIE
  6
TRATTEGGIATA5
 10
   49161.809
 20
   46420.805
 30
0.0
  0
VERTEX
  8
LINEEVARIE
  6
TRATTEGGIATA5
 10
   49177.418
 20
   46410.385
 30
0.0
  0
VERTEX
  8
LINEEVARIE
  6
TRATTEGGIATA5
 10
   49198.239
 20
   46396.538
 30
0.0
  0
VERTEX
  8
LINEEVARIE
  6
TRATTEGGIATA5
 10
   49215.880
 20
   46384.562
 30
0.0
  0
VERTEX
  8
LINEEVARIE
  6
TRATTEGGIATA5
 10
   49217.585
 20
   46384.959
 30
0.0
  0
VERTEX
  8
LINEEVARIE
  6
TRATTEGGIATA5
 10
   49219.109
 20
   46389.464
 30
0.0
  0
SEQEND
  0
POLYLINE
  8
LINEEVARIE
  6
TRATTEGGIATA5
 66
1
 10
0.0
 20
0.0
 30
0.0
  0
VERTEX
  8
LINEEVARIE
  6
TRATTEGGIATA5
 10
   49225.914
 20
   46390.257
 30
0.0
  0
VERTEX
  8
LINEEVARIE
  6
TRATTEGGIATA5
 10
   49221.809
 20
   46380.785
 30
0.0
  0
VERTEX
  8
LINEEVARIE
  6
TRATTEGGIATA5
 10
   49229.019
 20
   46375.758
 30
0.0
  0
VERTEX
  8
LINEEVARIE
  6
TRATTEGGIATA5
 10
   49236.128
 20
   46370.991
 30
0.0
  0
VERTEX
  8
LINEEVARIE
  6
TRATTEGGIATA5
 10
   49237.256
 20
   46371.937
 30
0.0
  0
VERTEX
  8
LINEEVARIE
  6
TRATTEGGIATA5
 10
   49241.456
 20
   46379.301
 30
0.0
  0
SEQEND
  0
POLYLINE
  8
LINEEVARIE
  6
TRATTEGGIATA5
 66
1
 10
0.0
 20
0.0
 30
0.0
  0
VERTEX
  8
LINEEVARIE
  6
TRATTEGGIATA5
 10
   48936.457
 20
   46552.983
 30
0.0
  0
VERTEX
  8
LINEEVARIE
  6
TRATTEGGIATA5
 10
   48956.281
 20
   46539.474
 30
0.0
  0
VERTEX
  8
LINEEVARIE
  6
TRATTEGGIATA5
 10
   48956.572
 20
   46537.974
 30
0.0
  0
VERTEX
  8
LINEEVARIE
  6
TRATTEGGIATA5
 10
   48956.184
 20
   46536.813
 30
0.0
  0
VERTEX
  8
LINEEVARIE
  6
TRATTEGGIATA5
 10
   48954.834
 20
   46536.421
 30
0.0
  0
VERTEX
  8
LINEEVARIE
  6
TRATTEGGIATA5
 10
   48934.524
 20
   46550.413
 30
0.0
  0
VERTEX
  8
LINEEVARIE
  6
TRATTEGGIATA5
 10
   48934.622
 20
   46551.723
 30
0.0
  0
VERTEX
  8
LINEEVARIE
  6
TRATTEGGIATA5
 10
   48935.442
 20
   46552.741
 30
0.0
  0
VERTEX
  8
LINEEVARIE
  6
TRATTEGGIATA5
 10
   48936.262
 20
   46552.983
 30
0.0
  0
SEQEND
  0
POLYLINE
  8
LINEEVARIE
  6
TRATTEGGIATA5
 66
1
 10
0.0
 20
0.0
 30
0.0
  0
VERTEX
  8
LINEEVARIE
  6
TRATTEGGIATA5
 10
   48981.521
 20
   46522.792
 30
0.0
  0
VERTEX
  8
LINEEVARIE
  6
TRATTEGGIATA5
 10
   48999.090
 20
   46511.267
 30
0.0
  0
VERTEX
  8
LINEEVARIE
  6
TRATTEGGIATA5
 10
   49032.540
 20
   46488.893
 30
0.0
  0
VERTEX
  8
LINEEVARIE
  6
TRATTEGGIATA5
 10
   49065.689
 20
   46466.979
 30
0.0
  0
VERTEX
  8
LINEEVARIE
  6
TRATTEGGIATA5
 10
   49085.732
 20
   46453.672
 30
0.0
  0
VERTEX
  8
LINEEVARIE
  6
TRATTEGGIATA5
 10
   49085.979
 20
   46451.976
 30
0.0
  0
VERTEX
  8
LINEEVARIE
  6
TRATTEGGIATA5
 10
   49085.542
 20
   46451.440
 30
0.0
  0
VERTEX
  8
LINEEVARIE
  6
TRATTEGGIATA5
 10
   49084.381
 20
   46450.809
 30
0.0
  0
VERTEX
  8
LINEEVARIE
  6
TRATTEGGIATA5
 10
   49083.317
 20
   46451.246
 30
0.0
  0
VERTEX
  8
LINEEVARIE
  6
TRATTEGGIATA5
 10
   49060.587
 20
   46466.300
 30
0.0
  0
VERTEX
  8
LINEEVARIE
  6
TRATTEGGIATA5
 10
   49031.173
 20
   46485.697
 30
0.0
  0
VERTEX
  8
LINEEVARIE
  6
TRATTEGGIATA5
 10
   49005.303
 20
   46502.944
 30
0.0
  0
VERTEX
  8
LINEEVARIE
  6
TRATTEGGIATA5
 10
   48981.643
 20
   46518.723
 30
0.0
  0
VERTEX
  8
LINEEVARIE
  6
TRATTEGGIATA5
 10
   48980.053
 20
   46519.695
 30
0.0
  0
VERTEX
  8
LINEEVARIE
  6
TRATTEGGIATA5
 10
   48979.761
 20
   46521.185
 30
0.0
  0
VERTEX
  8
LINEEVARIE
  6
TRATTEGGIATA5
 10
   48979.906
 20
   46522.056
 30
0.0
  0
VERTEX
  8
LINEEVARIE
  6
TRATTEGGIATA5
 10
   48981.360
 20
   46522.789
 30
0.0
  0
SEQEND
  0
POLYLINE
  8
LINEEVARIE
  6
TRATTEGGIATA5
 66
1
 10
0.0
 20
0.0
 30
0.0
  0
VERTEX
  8
LINEEVARIE
  6
TRATTEGGIATA5
 10
   49002.009
 20
   46221.163
 30
0.0
  0
VERTEX
  8
LINEEVARIE
  6
TRATTEGGIATA5
 10
   48995.957
 20
   46206.080
 30
0.0
  0
SEQEND
  0
POLYLINE
  8
LINEEVARIE
  6
TRATTEGGIATA5
 66
1
 10
0.0
 20
0.0
 30
0.0
  0
VERTEX
  8
LINEEVARIE
  6
TRATTEGGIATA5
 10
   49001.737
 20
   46476.512
 30
0.0
  0
VERTEX
  8
LINEEVARIE
  6
TRATTEGGIATA5
 10
   49004.509
 20
   46480.189
 30
0.0
  0
VERTEX
  8
LINEEVARIE
  6
TRATTEGGIATA5
 10
   48998.362
 20
   46481.336
 30
0.0
  0
SEQEND
  0
POLYLINE
  8
LINEEVARIE
  6
TRATTEGGIATA5
 66
1
 10
0.0
 20
0.0
 30
0.0
  0
VERTEX
  8
LINEEVARIE
  6
TRATTEGGIATA5
 10
   48994.056
 20
   46484.451
 30
0.0
  0
VERTEX
  8
LINEEVARIE
  6
TRATTEGGIATA5
 10
   48990.666
 20
   46489.692
 30
0.0
  0
VERTEX
  8
LINEEVARIE
  6
TRATTEGGIATA5
 10
   48988.026
 20
   46486.399
 30
0.0
  0
SEQEND
  0
POLYLINE
  8
LINEEVARIE
  6
TRATTEGGIATA5
 66
1
 10
0.0
 20
0.0
 30
0.0
  0
VERTEX
  8
LINEEVARIE
  6
TRATTEGGIATA5
 10
   48995.256
 20
   46484.769
 30
0.0
  0
VERTEX
  8
LINEEVARIE
  6
TRATTEGGIATA5
 10
   48995.990
 20
   46485.833
 30
0.0
  0
VERTEX
  8
LINEEVARIE
  6
TRATTEGGIATA5
 10
   48998.722
 20
   46483.745
 30
0.0
  0
VERTEX
  8
LINEEVARIE
  6
TRATTEGGIATA5
 10
   48997.895
 20
   46482.723
 30
0.0
  0
VERTEX
  8
LINEEVARIE
  6
TRATTEGGIATA5
 10
   48995.394
 20
   46484.628
 30
0.0
  0
SEQEND
  0
POLYLINE
  8
LINEEVARIE
  6
TRATTEGGIATA5
 66
1
 10
0.0
 20
0.0
 30
0.0
  0
VERTEX
  8
LINEEVARIE
  6
TRATTEGGIATA5
 10
   49015.828
 20
   46041.519
 30
0.0
  0
VERTEX
  8
LINEEVARIE
  6
TRATTEGGIATA5
 10
   49006.901
 20
   46047.809
 30
0.0
  0
SEQEND
  0
POLYLINE
  8
LINEEVARIE
  6
TRATTEGGIATA5
 66
1
 10
0.0
 20
0.0
 30
0.0
  0
VERTEX
  8
LINEEVARIE
  6
TRATTEGGIATA5
 10
   49139.504
 20
   46039.527
 30
0.0
  0
VERTEX
  8
LINEEVARIE
  6
TRATTEGGIATA5
 10
   49141.271
 20
   46044.191
 30
0.0
  0
VERTEX
  8
LINEEVARIE
  6
TRATTEGGIATA5
 10
   49145.425
 20
   46054.377
 30
0.0
  0
VERTEX
  8
LINEEVARIE
  6
TRATTEGGIATA5
 10
   49150.172
 20
   46063.180
 30
0.0
  0
SEQEND
  0
POLYLINE
  8
LINEEVARIE
 66
1
 10
0.0
 20
0.0
 30
0.0
  0
VERTEX
  8
LINEEVARIE
  6
CONTINUA
 10
   48896.143
 20
   46403.764
 30
0.0
  0
VERTEX
  8
LINEEVARIE
  6
CONTINUA
 10
   48895.505
 20
   46404.192
 30
0.0
  0
SEQEND
  0
POLYLINE
  8
LINEEVARIE
 66
1
 10
0.0
 20
0.0
 30
0.0
  0
VERTEX
  8
LINEEVARIE
  6
CONTINUA
 10
   48909.832
 20
   46549.140
 30
0.0
  0
VERTEX
  8
LINEEVARIE
  6
CONTINUA
 10
   48909.320
 20
   46548.483
 30
0.0
  0
VERTEX
  8
LINEEVARIE
  6
CONTINUA
 10
   48907.325
 20
   46549.912
 30
0.0
  0
VERTEX
  8
LINEEVARIE
  6
CONTINUA
 10
   48907.805
 20
   46550.548
 30
0.0
  0
VERTEX
  8
LINEEVARIE
  6
CONTINUA
 10
   48909.832
 20
   46549.140
 30
0.0
  0
SEQEND
  0
POLYLINE
  8
LINEEVARIE
 66
1
 10
0.0
 20
0.0
 30
0.0
  0
VERTEX
  8
LINEEVARIE
  6
CONTINUA
 10
   48822.618
 20
   46644.248
 30
0.0
  0
VERTEX
  8
LINEEVARIE
  6
CONTINUA
 10
   48836.007
 20
   46634.964
 30
0.0
  0
VERTEX
  8
LINEEVARIE
  6
CONTINUA
 10
   48849.459
 20
   46625.766
 30
0.0
  0
VERTEX
  8
LINEEVARIE
  6
CONTINUA
 10
   48866.453
 20
   46614.015
 30
0.0
  0
VERTEX
  8
LINEEVARIE
  6
CONTINUA
 10
   48882.652
 20
   46602.919
 30
0.0
  0
VERTEX
  8
LINEEVARIE
  6
CONTINUA
 10
   48903.857
 20
   46588.317
 30
0.0
  0
VERTEX
  8
LINEEVARIE
  6
CONTINUA
 10
   48922.131
 20
   46575.661
 30
0.0
  0
VERTEX
  8
LINEEVARIE
  6
CONTINUA
 10
   48937.478
 20
   46564.920
 30
0.0
  0
SEQEND
  0
POLYLINE
  8
LINEEVARIE
  6
TRATTEGGIATA5
 66
1
 10
0.0
 20
0.0
 30
0.0
  0
VERTEX
  8
LINEEVARIE
  6
TRATTEGGIATA5
 10
   48774.475
 20
   46645.279
 30
0.0
  0
VERTEX
  8
LINEEVARIE
  6
TRATTEGGIATA5
 10
   48789.987
 20
   46635.257
 30
0.0
  0
VERTEX
  8
LINEEVARIE
  6
TRATTEGGIATA5
 10
   48792.967
 20
   46633.247
 30
0.0
  0
VERTEX
  8
LINEEVARIE
  6
TRATTEGGIATA5
 10
   48807.105
 20
   46623.852
 30
0.0
  0
VERTEX
  8
LINEEVARIE
  6
TRATTEGGIATA5
 10
   48818.440
 20
   46616.441
 30
0.0
  0
VERTEX
  8
LINEEVARIE
  6
TRATTEGGIATA5
 10
   48825.934
 20
   46611.472
 30
0.0
  0
VERTEX
  8
LINEEVARIE
  6
TRATTEGGIATA5
 10
   48842.812
 20
   46600.204
 30
0.0
  0
VERTEX
  8
LINEEVARIE
  6
TRATTEGGIATA5
 10
   48861.706
 20
   46587.929
 30
0.0
  0
VERTEX
  8
LINEEVARIE
  6
TRATTEGGIATA5
 10
   48880.467
 20
   46575.539
 30
0.0
  0
VERTEX
  8
LINEEVARIE
  6
TRATTEGGIATA5
 10
   48897.059
 20
   46564.487
 30
0.0
  0
VERTEX
  8
LINEEVARIE
  6
TRATTEGGIATA5
 10
   48914.925
 20
   46552.463
 30
0.0
  0
VERTEX
  8
LINEEVARIE
  6
TRATTEGGIATA5
 10
   48924.443
 20
   46546.245
 30
0.0
  0
VERTEX
  8
LINEEVARIE
  6
TRATTEGGIATA5
 10
   48926.762
 20
   46549.597
 30
0.0
  0
SEQEND
  0
POLYLINE
  8
LINEEVARIE
  6
TRATTEGGIATA5
 66
1
 10
0.0
 20
0.0
 30
0.0
  0
VERTEX
  8
LINEEVARIE
  6
TRATTEGGIATA5
 10
   49095.186
 20
   46447.374
 30
0.0
  0
VERTEX
  8
LINEEVARIE
  6
TRATTEGGIATA5
 10
   49107.130
 20
   46439.536
 30
0.0
  0
VERTEX
  8
LINEEVARIE
  6
TRATTEGGIATA5
 10
   49131.384
 20
   46423.490
 30
0.0
  0
VERTEX
  8
LINEEVARIE
  6
TRATTEGGIATA5
 10
   49131.608
 20
   46422.530
 30
0.0
  0
VERTEX
  8
LINEEVARIE
  6
TRATTEGGIATA5
 10
   49131.167
 20
   46421.047
 30
0.0
  0
VERTEX
  8
LINEEVARIE
  6
TRATTEGGIATA5
 10
   49130.428
 20
   46420.825
 30
0.0
  0
VERTEX
  8
LINEEVARIE
  6
TRATTEGGIATA5
 10
   49123.386
 20
   46425.038
 30
0.0
  0
VERTEX
  8
LINEEVARIE
  6
TRATTEGGIATA5
 10
   49093.417
 20
   46444.706
 30
0.0
  0
VERTEX
  8
LINEEVARIE
  6
TRATTEGGIATA5
 10
   49093.411
 20
   46446.188
 30
0.0
  0
VERTEX
  8
LINEEVARIE
  6
TRATTEGGIATA5
 10
   49094.517
 20
   46447.302
 30
0.0
  0
VERTEX
  8
LINEEVARIE
  6
TRATTEGGIATA5
 10
   49095.039
 20
   46447.302
 30
0.0
  0
SEQEND
  0
POLYLINE
  8
LINEEVARIE
  6
TRATTEGGIATA5
 66
1
 10
0.0
 20
0.0
 30
0.0
  0
VERTEX
  8
LINEEVARIE
  6
TRATTEGGIATA5
 10
   49141.432
 20
   46416.935
 30
0.0
  0
VERTEX
  8
LINEEVARIE
  6
TRATTEGGIATA5
 10
   49167.616
 20
   46399.784
 30
0.0
  0
VERTEX
  8
LINEEVARIE
  6
TRATTEGGIATA5
 10
   49179.857
 20
   46391.347
 30
0.0
  0
VERTEX
  8
LINEEVARIE
  6
TRATTEGGIATA5
 10
   49209.817
 20
   46370.859
 30
0.0
  0
VERTEX
  8
LINEEVARIE
  6
TRATTEGGIATA5
 10
   49209.596
 20
   46369.601
 30
0.0
  0
VERTEX
  8
LINEEVARIE
  6
TRATTEGGIATA5
 10
   49208.858
 20
   46368.859
 30
0.0
  0
VERTEX
  8
LINEEVARIE
  6
TRATTEGGIATA5
 10
   49207.535
 20
   46368.711
 30
0.0
  0
VERTEX
  8
LINEEVARIE
  6
TRATTEGGIATA5
 10
   49206.280
 20
   46369.230
 30
0.0
  0
VERTEX
  8
LINEEVARIE
  6
TRATTEGGIATA5
 10
   49175.773
 20
   46389.955
 30
0.0
  0
VERTEX
  8
LINEEVARIE
  6
TRATTEGGIATA5
 10
   49139.971
 20
   46413.962
 30
0.0
  0
VERTEX
  8
LINEEVARIE
  6
TRATTEGGIATA5
 10
   49139.599
 20
   46414.409
 30
0.0
  0
VERTEX
  8
LINEEVARIE
  6
TRATTEGGIATA5
 10
   49139.668
 20
   46415.443
 30
0.0
  0
VERTEX
  8
LINEEVARIE
  6
TRATTEGGIATA5
 10
   49140.110
 20
   46416.258
 30
0.0
  0
VERTEX
  8
LINEEVARIE
  6
TRATTEGGIATA5
 10
   49141.073
 20
   46416.779
 30
0.0
  0
SEQEND
  0
POLYLINE
  8
LINEEVARIE
  6
TRATTEGGIATA5
 66
1
 10
0.0
 20
0.0
 30
0.0
  0
VERTEX
  8
LINEEVARIE
  6
TRATTEGGIATA5
 10
   49297.499
 20
   46343.619
 30
0.0
  0
VERTEX
  8
LINEEVARIE
  6
TRATTEGGIATA5
 10
   49292.967
 20
   46332.308
 30
0.0
  0
VERTEX
  8
LINEEVARIE
  6
TRATTEGGIATA5
 10
   49302.630
 20
   46326.110
 30
0.0
  0
VERTEX
  8
LINEEVARIE
  6
TRATTEGGIATA5
 10
   49309.393
 20
   46336.094
 30
0.0
  0
SEQEND
  0
POLYLINE
  8
LINEEVARIE
  6
TRATTEGGIATA5
 66
1
 10
0.0
 20
0.0
 30
0.0
  0
VERTEX
  8
LINEEVARIE
  6
TRATTEGGIATA5
 10
   49317.988
 20
   46333.770
 30
0.0
  0
VERTEX
  8
LINEEVARIE
  6
TRATTEGGIATA5
 10
   49309.640
 20
   46321.549
 30
0.0
  0
VERTEX
  8
LINEEVARIE
  6
TRATTEGGIATA5
 10
   49314.049
 20
   46318.691
 30
0.0
  0
VERTEX
  8
LINEEVARIE
  6
TRATTEGGIATA5
 10
   49323.644
 20
   46312.448
 30
0.0
  0
SEQEND
  0
POLYLINE
  8
LINEEVARIE
  6
TRATTEGGIATA5
 66
1
 10
0.0
 20
0.0
 30
0.0
  0
VERTEX
  8
LINEEVARIE
  6
TRATTEGGIATA5
 10
   49128.638
 20
   46286.408
 30
0.0
  0
VERTEX
  8
LINEEVARIE
  6
TRATTEGGIATA5
 10
   49106.563
 20
   46294.855
 30
0.0
  0
SEQEND
  0
POLYLINE
  8
LINEEVARIE
  6
TRATTEGGIATA5
 66
1
 10
0.0
 20
0.0
 30
0.0
  0
VERTEX
  8
LINEEVARIE
  6
TRATTEGGIATA5
 10
   48889.561
 20
   46389.055
 30
0.0
  0
VERTEX
  8
LINEEVARIE
  6
TRATTEGGIATA5
 10
   48887.773
 20
   46375.535
 30
0.0
  0
VERTEX
  8
LINEEVARIE
  6
TRATTEGGIATA5
 10
   48885.561
 20
   46358.311
 30
0.0
  0
SEQEND
  0
POLYLINE
  8
LINEEVARIE
  6
TRATTEGGIATA5
 66
1
 10
0.0
 20
0.0
 30
0.0
  0
VERTEX
  8
LINEEVARIE
  6
TRATTEGGIATA5
 10
   48854.717
 20
   46390.933
 30
0.0
  0
VERTEX
  8
LINEEVARIE
  6
TRATTEGGIATA5
 10
   48854.903
 20
   46392.542
 30
0.0
  0
VERTEX
  8
LINEEVARIE
  6
TRATTEGGIATA5
 10
   48852.906
 20
   46392.627
 30
0.0
  0
VERTEX
  8
LINEEVARIE
  6
TRATTEGGIATA5
 10
   48852.732
 20
   46389.011
 30
0.0
  0
VERTEX
  8
LINEEVARIE
  6
TRATTEGGIATA5
 10
   48853.841
 20
   46381.879
 30
0.0
  0
VERTEX
  8
LINEEVARIE
  6
TRATTEGGIATA5
 10
   48854.409
 20
   46381.853
 30
0.0
  0
SEQEND
  0
POLYLINE
  8
LINEEVARIE
  6
TRATTEGGIATA5
 66
1
 10
0.0
 20
0.0
 30
0.0
  0
VERTEX
  8
LINEEVARIE
  6
TRATTEGGIATA5
 10
   48923.226
 20
   46542.330
 30
0.0
  0
VERTEX
  8
LINEEVARIE
  6
TRATTEGGIATA5
 10
   48924.919
 20
   46545.708
 30
0.0
  0
VERTEX
  8
LINEEVARIE
  6
TRATTEGGIATA5
 10
   48867.892
 20
   46584.434
 30
0.0
  0
VERTEX
  8
LINEEVARIE
  6
TRATTEGGIATA5
 10
   48794.499
 20
   46632.269
 30
0.0
  0
SEQEND
  0
POLYLINE
  8
LINEEVARIE
 66
1
 10
0.0
 20
0.0
 30
0.0
  0
VERTEX
  8
LINEEVARIE
  6
CONTINUA
 10
   48906.890
 20
   46549.375
 30
0.0
  0
VERTEX
  8
LINEEVARIE
  6
CONTINUA
 10
   48909.322
 20
   46547.724
 30
0.0
  0
VERTEX
  8
LINEEVARIE
  6
CONTINUA
 10
   48909.855
 20
   46548.528
 30
0.0
  0
VERTEX
  8
LINEEVARIE
  6
CONTINUA
 10
   48909.907
 20
   46548.492
 30
0.0
  0
SEQEND
  0
POLYLINE
  8
LINEEVARIE
 66
1
 10
0.0
 20
0.0
 30
0.0
  0
VERTEX
  8
LINEEVARIE
  6
CONTINUA
 10
   48904.362
 20
   46553.622
 30
0.0
  0
VERTEX
  8
LINEEVARIE
  6
CONTINUA
 10
   48911.710
 20
   46548.701
 30
0.0
  0
SEQEND
  0
POLYLINE
  8
LINEEVARIE
 66
1
 10
0.0
 20
0.0
 30
0.0
  0
VERTEX
  8
LINEEVARIE
  6
CONTINUA
 10
   48798.460
 20
   46282.505
 30
0.0
  0
VERTEX
  8
LINEEVARIE
  6
CONTINUA
 10
   48791.056
 20
   46279.054
 30
0.0
  0
SEQEND
  0
POLYLINE
  8
LINEEVARIE
 66
1
 10
0.0
 20
0.0
 30
0.0
  0
VERTEX
  8
LINEEVARIE
  6
CONTINUA
 10
   48797.984
 20
   46284.720
 30
0.0
  0
VERTEX
  8
LINEEVARIE
  6
CONTINUA
 10
   48793.085
 20
   46283.833
 30
0.0
  0
SEQEND
  0
POLYLINE
  8
LINEEVARIE
 66
1
 10
0.0
 20
0.0
 30
0.0
  0
VERTEX
  8
LINEEVARIE
  6
CONTINUA
 10
   48797.790
 20
   46293.979
 30
0.0
  0
VERTEX
  8
LINEEVARIE
  6
CONTINUA
 10
   48802.283
 20
   46296.354
 30
0.0
  0
SEQEND
  0
POLYLINE
  8
LINEEVARIE
 66
1
 10
0.0
 20
0.0
 30
0.0
  0
VERTEX
  8
LINEEVARIE
  6
CONTINUA
 10
   49079.716
 20
   46291.786
 30
0.0
  0
VERTEX
  8
LINEEVARIE
  6
CONTINUA
 10
   49079.212
 20
   46290.452
 30
0.0
  0
VERTEX
  8
LINEEVARIE
  6
CONTINUA
 10
   49080.372
 20
   46289.967
 30
0.0
  0
SEQEND
  0
POLYLINE
  8
LINEEVARIE
 66
1
 10
0.0
 20
0.0
 30
0.0
  0
VERTEX
  8
LINEEVARIE
  6
CONTINUA
 10
   49171.241
 20
   46236.121
 30
0.0
  0
VERTEX
  8
LINEEVARIE
  6
CONTINUA
 10
   49184.853
 20
   46230.653
 30
0.0
  0
SEQEND
  0
POLYLINE
  8
LINEEVARIE
 66
1
 10
0.0
 20
0.0
 30
0.0
  0
VERTEX
  8
LINEEVARIE
  6
CONTINUA
 10
   49183.115
 20
   46236.473
 30
0.0
  0
VERTEX
  8
LINEEVARIE
  6
CONTINUA
 10
   49179.652
 20
   46228.166
 30
0.0
  0
SEQEND
  0
POLYLINE
  8
LINEEVARIE
 66
1
 10
0.0
 20
0.0
 30
0.0
  0
VERTEX
  8
LINEEVARIE
  6
CONTINUA
 10
   48942.067
 20
   46354.303
 30
0.0
  0
VERTEX
  8
LINEEVARIE
  6
CONTINUA
 10
   48935.294
 20
   46359.090
 30
0.0
  0
SEQEND
  0
POLYLINE
  8
LINEEVARIE
 66
1
 10
0.0
 20
0.0
 30
0.0
  0
VERTEX
  8
LINEEVARIE
  6
CONTINUA
 10
   49072.517
 20
   46393.229
 30
0.0
  0
VERTEX
  8
LINEEVARIE
  6
CONTINUA
 10
   49070.119
 20
   46389.596
 30
0.0
  0
SEQEND
  0
POLYLINE
  8
LINEEVARIE
 62
2
 66
1
 10
0.0
 20
0.0
 30
0.0
  0
VERTEX
  8
LINEEVARIE
  6
CONTINUA
 10
   48717.314
 20
   46712.830
 30
0.0
  0
VERTEX
  8
LINEEVARIE
  6
CONTINUA
 10
   49346.508
 20
   46712.883
 30
0.0
  0
VERTEX
  8
LINEEVARIE
  6
CONTINUA
 10
   49345.843
 20
   45758.322
 30
0.0
  0
VERTEX
  8
LINEEVARIE
  6
CONTINUA
 10
   48717.058
 20
   45757.973
 30
0.0
  0
VERTEX
  8
LINEEVARIE
  6
CONTINUA
 10
   48717.314
 20
   46712.830
 30
0.0
  0
SEQEND
  0
POLYLINE
  8
LINEEVARIE
  6
TRATTEGGIATA5
 66
1
 10
0.0
 20
0.0
 30
0.0
  0
VERTEX
  8
LINEEVARIE
  6
TRATTEGGIATA5
 10
   49012.152
 20
   46031.585
 30
0.0
  0
VERTEX
  8
LINEEVARIE
  6
TRATTEGGIATA5
 10
   49019.296
 20
   46030.173
 30
0.0
  0
VERTEX
  8
LINEEVARIE
  6
TRATTEGGIATA5
 10
   49022.702
 20
   46029.832
 30
0.0
  0
VERTEX
  8
LINEEVARIE
  6
TRATTEGGIATA5
 10
   49025.926
 20
   46030.164
 30
0.0
  0
VERTEX
  8
LINEEVARIE
  6
TRATTEGGIATA5
 10
   49027.797
 20
   46030.397
 30
0.0
  0
VERTEX
  8
LINEEVARIE
  6
TRATTEGGIATA5
 10
   49030.256
 20
   46031.134
 30
0.0
  0
VERTEX
  8
LINEEVARIE
  6
TRATTEGGIATA5
 10
   49036.171
 20
   46033.831
 30
0.0
  0
VERTEX
  8
LINEEVARIE
  6
TRATTEGGIATA5
 10
   49041.805
 20
   46036.976
 30
0.0
  0
SEQEND
  0
POLYLINE
  8
LINEEVARIE
  6
TRATTO-PUNTO
 66
1
 10
0.0
 20
0.0
 30
0.0
  0
VERTEX
  8
LINEEVARIE
  6
TRATTO-PUNTO
 10
   48792.628
 20
   46635.573
 30
0.0
  0
VERTEX
  8
LINEEVARIE
  6
TRATTO-PUNTO
 10
   48776.768
 20
   46645.832
 30
0.0
  0
SEQEND
  0
POLYLINE
  8
LINEEVARIE
  6
TRATTO-PUNTO
 66
1
 10
0.0
 20
0.0
 30
0.0
  0
VERTEX
  8
LINEEVARIE
  6
TRATTO-PUNTO
 10
   49209.082
 20
   46344.495
 30
0.0
  0
VERTEX
  8
LINEEVARIE
  6
TRATTO-PUNTO
 10
   49225.046
 20
   46334.524
 30
0.0
  0
SEQEND
  0
POLYLINE
  8
LINEEVARIE
  6
TRATTO-PUNTO
 66
1
 10
0.0
 20
0.0
 30
0.0
  0
VERTEX
  8
LINEEVARIE
  6
TRATTO-PUNTO
 10
   49092.264
 20
   45867.372
 30
0.0
  0
VERTEX
  8
LINEEVARIE
  6
TRATTO-PUNTO
 10
   49088.710
 20
   45856.529
 30
0.0
  0
SEQEND
  0
POLYLINE
  8
LINEEVARIE
  6
TRATTO-PUNTO
 66
1
 10
0.0
 20
0.0
 30
0.0
  0
VERTEX
  8
LINEEVARIE
  6
TRATTO-PUNTO
 10
   49087.276
 20
   45855.805
 30
0.0
  0
VERTEX
  8
LINEEVARIE
  6
TRATTO-PUNTO
 10
   49082.588
 20
   45857.558
 30
0.0
  0
VERTEX
  8
LINEEVARIE
  6
TRATTO-PUNTO
 10
   49079.886
 20
   45851.154
 30
0.0
  0
VERTEX
  8
LINEEVARIE
  6
TRATTO-PUNTO
 10
   49077.444
 20
   45845.942
 30
0.0
  0
SEQEND
  0
POLYLINE
  8
LINEEVARIE
  6
TRATTO-PUNTO
 66
1
 10
0.0
 20
0.0
 30
0.0
  0
VERTEX
  8
LINEEVARIE
  6
TRATTO-PUNTO
 10
   49008.658
 20
   46013.319
 30
0.0
  0
VERTEX
  8
LINEEVARIE
  6
TRATTO-PUNTO
 10
   48994.753
 20
   46020.206
 30
0.0
  0
VERTEX
  8
LINEEVARIE
  6
TRATTO-PUNTO
 10
   49006.995
 20
   46021.903
 30
0.0
  0
SEQEND
  0
POLYLINE
  8
LINEEVARIE
  6
TRATTO-PUNTO
 66
1
 10
0.0
 20
0.0
 30
0.0
  0
VERTEX
  8
LINEEVARIE
  6
TRATTO-PUNTO
 10
   49007.399
 20
   46030.766
 30
0.0
  0
VERTEX
  8
LINEEVARIE
  6
TRATTO-PUNTO
 10
   49001.932
 20
   46032.738
 30
0.0
  0
VERTEX
  8
LINEEVARIE
  6
TRATTO-PUNTO
 10
   48995.704
 20
   46034.291
 30
0.0
  0
VERTEX
  8
LINEEVARIE
  6
TRATTO-PUNTO
 10
   48996.165
 20
   46035.375
 30
0.0
  0
SEQEND
  0
POLYLINE
  8
LINEEVARIE
  6
TRATTEGGIATA5
 66
1
 10
0.0
 20
0.0
 30
0.0
  0
VERTEX
  8
LINEEVARIE
  6
TRATTEGGIATA5
 10
   49030.260
 20
   46037.101
 30
0.0
  0
VERTEX
  8
LINEEVARIE
  6
TRATTEGGIATA5
 10
   49039.894
 20
   46042.334
 30
0.0
  0
VERTEX
  8
LINEEVARIE
  6
TRATTEGGIATA5
 10
   49065.252
 20
   46056.007
 30
0.0
  0
VERTEX
  8
LINEEVARIE
  6
TRATTEGGIATA5
 10
   49084.625
 20
   46066.598
 30
0.0
  0
VERTEX
  8
LINEEVARIE
  6
TRATTEGGIATA5
 10
   49086.123
 20
   46067.866
 30
0.0
  0
VERTEX
  8
LINEEVARIE
  6
TRATTEGGIATA5
 10
   49087.701
 20
   46068.557
 30
0.0
  0
VERTEX
  8
LINEEVARIE
  6
TRATTEGGIATA5
 10
   49096.193
 20
   46074.318
 30
0.0
  0
SEQEND
  0
POLYLINE
  8
LINEEVARIE
  6
TRATTEGGIATA5
 66
1
 10
0.0
 20
0.0
 30
0.0
  0
VERTEX
  8
LINEEVARIE
  6
TRATTEGGIATA5
 10
   49086.024
 20
   46067.932
 30
0.0
  0
VERTEX
  8
LINEEVARIE
  6
TRATTEGGIATA5
 10
   49091.776
 20
   46072.838
 30
0.0
  0
SEQEND
  0
POLYLINE
  8
LINEEVARIE
  6
TRATTO-PUNTO
 66
1
 10
0.0
 20
0.0
 30
0.0
  0
VERTEX
  8
LINEEVARIE
  6
TRATTO-PUNTO
 10
   48788.635
 20
   46624.831
 30
0.0
  0
VERTEX
  8
LINEEVARIE
  6
TRATTO-PUNTO
 10
   48804.998
 20
   46614.029
 30
0.0
  0
SEQEND
  0
INSERT
  8
SIMBOLI
  2
9
 10
   49252.013
 20
   46301.407
 30
0.0
 50
      72.771
  0
INSERT
  8
SIMBOLI
  2
14
 10
   49094.038
 20
   46149.715
 30
0.0
 50
     150.756
  0
INSERT
  8
SIMBOLI
  2
14
 10
   48834.513
 20
   46462.770
 30
0.0
 50
      66.640
  0
INSERT
  8
SIMBOLI
  2
14
 10
   49033.916
 20
   46319.450
 30
0.0
 50
     248.510
  0
INSERT
  8
SIMBOLI
  2
14
 10
   49146.118
 20
   46299.828
 30
0.0
 50
     148.350
  0
INSERT
  8
SIMBOLI
  2
14
 10
   49232.342
 20
   46305.780
 30
0.0
 50
     157.862
  0
INSERT
  8
SIMBOLI
  2
14
 10
   49162.771
 20
   46300.935
 30
0.0
 50
     146.000
  0
INSERT
  8
SIMBOLI
  2
14
 10
   48800.504
 20
   46314.178
 30
0.0
 50
     100.103
  0
INSERT
  8
SIMBOLI
  2
14
 10
   48799.304
 20
   46310.413
 30
0.0
 50
      15.815
  0
INSERT
  8
SIMBOLI
  2
14
 10
   49047.244
 20
   46298.126
 30
0.0
 50
     148.923
  0
INSERT
  8
SIMBOLI
  2
14
 10
   49039.325
 20
   46279.055
 30
0.0
 50
     148.751
  0
INSERT
  8
SIMBOLI
  2
14
 10
   49167.211
 20
   46309.745
 30
0.0
 50
     145.542
  0
INSERT
  8
SIMBOLI
  2
14
 10
   49032.885
 20
   46303.357
 30
0.0
 50
     149.782
  0
INSERT
  8
SIMBOLI
  2
14
 10
   49027.075
 20
   46301.013
 30
0.0
 50
      68.302
  0
INSERT
  8
SIMBOLI
  2
14
 10
   49165.576
 20
   46306.135
 30
0.0
 50
     147.777
  0
INSERT
  8
SIMBOLI
  2
14
 10
   49014.224
 20
   46289.835
 30
0.0
 50
     149.840
  0
INSERT
  8
SIMBOLI
  2
14
 10
   48997.575
 20
   46285.100
 30
0.0
 50
     147.032
  0
INSERT
  8
SIMBOLI
  2
14
 10
   49001.727
 20
   46294.593
 30
0.0
 50
      86.752
  0
INSERT
  8
SIMBOLI
  2
14
 10
   49052.709
 20
   46115.361
 30
0.0
 50
     249.255
  0
INSERT
  8
SIMBOLI
  2
14
 10
   49030.094
 20
   46097.674
 30
0.0
 50
     150.183
  0
INSERT
  8
SIMBOLI
  2
14
 10
   49135.129
 20
   46090.261
 30
0.0
 50
     248.911
  0
INSERT
  8
SIMBOLI
  2
14
 10
   49135.156
 20
   46388.072
 30
0.0
 50
      59.535
  0
INSERT
  8
SIMBOLI
  2
14
 10
   49140.632
 20
   46388.500
 30
0.0
 50
      58.847
  0
INSERT
  8
SIMBOLI
  2
14
 10
   48910.372
 20
   46392.064
 30
0.0
 50
      57.529
  0
INSERT
  8
SIMBOLI
  2
14
 10
   48904.935
 20
   46385.591
 30
0.0
 50
      57.758
  0
INSERT
  8
SIMBOLI
  2
14
 10
   48824.219
 20
   46553.878
 30
0.0
 50
     -45.725
  0
INSERT
  8
SIMBOLI
  2
14
 10
   48817.645
 20
   46558.566
 30
0.0
 50
     132.592
  0
INSERT
  8
SIMBOLI
  2
14
 10
   48791.843
 20
   46561.426
 30
0.0
 50
      45.783
  0
INSERT
  8
SIMBOLI
  2
14
 10
   48828.210
 20
   46551.282
 30
0.0
 50
     132.191
  0
INSERT
  8
SIMBOLI
  2
14
 10
   48800.479
 20
   46547.439
 30
0.0
 50
      47.731
  0
INSERT
  8
SIMBOLI
  2
14
 10
   48879.437
 20
   46541.185
 30
0.0
 50
      59.420
  0
INSERT
  8
SIMBOLI
  2
14
 10
   48845.299
 20
   46543.380
 30
0.0
 50
     239.743
  0
INSERT
  8
SIMBOLI
  2
14
 10
   48868.086
 20
   46418.849
 30
0.0
 50
      61.884
  0
INSERT
  8
SIMBOLI
  2
14
 10
   48865.521
 20
   46408.873
 30
0.0
 50
      66.239
  0
INSERT
  8
SIMBOLI
  2
14
 10
   48844.096
 20
   46349.620
 30
0.0
 50
      15.299
  0
INSERT
  8
SIMBOLI
  2
14
 10
   48872.832
 20
   46415.962
 30
0.0
 50
      60.050
  0
INSERT
  8
SIMBOLI
  2
14
 10
   48870.310
 20
   46406.719
 30
0.0
 50
      67.958
  0
INSERT
  8
SIMBOLI
  2
14
 10
   48881.004
 20
   46404.597
 30
0.0
 50
     158.263
  0
INSERT
  8
SIMBOLI
  2
14
 10
   48900.084
 20
   46399.219
 30
0.0
 50
      58.045
  0
INSERT
  8
SIMBOLI
  2
14
 10
   49042.939
 20
   46083.533
 30
0.0
 50
     143.995
  0
INSERT
  8
SIMBOLI
  2
14
 10
   48999.919
 20
   45865.349
 30
0.0
 50
     153.679
  0
INSERT
  8
SIMBOLI
  2
14
 10
   48994.207
 20
   45857.313
 30
0.0
 50
     173.333
  0
INSERT
  8
SIMBOLI
  2
14
 10
   48982.327
 20
   45865.555
 30
0.0
 50
     154.653
  0
INSERT
  8
SIMBOLI
  2
14
 10
   48956.799
 20
   46359.220
 30
0.0
 50
      59.134
  0
INSERT
  8
SIMBOLI
  2
14
 10
   48951.829
 20
   46351.978
 30
0.0
 50
      57.816
  0
INSERT
  8
SIMBOLI
  2
14
 10
   48879.871
 20
   46346.210
 30
0.0
 50
     164.451
  0
INSERT
  8
SIMBOLI
  2
14
 10
   48870.793
 20
   46349.120
 30
0.0
 50
     167.774
  0
INSERT
  8
SIMBOLI
  2
14
 10
   49174.562
 20
   46242.435
 30
0.0
 50
     249.713
  0
INSERT
  8
SIMBOLI
  2
14
 10
   49076.876
 20
   45921.175
 30
0.0
 50
     249.771
  0
INSERT
  8
SIMBOLI
  2
14
 10
   49067.527
 20
   45917.810
 30
0.0
 50
      68.416
  0
INSERT
  8
SIMBOLI
  2
14
 10
   49070.538
 20
   45903.822
 30
0.0
 50
      69.734
  0
INSERT
  8
SIMBOLI
  2
14
 10
   49100.248
 20
   46007.045
 30
0.0
 50
     159.581
  0
INSERT
  8
SIMBOLI
  2
14
 10
   49079.808
 20
   46030.684
 30
0.0
 50
      69.218
  0
INSERT
  8
SIMBOLI
  2
14
 10
   49087.469
 20
   46027.357
 30
0.0
 50
      66.124
  0
INSERT
  8
SIMBOLI
  2
14
 10
   49089.034
 20
   45999.972
 30
0.0
 50
     146.917
  0
INSERT
  8
SIMBOLI
  2
14
 10
   49115.848
 20
   46011.146
 30
0.0
 50
     248.797
  0
INSERT
  8
SIMBOLI
  2
14
 10
   49112.278
 20
   45993.457
 30
0.0
 50
      68.760
  0
INSERT
  8
SIMBOLI
  2
14
 10
   49099.267
 20
   45938.159
 30
0.0
 50
     150.069
  0
INSERT
  8
SIMBOLI
  2
14
 10
   48934.316
 20
   46374.416
 30
0.0
 50
      57.472
  0
INSERT
  8
SIMBOLI
  2
14
 10
   48925.674
 20
   46380.215
 30
0.0
 50
      57.701
  0
INSERT
  8
SIMBOLI
  2
14
 10
   49163.362
 20
   46373.485
 30
0.0
 50
      59.535
  0
INSERT
  8
SIMBOLI
  2
14
 10
   48866.983
 20
   46364.245
 30
0.0
 50
      78.558
  0
INSERT
  8
SIMBOLI
  2
14
 10
   48866.098
 20
   46373.620
 30
0.0
 50
      85.205
  0
INSERT
  8
SIMBOLI
  2
14
 10
   48834.513
 20
   46372.883
 30
0.0
 50
      89.732
  0
INSERT
  8
SIMBOLI
  2
14
 10
   48827.784
 20
   46364.523
 30
0.0
 50
      97.754
  0
INSERT
  8
SIMBOLI
  2
14
 10
   48880.247
 20
   46360.217
 30
0.0
 50
     169.035
  0
INSERT
  8
SIMBOLI
  2
14
 10
   48809.347
 20
   46342.142
 30
0.0
 50
     -81.251
  0
INSERT
  8
SIMBOLI
  2
14
 10
   48866.703
 20
   46348.487
 30
0.0
 50
      79.647
  0
INSERT
  8
SIMBOLI
  2
14
 10
   48944.443
 20
   46332.351
 30
0.0
 50
     134.712
  0
INSERT
  8
SIMBOLI
  2
14
 10
   48940.599
 20
   46334.641
 30
0.0
 50
     133.452
  0
INSERT
  8
SIMBOLI
  2
14
 10
   48882.127
 20
   46335.902
 30
0.0
 50
      80.220
  0
INSERT
  8
SIMBOLI
  2
14
 10
   48887.123
 20
   46335.081
 30
0.0
 50
      78.444
  0
INSERT
  8
SIMBOLI
  2
14
 10
   49086.700
 20
   46397.633
 30
0.0
 50
      59.993
  0
INSERT
  8
SIMBOLI
  2
14
 10
   49080.135
 20
   46388.400
 30
0.0
 50
      59.306
  0
INSERT
  8
SIMBOLI
  2
14
 10
   48920.868
 20
   46519.944
 30
0.0
 50
     137.692
  0
INSERT
  8
SIMBOLI
  2
14
 10
   48938.409
 20
   46518.461
 30
0.0
 50
      60.165
  0
INSERT
  8
SIMBOLI
  2
14
 10
   49055.999
 20
   46307.082
 30
0.0
 50
     149.438
  0
INSERT
  8
SIMBOLI
  2
14
 10
   49051.594
 20
   46296.482
 30
0.0
 50
     149.037
  0
INSERT
  8
SIMBOLI
  2
14
 10
   49043.756
 20
   46277.489
 30
0.0
 50
     148.808
  0
INSERT
  8
SIMBOLI
  2
14
 10
   49126.388
 20
   46119.697
 30
0.0
 50
      68.817
  0
INSERT
  8
SIMBOLI
  2
14
 10
   49200.183
 20
   46253.668
 30
0.0
 50
      69.734
  0
INSERT
  8
SIMBOLI
  2
14
 10
   49188.334
 20
   46245.815
 30
0.0
 50
     250.344
  0
INSERT
  8
SIMBOLI
  2
14
 10
   49131.381
 20
   46129.196
 30
0.0
 50
      69.047
  0
INSERT
  8
SIMBOLI
  2
14
 10
   49137.946
 20
   46176.774
 30
0.0
 50
     -30.140
  0
INSERT
  8
SIMBOLI
  2
14
 10
   49129.628
 20
   46254.220
 30
0.0
 50
      67.213
  0
INSERT
  8
SIMBOLI
  2
14
 10
   49147.462
 20
   46239.360
 30
0.0
 50
     148.006
  0
INSERT
  8
SIMBOLI
  2
14
 10
   49225.367
 20
   46316.809
 30
0.0
 50
     -39.136
  0
INSERT
  8
SIMBOLI
  2
14
 10
   48990.835
 20
   46328.319
 30
0.0
 50
     238.998
  0
INSERT
  8
SIMBOLI
  2
14
 10
   48800.730
 20
   46320.528
 30
0.0
 50
     198.716
  0
INSERT
  8
SIMBOLI
  2
14
 10
   48985.703
 20
   46318.980
 30
0.0
 50
     -45.725
  0
INSERT
  8
SIMBOLI
  2
14
 10
   48883.026
 20
   46370.278
 30
0.0
 50
     166.342
  0
INSERT
  8
SIMBOLI
  2
14
 10
   48870.927
 20
   46373.642
 30
0.0
 50
     258.595
  0
INSERT
  8
SIMBOLI
  2
14
 10
   49099.583
 20
   46238.408
 30
0.0
 50
     149.267
  0
INSERT
  8
SIMBOLI
  2
14
 10
   49092.391
 20
   46220.837
 30
0.0
 50
     149.610
  0
INSERT
  8
SIMBOLI
  2
14
 10
   49088.355
 20
   46214.218
 30
0.0
 50
     248.224
  0
INSERT
  8
SIMBOLI
  2
14
 10
   49086.887
 20
   46206.668
 30
0.0
 50
     150.470
  0
INSERT
  8
SIMBOLI
  2
14
 10
   49059.503
 20
   46245.770
 30
0.0
 50
     150.413
  0
INSERT
  8
SIMBOLI
  2
14
 10
   49052.399
 20
   46226.949
 30
0.0
 50
     151.559
  0
INSERT
  8
SIMBOLI
  2
14
 10
   49064.972
 20
   46243.715
 30
0.0
 50
     150.699
  0
INSERT
  8
SIMBOLI
  2
14
 10
   49057.918
 20
   46224.928
 30
0.0
 50
     151.272
  0
INSERT
  8
SIMBOLI
  2
14
 10
   49030.356
 20
   46257.308
 30
0.0
 50
     150.756
  0
INSERT
  8
SIMBOLI
  2
14
 10
   49022.869
 20
   46237.696
 30
0.0
 50
     150.413
  0
INSERT
  8
SIMBOLI
  2
14
 10
   48978.599
 20
   46263.227
 30
0.0
 50
     150.756
  0
INSERT
  8
SIMBOLI
  2
14
 10
   48989.212
 20
   46248.229
 30
0.0
 50
     151.043
  0
INSERT
  8
SIMBOLI
  2
14
 10
   48979.978
 20
   46251.450
 30
0.0
 50
     149.668
  0
INSERT
  8
SIMBOLI
  2
14
 10
   49049.365
 20
   46381.563
 30
0.0
 50
     136.489
  0
INSERT
  8
SIMBOLI
  2
14
 10
   49000.802
 20
   46248.806
 30
0.0
 50
     150.413
  0
INSERT
  8
SIMBOLI
  2
14
 10
   48965.050
 20
   46241.478
 30
0.0
 50
     248.396
  0
INSERT
  8
SIMBOLI
  2
14
 10
   48792.256
 20
   46601.339
 30
0.0
 50
     239.342
  0
INSERT
  8
SIMBOLI
  2
14
 10
   48758.988
 20
   46431.074
 30
0.0
 50
     -92.138
  0
INSERT
  8
SIMBOLI
  2
14
 10
   48754.842
 20
   46432.830
 30
0.0
 50
      22.290
  0
INSERT
  8
SIMBOLI
  2
14
 10
   49117.915
 20
   46169.323
 30
0.0
 50
     151.157
  0
INSERT
  8
SIMBOLI
  2
14
 10
   49110.485
 20
   46179.762
 30
0.0
 50
     247.250
  0
INSERT
  8
SIMBOLI
  2
14
 10
   49108.945
 20
   46175.690
 30
0.0
 50
     247.708
  0
INSERT
  8
SIMBOLI
  2
14
 10
   49105.689
 20
   46167.038
 30
0.0
 50
     248.109
  0
INSERT
  8
SIMBOLI
  2
14
 10
   49100.800
 20
   46149.703
 30
0.0
 50
     151.043
  0
INSERT
  8
SIMBOLI
  2
14
 10
   48976.754
 20
   46319.976
 30
0.0
 50
      58.102
  0
INSERT
  8
SIMBOLI
  2
14
 10
   48786.197
 20
   46416.713
 30
0.0
 50
      85.549
  0
INSERT
  8
SIMBOLI
  2
14
 10
   48777.237
 20
   46416.479
 30
0.0
 50
     265.700
  0
INSERT
  8
SIMBOLI
  2
14
 10
   48824.400
 20
   46393.033
 30
0.0
 50
      14.039
  0
INSERT
  8
SIMBOLI
  2
14
 10
   48950.310
 20
   46363.425
 30
0.0
 50
      59.993
  0
INSERT
  8
SIMBOLI
  2
14
 10
   48943.117
 20
   46356.741
 30
0.0
 50
      57.758
  0
INSERT
  8
SIMBOLI
  2
14
 10
   49036.298
 20
   46262.183
 30
0.0
 50
      69.161
  0
INSERT
  8
SIMBOLI
  2
14
 10
   49066.293
 20
   46148.439
 30
0.0
 50
      68.187
  0
INSERT
  8
SIMBOLI
  2
14
 10
   49141.449
 20
   46142.169
 30
0.0
 50
     148.522
  0
INSERT
  8
SIMBOLI
  2
14
 10
   49058.217
 20
   46139.158
 30
0.0
 50
     -29.051
  0
INSERT
  8
SIMBOLI
  2
14
 10
   49057.725
 20
   46132.381
 30
0.0
 50
     145.084
  0
INSERT
  8
SIMBOLI
  2
14
 10
   49090.309
 20
   46141.079
 30
0.0
 50
     149.324
  0
INSERT
  8
SIMBOLI
  2
14
 10
   48826.910
 20
   46543.466
 30
0.0
 50
      60.165
  0
INSERT
  8
SIMBOLI
  2
14
 10
   48815.489
 20
   46550.786
 30
0.0
 50
      57.415
  0
INSERT
  8
SIMBOLI
  2
14
 10
   48803.879
 20
   46535.155
 30
0.0
 50
      44.866
  0
INSERT
  8
SIMBOLI
  2
14
 10
   48820.610
 20
   46547.416
 30
0.0
 50
      60.795
  0
INSERT
  8
SIMBOLI
  2
14
 10
   48870.737
 20
   46529.567
 30
0.0
 50
     128.753
  0
INSERT
  8
SIMBOLI
  2
14
 10
   48860.501
 20
   46539.735
 30
0.0
 50
      57.988
  0
INSERT
  8
SIMBOLI
  2
14
 10
   48908.852
 20
   46549.852
 30
0.0
 50
     236.248
  0
INSERT
  8
SIMBOLI
  2
14
 10
   49022.615
 20
   46211.215
 30
0.0
 50
      69.906
  0
INSERT
  8
SIMBOLI
  2
14
 10
   49014.114
 20
   46201.848
 30
0.0
 50
     151.444
  0
INSERT
  8
SIMBOLI
  2
14
 10
   49008.147
 20
   46186.072
 30
0.0
 50
     151.215
  0
INSERT
  8
SIMBOLI
  2
14
 10
   49122.794
 20
   46221.952
 30
0.0
 50
     148.522
  0
INSERT
  8
SIMBOLI
  2
14
 10
   49094.249
 20
   45919.567
 30
0.0
 50
      69.276
  0
INSERT
  8
SIMBOLI
  2
14
 10
   49100.502
 20
   46256.448
 30
0.0
 50
     149.610
  0
INSERT
  8
SIMBOLI
  2
14
 10
   49101.404
 20
   45911.306
 30
0.0
 50
     148.980
  0
INSERT
  8
SIMBOLI
  2
14
 10
   48902.916
 20
   46540.865
 30
0.0
 50
      59.134
  0
INSERT
  8
SIMBOLI
  2
14
 10
   48833.863
 20
   46533.252
 30
0.0
 50
      59.649
  0
INSERT
  8
SIMBOLI
  2
14
 10
   48851.263
 20
   46518.407
 30
0.0
 50
     123.596
  0
INSERT
  8
SIMBOLI
  2
14
 10
   48819.182
 20
   46518.477
 30
0.0
 50
      64.348
  0
INSERT
  8
SIMBOLI
  2
14
 10
   48884.661
 20
   46510.284
 30
0.0
 50
     135.056
  0
INSERT
  8
SIMBOLI
  2
14
 10
   48880.409
 20
   46513.597
 30
0.0
 50
     135.858
  0
INSERT
  8
SIMBOLI
  2
14
 10
   48861.723
 20
   46509.086
 30
0.0
 50
      14.325
  0
INSERT
  8
SIMBOLI
  2
14
 10
   48853.395
 20
   46507.092
 30
0.0
 50
      11.460
  0
INSERT
  8
SIMBOLI
  2
14
 10
   48848.242
 20
   46489.358
 30
0.0
 50
       6.590
  0
INSERT
  8
SIMBOLI
  2
14
 10
   48842.989
 20
   46493.824
 30
0.0
 50
      93.456
  0
INSERT
  8
SIMBOLI
  2
14
 10
   48840.992
 20
   46488.217
 30
0.0
 50
       5.787
  0
INSERT
  8
SIMBOLI
  2
14
 10
   48864.317
 20
   46491.624
 30
0.0
 50
     134.884
  0
INSERT
  8
SIMBOLI
  2
14
 10
   48849.702
 20
   46478.139
 30
0.0
 50
       5.100
  0
INSERT
  8
SIMBOLI
  2
14
 10
   48943.943
 20
   46228.212
 30
0.0
 50
     250.286
  0
INSERT
  8
SIMBOLI
  2
14
 10
   48792.013
 20
   46387.232
 30
0.0
 50
     172.416
  0
INSERT
  8
SIMBOLI
  2
14
 10
   48809.841
 20
   46387.920
 30
0.0
 50
     194.018
  0
INSERT
  8
SIMBOLI
  2
14
 10
   48807.846
 20
   46396.235
 30
0.0
 50
      12.835
  0
INSERT
  8
SIMBOLI
  2
14
 10
   48795.208
 20
   46389.409
 30
0.0
 50
      15.586
  0
INSERT
  8
SIMBOLI
  2
14
 10
   48798.458
 20
   46376.169
 30
0.0
 50
      12.893
  0
INSERT
  8
SIMBOLI
  2
14
 10
   48949.360
 20
   46326.301
 30
0.0
 50
     151.444
  0
INSERT
  8
SIMBOLI
  2
14
 10
   48941.353
 20
   46311.070
 30
0.0
 50
     150.241
  0
INSERT
  8
SIMBOLI
  2
14
 10
   48854.196
 20
   46463.808
 30
0.0
 50
     138.150
  0
INSERT
  8
SIMBOLI
  2
14
 10
   48833.784
 20
   46447.412
 30
0.0
 50
      61.999
  0
INSERT
  8
SIMBOLI
  2
14
 10
   48850.494
 20
   46450.573
 30
0.0
 50
      59.535
  0
INSERT
  8
SIMBOLI
  2
14
 10
   48847.510
 20
   46455.250
 30
0.0
 50
     239.972
  0
INSERT
  8
SIMBOLI
  2
14
 10
   49014.825
 20
   46305.292
 30
0.0
 50
     137.635
  0
INSERT
  8
SIMBOLI
  2
14
 10
   48770.787
 20
   46432.627
 30
0.0
 50
      88.127
  0
INSERT
  8
SIMBOLI
  2
14
 10
   49130.011
 20
   46198.478
 30
0.0
 50
     149.668
  0
INSERT
  8
SIMBOLI
  2
14
 10
   49129.967
 20
   46227.345
 30
0.0
 50
      68.187
  0
INSERT
  8
SIMBOLI
  2
14
 10
   49129.215
 20
   46225.528
 30
0.0
 50
     246.906
  0
INSERT
  8
SIMBOLI
  2
14
 10
   49120.568
 20
   46200.878
 30
0.0
 50
     149.267
  0
INSERT
  8
SIMBOLI
  2
14
 10
   49019.262
 20
   46325.506
 30
0.0
 50
     248.396
  0
INSERT
  8
SIMBOLI
  2
14
 10
   48962.145
 20
   46274.827
 30
0.0
 50
      71.224
  0
INSERT
  8
SIMBOLI
  2
14
 10
   48955.182
 20
   46256.057
 30
0.0
 50
      69.333
  0
INSERT
  8
SIMBOLI
  2
14
 10
   49094.173
 20
   46240.658
 30
0.0
 50
     148.464
  0
INSERT
  8
SIMBOLI
  2
14
 10
   49081.640
 20
   46208.711
 30
0.0
 50
     150.527
  0
INSERT
  8
SIMBOLI
  2
14
 10
   48789.700
 20
   46448.181
 30
0.0
 50
      91.852
  0
INSERT
  8
SIMBOLI
  2
14
 10
   48780.426
 20
   46434.729
 30
0.0
 50
       9.397
  0
INSERT
  8
SIMBOLI
  2
14
 10
   49117.523
 20
   46283.608
 30
0.0
 50
     150.527
  0
INSERT
  8
SIMBOLI
  2
14
 10
   49105.170
 20
   46252.935
 30
0.0
 50
     148.923
  0
INSERT
  8
SIMBOLI
  2
14
 10
   48799.435
 20
   46447.595
 30
0.0
 50
      91.795
  0
INSERT
  8
SIMBOLI
  2
14
 10
   48798.434
 20
   46434.479
 30
0.0
 50
      86.752
  0
INSERT
  8
SIMBOLI
  2
14
 10
   49053.332
 20
   46199.531
 30
0.0
 50
      69.963
  0
INSERT
  8
SIMBOLI
  2
14
 10
   49041.968
 20
   46183.023
 30
0.0
 50
     151.215
  0
INSERT
  8
SIMBOLI
  2
14
 10
   49038.060
 20
   46172.565
 30
0.0
 50
     151.215
  0
INSERT
  8
SIMBOLI
  2
14
 10
   49157.007
 20
   46073.249
 30
0.0
 50
     151.157
  0
INSERT
  8
SIMBOLI
  2
14
 10
   49152.126
 20
   46077.389
 30
0.0
 50
     -38.678
  0
INSERT
  8
SIMBOLI
  2
14
 10
   49139.895
 20
   46086.520
 30
0.0
 50
      69.562
  0
INSERT
  8
SIMBOLI
  2
14
 10
   48985.642
 20
   46208.561
 30
0.0
 50
     149.725
  0
INSERT
  8
SIMBOLI
  2
14
 10
   49038.787
 20
   46205.018
 30
0.0
 50
     250.172
  0
INSERT
  8
SIMBOLI
  2
14
 10
   49032.777
 20
   46174.656
 30
0.0
 50
     151.559
  0
INSERT
  8
SIMBOLI
  2
14
 10
   49142.798
 20
   46072.397
 30
0.0
 50
      62.113
  0
INSERT
  8
SIMBOLI
  2
14
 10
   48928.975
 20
   46317.549
 30
0.0
 50
     238.311
  0
INSERT
  8
SIMBOLI
  2
14
 10
   48917.940
 20
   46320.208
 30
0.0
 50
     133.910
  0
INSERT
  8
SIMBOLI
  2
14
 10
   49076.112
 20
   46178.856
 30
0.0
 50
     150.814
  0
INSERT
  8
SIMBOLI
  2
14
 10
   49067.633
 20
   46160.841
 30
0.0
 50
     248.797
  0
INSERT
  8
SIMBOLI
  2
14
 10
   49103.877
 20
   46175.306
 30
0.0
 50
     151.157
  0
INSERT
  8
SIMBOLI
  2
14
 10
   49101.667
 20
   46165.282
 30
0.0
 50
     248.854
  0
INSERT
  8
SIMBOLI
  2
14
 10
   49097.235
 20
   46157.937
 30
0.0
 50
     149.897
  0
INSERT
  8
SIMBOLI
  2
14
 10
   48812.143
 20
   46420.267
 30
0.0
 50
      88.357
  0
INSERT
  8
SIMBOLI
  2
14
 10
   48958.338
 20
   46385.689
 30
0.0
 50
     135.686
  0
INSERT
  8
SIMBOLI
  2
14
 10
   48890.181
 20
   46478.942
 30
0.0
 50
     135.171
  0
INSERT
  8
SIMBOLI
  2
14
 10
   48931.552
 20
   46389.697
 30
0.0
 50
      57.014
  0
INSERT
  8
SIMBOLI
  2
14
 10
   48954.808
 20
   46388.215
 30
0.0
 50
     -44.293
  0
INSERT
  8
SIMBOLI
  2
14
 10
   48970.387
 20
   46369.302
 30
0.0
 50
     239.285
  0
INSERT
  8
SIMBOLI
  2
14
 10
   49020.733
 20
   46418.791
 30
0.0
 50
     -44.981
  0
INSERT
  8
SIMBOLI
  2
14
 10
   49046.483
 20
   46448.472
 30
0.0
 50
     234.586
  0
INSERT
  8
SIMBOLI
  2
14
 10
   48875.581
 20
   46455.823
 30
0.0
 50
     -43.262
  0
INSERT
  8
SIMBOLI
  2
14
 10
   48990.580
 20
   46336.886
 30
0.0
 50
      59.936
  0
INSERT
  8
SIMBOLI
  2
14
 10
   49060.627
 20
   46037.228
 30
0.0
 50
     146.688
  0
INSERT
  8
SIMBOLI
  2
14
 10
   49080.574
 20
   45868.773
 30
0.0
 50
     151.845
  0
INSERT
  8
SIMBOLI
  2
14
 10
   49131.094
 20
   46153.556
 30
0.0
 50
     151.272
  0
INSERT
  8
SIMBOLI
  2
14
 10
   49018.638
 20
   45856.085
 30
0.0
 50
      77.756
  0
INSERT
  8
SIMBOLI
  2
14
 10
   48832.895
 20
   46481.648
 30
0.0
 50
      -2.579
  0
INSERT
  8
SIMBOLI
  2
14
 10
   48835.920
 20
   46485.309
 30
0.0
 50
      90.534
  0
INSERT
  8
SIMBOLI
  2
14
 10
   49034.758
 20
   46258.181
 30
0.0
 50
      69.104
  0
INSERT
  8
SIMBOLI
  2
14
 10
   49028.471
 20
   46237.840
 30
0.0
 50
     150.355
  0
INSERT
  8
SIMBOLI
  2
14
 10
   49081.953
 20
   46366.462
 30
0.0
 50
      58.675
  0
INSERT
  8
SIMBOLI
  2
14
 10
   49074.514
 20
   46376.313
 30
0.0
 50
     136.832
  0
INSERT
  8
SIMBOLI
  2
14
 10
   49074.183
 20
   46361.986
 30
0.0
 50
     240.202
  0
INSERT
  8
SIMBOLI
  2
14
 10
   48757.154
 20
   46426.257
 30
0.0
 50
       9.283
  0
INSERT
  8
SIMBOLI
  2
14
 10
   48786.174
 20
   46451.755
 30
0.0
 50
       4.527
  0
INSERT
  8
SIMBOLI
  2
14
 10
   48794.929
 20
   46423.809
 30
0.0
 50
     182.157
  0
INSERT
  8
SIMBOLI
  2
14
 10
   48861.328
 20
   46424.099
 30
0.0
 50
     -17.591
  0
INSERT
  8
SIMBOLI
  2
14
 10
   48856.560
 20
   46426.110
 30
0.0
 50
      58.847
  0
INSERT
  8
SIMBOLI
  2
14
 10
   49148.272
 20
   46371.942
 30
0.0
 50
      58.561
  0
INSERT
  8
SIMBOLI
  2
14
 10
   49151.966
 20
   46353.762
 30
0.0
 50
     -41.657
  0
INSERT
  8
SIMBOLI
  2
14
 10
   49131.726
 20
   46368.206
 30
0.0
 50
     -44.236
  0
INSERT
  8
SIMBOLI
  2
14
 10
   49130.990
 20
   46343.096
 30
0.0
 50
     239.514
  0
INSERT
  8
SIMBOLI
  2
14
 10
   49115.715
 20
   46332.752
 30
0.0
 50
     -39.938
  0
INSERT
  8
SIMBOLI
  2
14
 10
   48836.461
 20
   46592.007
 30
0.0
 50
      59.936
  0
INSERT
  8
SIMBOLI
  2
14
 10
   49070.820
 20
   46433.478
 30
0.0
 50
      54.779
  0
INSERT
  8
SIMBOLI
  2
14
 10
   49024.578
 20
   46439.731
 30
0.0
 50
     -44.579
  0
INSERT
  8
SIMBOLI
  2
14
 10
   48902.353
 20
   46409.758
 30
0.0
 50
      58.102
  0
INSERT
  8
SIMBOLI
  2
14
 10
   48997.945
 20
   46477.319
 30
0.0
 50
      58.160
  0
INSERT
  8
SIMBOLI
  2
14
 10
   48970.709
 20
   46495.353
 30
0.0
 50
      55.466
  0
INSERT
  8
SIMBOLI
  2
14
 10
   48808.023
 20
   46589.515
 30
0.0
 50
     238.196
  0
INSERT
  8
SIMBOLI
  2
14
 10
   48812.484
 20
   46599.615
 30
0.0
 50
      59.019
  0
INSERT
  8
SIMBOLI
  2
14
 10
   48831.761
 20
   46595.072
 30
0.0
 50
      58.962
  0
INSERT
  8
SIMBOLI
  2
14
 10
   48822.819
 20
   46597.035
 30
0.0
 50
     -45.496
  0
INSERT
  8
SIMBOLI
  2
14
 10
   48821.182
 20
   46601.988
 30
0.0
 50
      60.394
  0
INSERT
  8
SIMBOLI
  2
14
 10
   48790.659
 20
   46583.858
 30
0.0
 50
      55.982
  0
INSERT
  8
SIMBOLI
  2
14
 10
   48786.692
 20
   46576.080
 30
0.0
 50
     239.342
  0
INSERT
  8
SIMBOLI
  2
14
 10
   48782.018
 20
   46594.767
 30
0.0
 50
      62.514
  0
INSERT
  8
SIMBOLI
  2
14
 10
   48808.627
 20
   46575.523
 30
0.0
 50
      59.707
  0
INSERT
  8
SIMBOLI
  2
14
 10
   48858.611
 20
   46555.169
 30
0.0
 50
      59.076
  0
INSERT
  8
SIMBOLI
  2
14
 10
   48866.839
 20
   46568.634
 30
0.0
 50
     -44.006
  0
INSERT
  8
SIMBOLI
  2
14
 10
   48972.217
 20
   46216.701
 30
0.0
 50
      69.677
  0
INSERT
  8
SIMBOLI
  2
14
 10
   49009.448
 20
   46216.408
 30
0.0
 50
     248.281
  0
INSERT
  8
SIMBOLI
  2
14
 10
   48983.060
 20
   46349.153
 30
0.0
 50
      58.790
  0
INSERT
  8
SIMBOLI
  2
14
 10
   48802.933
 20
   46306.036
 30
0.0
 50
     103.541
  0
INSERT
  8
SIMBOLI
  2
14
 10
   48839.166
 20
   46429.495
 30
0.0
 50
      88.013
  0
INSERT
  8
SIMBOLI
  2
14
 10
   48837.006
 20
   46419.340
 30
0.0
 50
      89.503
  0
INSERT
  8
SIMBOLI
  2
14
 10
   48989.381
 20
   46347.876
 30
0.0
 50
     238.884
  0
INSERT
  8
SIMBOLI
  2
14
 10
   48995.476
 20
   46343.774
 30
0.0
 50
     238.655
  0
INSERT
  8
SIMBOLI
  2
14
 10
   48999.628
 20
   46349.364
 30
0.0
 50
     238.941
  0
INSERT
  8
SIMBOLI
  2
14
 10
   48921.941
 20
   46529.710
 30
0.0
 50
     135.343
  0
INSERT
  8
SIMBOLI
  2
14
 10
   49038.207
 20
   46069.784
 30
0.0
 50
      55.524
  0
INSERT
  8
SIMBOLI
  2
14
 10
   49062.709
 20
   46067.713
 30
0.0
 50
      44.465
  0
INSERT
  8
SIMBOLI
  2
14
 10
   49076.123
 20
   46287.722
 30
0.0
 50
     149.725
  0
INSERT
  8
SIMBOLI
  2
14
 10
   49080.239
 20
   46298.019
 30
0.0
 50
     -30.656
  0
INSERT
  8
SIMBOLI
  2
14
 10
   49068.582
 20
   46268.678
 30
0.0
 50
     150.642
  0
INSERT
  8
SIMBOLI
  2
14
 10
   49074.274
 20
   46266.405
 30
0.0
 50
     149.496
  0
INSERT
  8
SIMBOLI
  2
14
 10
   49143.855
 20
   46267.277
 30
0.0
 50
     -29.968
  0
INSERT
  8
SIMBOLI
  2
14
 10
   49121.520
 20
   46062.218
 30
0.0
 50
     144.854
  0
INSERT
  8
SIMBOLI
  2
14
 10
   48938.713
 20
   46354.769
 30
0.0
 50
      57.873
  0
INSERT
  8
SIMBOLI
  2
14
 10
   48962.553
 20
   46355.285
 30
0.0
 50
      57.128
  0
INSERT
  8
SIMBOLI
  2
14
 10
   49181.823
 20
   46354.516
 30
0.0
 50
     135.629
  0
INSERT
  8
SIMBOLI
  2
14
 10
   48984.782
 20
   46275.596
 30
0.0
 50
      86.122
  0
INSERT
  8
SIMBOLI
  2
14
 10
   48984.524
 20
   46292.087
 30
0.0
 50
      83.486
  0
INSERT
  8
SIMBOLI
  2
14
 10
   48967.822
 20
   46351.773
 30
0.0
 50
      60.394
  0
INSERT
  8
SIMBOLI
  2
14
 10
   48976.169
 20
   46346.289
 30
0.0
 50
      58.618
  0
INSERT
  8
SIMBOLI
  2
14
 10
   48972.657
 20
   46339.008
 30
0.0
 50
      58.446
  0
INSERT
  8
SIMBOLI
  2
14
 10
   48991.160
 20
   46275.359
 30
0.0
 50
      83.429
  0
INSERT
  8
SIMBOLI
  2
14
 10
   48930.554
 20
   46336.763
 30
0.0
 50
     136.832
  0
INSERT
  8
SIMBOLI
  2
14
 10
   49218.800
 20
   46323.839
 30
0.0
 50
      57.988
  0
INSERT
  8
SIMBOLI
  2
14
 10
   48998.217
 20
   46331.712
 30
0.0
 50
      57.644
  0
INSERT
  8
SIMBOLI
  2
14
 10
   48817.087
 20
   46325.331
 30
0.0
 50
      17.992
  0
INSERT
  8
SIMBOLI
  2
14
 10
   49104.838
 20
   46317.333
 30
0.0
 50
     140.614
  0
INSERT
  8
SIMBOLI
  2
14
 10
   48919.526
 20
   46385.611
 30
0.0
 50
      57.529
  0
INSERT
  8
SIMBOLI
  2
14
 10
   48969.337
 20
   46335.365
 30
0.0
 50
      59.363
  0
INSERT
  8
SIMBOLI
  2
14
 10
   49057.304
 20
   46089.446
 30
0.0
 50
     222.897
  0
INSERT
  8
SIMBOLI
  2
14
 10
   49071.751
 20
   46120.513
 30
0.0
 50
     145.485
  0
INSERT
  8
SIMBOLI
  2
14
 10
   48975.567
 20
   46281.462
 30
0.0
 50
      -1.089
  0
INSERT
  8
SIMBOLI
  2
14
 10
   48977.902
 20
   46292.608
 30
0.0
 50
      82.569
  0
INSERT
  8
SIMBOLI
  2
14
 10
   49099.943
 20
   45898.467
 30
0.0
 50
     150.298
  0
INSERT
  8
SIMBOLI
  2
14
 10
   49092.874
 20
   45880.375
 30
0.0
 50
     149.381
  0
INSERT
  8
SIMBOLI
  2
14
 10
   49072.472
 20
   46187.903
 30
0.0
 50
     150.871
  0
INSERT
  8
SIMBOLI
  2
14
 10
   49065.701
 20
   46169.609
 30
0.0
 50
     151.730
  0
INSERT
  8
SIMBOLI
  2
14
 10
   48892.735
 20
   46551.603
 30
0.0
 50
     136.489
  0
INSERT
  8
SIMBOLI
  2
14
 10
   48885.403
 20
   46351.696
 30
0.0
 50
     155.799
  0
INSERT
  8
SIMBOLI
  2
14
 10
   48829.123
 20
   46405.928
 30
0.0
 50
      88.930
  0
INSERT
  8
SIMBOLI
  2
14
 10
   48826.667
 20
   46414.388
 30
0.0
 50
     -91.680
  0
INSERT
  8
SIMBOLI
  2
14
 10
   48790.290
 20
   46372.641
 30
0.0
 50
      10.887
  0
INSERT
  8
SIMBOLI
  2
14
 10
   49194.334
 20
   46353.207
 30
0.0
 50
      59.248
  0
INSERT
  8
SIMBOLI
  2
14
 10
   49056.127
 20
   46061.526
 30
0.0
 50
     -70.021
  0
INSERT
  8
SIMBOLI
  2
14
 10
   49049.536
 20
   46074.099
 30
0.0
 50
      51.398
  0
INSERT
  8
SIMBOLI
  2
14
 10
   49035.055
 20
   46049.794
 30
0.0
 50
     136.259
  0
INSERT
  8
SIMBOLI
  2
14
 10
   49025.459
 20
   46044.491
 30
0.0
 50
     134.311
  0
INSERT
  8
SIMBOLI
  2
14
 10
   49021.350
 20
   46043.539
 30
0.0
 50
      57.472
  0
INSERT
  8
SIMBOLI
  2
14
 10
   49142.518
 20
   46031.523
 30
0.0
 50
     149.381
  0
INSERT
  8
SIMBOLI
  2
14
 10
   48963.463
 20
   46310.767
 30
0.0
 50
     138.494
  0
INSERT
  8
SIMBOLI
  2
14
 10
   48957.554
 20
   46311.934
 30
0.0
 50
     -42.746
  0
INSERT
  8
SIMBOLI
  2
14
 10
   48860.315
 20
   46330.505
 30
0.0
 50
      -5.902
  0
INSERT
  8
SIMBOLI
  2
14
 10
   49175.654
 20
   46332.168
 30
0.0
 50
     -44.064
  0
INSERT
  8
SIMBOLI
  2
14
 10
   49170.598
 20
   46317.350
 30
0.0
 50
     136.603
  0
INSERT
  8
SIMBOLI
  2
14
 10
   49160.818
 20
   46324.116
 30
0.0
 50
     135.572
  0
INSERT
  8
SIMBOLI
  2
3
 10
   49100.423
 20
   46499.904
 30
0.0
 50
       0.401
  0
INSERT
  8
SIMBOLI
  2
3
 10
   49000.213
 20
   46599.941
 30
0.0
 50
       0.401
  0
INSERT
  8
SIMBOLI
  2
3
 10
   49000.324
 20
   46499.963
 30
0.0
 50
       0.401
  0
INSERT
  8
SIMBOLI
  2
3
 10
   48999.979
 20
   46099.121
 30
0.0
 50
       0.401
  0
INSERT
  8
SIMBOLI
  2
3
 10
   48999.812
 20
   45998.908
 30
0.0
 50
       0.401
  0
INSERT
  8
SIMBOLI
  2
3
 10
   48900.521
 20
   46599.828
 30
0.0
 50
       0.401
  0
INSERT
  8
SIMBOLI
  2
3
 10
   48900.021
 20
   46300.178
 30
0.0
 50
       0.401
  0
INSERT
  8
SIMBOLI
  2
3
 10
   48900.010
 20
   45898.947
 30
0.0
 50
       0.401
  0
INSERT
  8
SIMBOLI
  2
3
 10
   48900.153
 20
   46199.178
 30
0.0
 50
       0.401
  0
INSERT
  8
SIMBOLI
  2
3
 10
   48900.041
 20
   46099.085
 30
0.0
 50
       0.401
  0
INSERT
  8
SIMBOLI
  2
3
 10
   48900.070
 20
   45999.003
 30
0.0
 50
       0.401
  0
INSERT
  8
SIMBOLI
  2
3
 10
   49300.542
 20
   46599.876
 30
0.0
 50
       0.401
  0
INSERT
  8
SIMBOLI
  2
3
 10
   49300.356
 20
   46499.820
 30
0.0
 50
       0.401
  0
INSERT
  8
SIMBOLI
  2
3
 10
   48800.163
 20
   46499.437
 30
0.0
 50
       0.401
  0
INSERT
  8
SIMBOLI
  2
3
 10
   49300.077
 20
   46399.924
 30
0.0
 50
       0.401
  0
INSERT
  8
SIMBOLI
  2
3
 10
   49300.007
 20
   46299.969
 30
0.0
 50
       0.401
  0
INSERT
  8
SIMBOLI
  2
3
 10
   49299.994
 20
   46199.962
 30
0.0
 50
       0.401
  0
INSERT
  8
SIMBOLI
  2
3
 10
   48800.260
 20
   46199.174
 30
0.0
 50
       0.401
  0
INSERT
  8
SIMBOLI
  2
3
 10
   49299.968
 20
   46099.844
 30
0.0
 50
       0.401
  0
INSERT
  8
SIMBOLI
  2
3
 10
   48800.201
 20
   46099.117
 30
0.0
 50
       0.401
  0
INSERT
  8
SIMBOLI
  2
3
 10
   49299.936
 20
   45999.657
 30
0.0
 50
       0.401
  0
INSERT
  8
SIMBOLI
  2
3
 10
   48800.141
 20
   45999.061
 30
0.0
 50
       0.401
  0
INSERT
  8
SIMBOLI
  2
3
 10
   49299.904
 20
   45899.468
 30
0.0
 50
       0.401
  0
INSERT
  8
SIMBOLI
  2
3
 10
   48800.081
 20
   45899.005
 30
0.0
 50
       0.401
  0
INSERT
  8
SIMBOLI
  2
3
 10
   49300.472
 20
   46699.892
 30
0.0
 50
       0.401
  0
INSERT
  8
SIMBOLI
  2
3
 10
   49299.449
 20
   45799.492
 30
0.0
 50
       0.401
  0
INSERT
  8
SIMBOLI
  2
3
 10
   49200.374
 20
   46699.914
 30
0.0
 50
       0.401
  0
INSERT
  8
SIMBOLI
  2
3
 10
   49199.789
 20
   45799.655
 30
0.0
 50
       0.401
  0
INSERT
  8
SIMBOLI
  2
3
 10
   49100.211
 20
   46699.947
 30
0.0
 50
       0.401
  0
INSERT
  8
SIMBOLI
  2
3
 10
   49100.018
 20
   45799.721
 30
0.0
 50
       0.401
  0
INSERT
  8
SIMBOLI
  2
3
 10
   49000.518
 20
   46699.835
 30
0.0
 50
       0.401
  0
INSERT
  8
SIMBOLI
  2
3
 10
   49000.086
 20
   45799.703
 30
0.0
 50
       0.401
  0
INSERT
  8
SIMBOLI
  2
3
 10
   48900.511
 20
   46699.800
 30
0.0
 50
       0.401
  0
INSERT
  8
SIMBOLI
  2
3
 10
   48899.949
 20
   45798.890
 30
0.0
 50
       0.401
  0
INSERT
  8
SIMBOLI
  2
3
 10
   48800.320
 20
   46699.836
 30
0.0
 50
       0.401
  0
INSERT
  8
SIMBOLI
  2
3
 10
   48800.022
 20
   45798.949
 30
0.0
 50
       0.401
  0
INSERT
  8
SIMBOLI
  2
5
 10
   48998.586
 20
   46024.197
 30
0.0
 50
      10.601
  0
INSERT
  8
SIMBOLI
  2
1
 10
   49299.454
 20
   45799.512
 30
0.0
 50
       0.401
  0
INSERT
  8
SIMBOLI
  2
1
 10
   49199.802
 20
   45799.667
 30
0.0
 50
       0.401
  0
INSERT
  8
SIMBOLI
  2
1
 10
   48899.898
 20
   45798.879
 30
0.0
 50
       0.401
  0
INSERT
  8
SIMBOLI
  2
1
 10
   48800.053
 20
   45798.928
 30
0.0
 50
       0.401
  0
INSERT
  8
SIMBOLI
  2
1
 10
   48900.487
 20
   46699.663
 30
0.0
 50
       0.401
  0
INSERT
  8
SIMBOLI
  2
1
 10
   48800.348
 20
   46699.972
 30
0.0
 50
       0.401
  0
INSERT
  8
SIMBOLI
  2
3
 10
   49200.446
 20
   46599.898
 30
0.0
 50
       0.401
  0
INSERT
  8
SIMBOLI
  2
3
 10
   49200.519
 20
   46499.883
 30
0.0
 50
       0.401
  0
INSERT
  8
SIMBOLI
  2
3
 10
   49200.586
 20
   46399.866
 30
0.0
 50
       0.401
  0
INSERT
  8
SIMBOLI
  2
3
 10
   49199.880
 20
   46099.448
 30
0.0
 50
       0.401
  0
INSERT
  8
SIMBOLI
  2
3
 10
   49199.754
 20
   45999.150
 30
0.0
 50
       0.401
  0
INSERT
  8
SIMBOLI
  2
3
 10
   49199.112
 20
   45899.755
 30
0.0
 50
       0.401
  0
INSERT
  8
SIMBOLI
  2
3
 10
   49100.350
 20
   46599.920
 30
0.0
 50
       0.401
  0
TEXT
  8
TESTI
 62
3
 10
   49051.830
 20
   46393.133
 30
0.0
 40
       3.600
  1
CALABRIA
 50
      56.441
  0
TEXT
  8
TESTI
 62
3
 10
   48946.034
 20
   46301.855
 30
0.0
 40
       3.600
  1
CARRUBBARA
 50
     346.608
  0
TEXT
  8
TESTI
 62
3
 10
   48892.540
 20
   46320.746
 30
0.0
 40
       3.600
  1
COMUNALE
 50
     337.440
  0
TEXT
  8
TESTI
 62
3
 10
   49013.777
 20
   46224.227
 30
0.0
 40
       3.600
  1
FONDO
 50
     339.044
  0
TEXT
  8
TESTI
 62
3
 10
   49095.433
 20
   46091.382
 30
0.0
 40
       3.600
  1
PEL
 50
      62.514
  0
TEXT
  8
TESTI
 62
3
 10
   49076.317
 20
   46201.593
 30
0.0
 40
       3.600
  1
PUGLIATTI
 50
     339.044
  0
TEXT
  8
TESTI
 62
3
 10
   49078.473
 20
   46334.782
 30
0.0
 40
       3.600
  1
VIA
 50
      56.441
  0
TEXT
  8
TESTI
 62
3
 10
   48996.836
 20
   45824.349
 30
0.0
 40
       1.800
  1
FOGLIO 123
 50
     351.650
  0
TEXT
  8
TESTI
 62
3
 10
   48820.683
 20
   46207.864
 30
0.0
 40
       1.800
  1
FOGLIO 123
 50
     294.923
  0
TEXT
  8
TESTI
 62
3
 10
   49069.557
 20
   46545.043
 30
0.0
 40
       1.800
  1
FOGLIO 230
 50
     325.521
  0
TEXT
  8
TESTI
 62
3
 10
   49285.475
 20
   46396.509
 30
0.0
 40
       1.800
  1
FOGLIO 231
 50
     325.292
  0
TEXT
  8
TESTI
 62
3
 10
   49268.442
 20
   46094.952
 30
0.0
 40
       1.800
  1
FOGLIO 233
 50
      68.645
  0
TEXT
  8
TESTI
 62
3
 10
   49169.771
 20
   45839.617
 30
0.0
 40
       1.800
  1
FOGLIO 235
 50
      69.390
  0
TEXT
  8
TESTI
 62
3
 10
   48856.918
 20
   45821.666
 30
0.0
 40
       1.800
  1
FOGLIO N: 124
 50
       0.000
  0
TEXT
  8
TESTI
 62
3
 10
   49217.692
 20
   46680.735
 30
0.0
 40
       1.800
  1
MONTE ETNA
 50
       0.000
  0
TEXT
  8
TESTI
 62
3
 10
   49214.681
 20
   46689.000
 30
0.0
 40
       1.800
  1
ORIGINE DELLE COORDINATE
 50
       0.000
  0
TEXT
  8
TESTI
 62
3
 10
   48922.030
 20
   46429.171
 30
0.0
 40
       1.800
  1
OSPEDALE
 50
     325.865
  0
TEXT
  8
TESTI
 62
3
 10
   48776.033
 20
   46606.997
 30
0.0
 40
       1.800
  1
PETRAZZA
 50
      57.758
  0
TEXT
  8
TESTI
 62
3
 10
   49219.925
 20
   46139.625
 30
0.0
 40
       1.800
  1
PIAZZA
 50
      67.901
  0
TEXT
  8
TESTI
 62
3
 10
   48955.571
 20
   46407.703
 30
0.0
 40
       1.800
  1
PIEMONTE
 50
     325.865
  0
TEXT
  8
TESTI
 62
3
 10
   49175.453
 20
   46273.586
 30
0.0
 40
       1.800
  1
PIEMONTE
 50
     339.101
  0
TEXT
  8
TESTI
 62
3
 10
   48847.267
 20
   45847.479
 30
0.0
 40
       1.800
  1
PROVINCIA DI MESSINA
 50
       0.000
  0
TEXT
  8
TESTI
 62
3
 10
   49217.942
 20
   46674.315
 30
0.0
 40
       1.800
  1
PUNTA LUCIA 1.262
 50
       0.000
  0
TEXT
  8
TESTI
 62
3
 10
   49220.613
 20
   46131.992
 30
0.0
 40
       1.800
  1
S. CLEMENTE
 50
      67.901
  0
TEXT
  8
TESTI
 62
3
 10
   49212.155
 20
   45796.933
 30
0.0
 40
       1.800
  1
SCALA DI 1:1000
 50
       0.000
  0
TEXT
  8
TESTI
 62
3
 10
   48749.776
 20
   46588.064
 30
0.0
 40
       1.800
  1
STRADA
 50
       5.902
  0
TEXT
  8
TESTI
 62
3
 10
   49048.663
 20
   45986.704
 30
0.0
 40
       1.800
  1
TORRENTE
 50
     339.159
  0
TEXT
  8
TESTI
 62
3
 10
   48828.567
 20
   46626.803
 30
0.0
 40
       1.800
  1
TORRENTE
 50
     326.209
  0
TEXT
  8
TESTI
 62
3
 10
   49165.962
 20
   46386.743
 30
0.0
 40
       1.800
  1
EUROPA
 50
     326.954
  0
TEXT
  8
TESTI
 62
3
 10
   48745.311
 20
   46368.690
 30
0.0
 40
       1.800
  1
FOGLIO 119
 50
     283.406
  0
TEXT
  8
TESTI
 62
3
 10
   48730.451
 20
   46607.624
 30
0.0
 40
       1.800
  1
FOGLIO 119
 50
      61.483
  0
TEXT
  8
TESTI
 62
3
 10
   48896.313
 20
   46495.923
 30
0.0
 40
       1.800
  1
CARRUBBARA
 50
      57.357
  0
TEXT
  8
TESTI
 62
3
 10
   49242.877
 20
   46221.088
 30
0.0
 40
       1.800
  1
CATANIA
 50
      66.926
  0
TEXT
  8
TESTI
 62
3
 10
   48767.838
 20
   46593.776
 30
0.0
 40
       1.800
  1
COM.
 50
      57.472
  0
TEXT
  8
TESTI
 62
3
 10
   48825.155
 20
   45832.880
 30
0.0
 40
       1.800
  1
COMUNE DI MESSINA
 50
       0.000
  0
TEXT
  8
TESTI
 62
3
 10
   49131.827
 20
   45942.001
 30
0.0
 40
       1.800
  1
VIA
 50
      67.901
  0
TEXT
  8
TESTI
 62
3
 10
   48862.064
 20
   46445.938
 30
0.0
 40
       1.800
  1
VIA
 50
      50.768
  0
TEXT
  8
TESTI
 62
3
 10
   49030.600
 20
   46474.219
 30
0.0
 40
       1.800
  1
VIALE
 50
     326.954
  0
TEXT
  8
TESTI
 62
3
 10
   48860.784
 20
   46582.168
 30
0.0
 40
       1.800
  1
VIALE
 50
     324.375
  0
TEXT
  8
TESTI
 62
3
 10
   48798.070
 20
   46675.835
 30
0.0
 40
       1.800
  1
X = +46700
 50
      90.419
  0
TEXT
  8
TESTI
 62
3
 10
   49304.343
 20
   45802.809
 30
0.0
 40
       1.800
  1
X = +45800
 50
      90.419
  0
TEXT
  8
TESTI
 62
3
 10
   48968.782
 20
   45928.846
 30
0.0
 40
       1.800
  1
FOGLIO 123
 50
      67.786
  0
TEXT
  8
TESTI
 62
3
 10
   48797.775
 20
   45802.452
 30
0.0
 40
       1.800
  1
X = +45800
 50
      90.419
  0
TEXT
  8
TESTI
 62
3
 10
   49305.243
 20
   46675.887
 30
0.0
 40
       1.800
  1
X = +46700
 50
      90.419
  0
TEXT
  8
TESTI
 62
3
 10
   48803.820
 20
   46702.086
 30
0.0
 40
       1.800
  1
Y = +48800
 50
       0.000
  0
TEXT
  8
TESTI
 62
3
 10
   48803.516
 20
   45794.195
 30
0.0
 40
       1.800
  1
Y = +48800
 50
       0.000
  0
TEXT
  8
TESTI
 62
3
 10
   49276.446
 20
   46702.147
 30
0.0
 40
       1.800
  1
Y = +49300
 50
       0.000
  0
TEXT
  8
TESTI
 62
3
 10
   49016.414
 20
   46339.411
 30
0.0
 40
       3.600
  1
VIA
 50
      56.441
  0
TEXT
  8
TESTI
 62
3
 10
   49275.164
 20
   45795.089
 30
0.0
 40
       1.800
  1
Y = +49300
 50
       0.000
  0
TEXT
  8
TESTI
 62
3
 10
   48886.555
 20
   46587.837
 30
0.0
 40
       1.800
  1
ZAERA
 50
     325.636
  0
TEXT
  8
TESTI
 62
3
 10
   49019.568
 20
   46061.432
 30
0.0
 40
       1.800
  1
188
 50
       0.000
  0
TEXT
  8
TESTI
 62
3
 10
   49009.759
 20
   45797.457
 30
0.0
 40
       1.800
  1
AGGIORNATA AL MARZO 2001
 50
       0.000
  0
TEXT
  8
TESTI
 62
3
 10
   49083.019
 20
   45973.986
 30
0.0
 40
       1.800
  1
BAGLIO
 50
     339.159
  0
ENDSEC
  0
EOF
